source_repository,source_package,relationship,target_package,constraint
msys,apr,build-depends-on,libuuid-devel,
msys,apr-devel,build-depends-on,libuuid-devel,
msys,autogen,build-depends-on,autoconf,
msys,automake1.11,build-depends-on,autoconf,
msys,automake1.12,build-depends-on,autoconf,
msys,automake1.13,build-depends-on,autoconf,
msys,automake1.14,build-depends-on,autoconf,
msys,automake1.15,build-depends-on,autoconf,
msys,automake1.16,build-depends-on,autoconf,
msys,automake1.17,build-depends-on,autoconf,
msys,automake1.18,build-depends-on,autoconf,
msys,ca-certificates,build-depends-on,python3,
msys,crosstool-ng,build-depends-on,autoconf,
msys,efitools,build-depends-on,libuuid-devel,
msys,gtest,build-depends-on,sh,
msys,heimdal,build-depends-on,perl-JSON,
msys,heimdal-devel,build-depends-on,perl-JSON,
msys,heimdal-libs,build-depends-on,perl-JSON,
clangarm64,mingw-w64-clang-aarch64-3proxy,build-depends-on,mingw-w64-clang-aarch64-cc,
clangarm64,mingw-w64-clang-aarch64-4th,build-depends-on,mingw-w64-clang-aarch64-cc,
clangarm64,mingw-w64-clang-aarch64-4ti2,build-depends-on,mingw-w64-clang-aarch64-cc,
clangarm64,mingw-w64-clang-aarch64-64tass,build-depends-on,mingw-w64-clang-aarch64-cc,
clangarm64,mingw-w64-clang-aarch64-7zip,build-depends-on,mingw-w64-clang-aarch64-cc,
clangarm64,mingw-w64-clang-aarch64-86box,build-depends-on,mingw-w64-clang-aarch64-cc,
clangarm64,mingw-w64-clang-aarch64-FAudio,build-depends-on,mingw-w64-clang-aarch64-cc,
clangarm64,mingw-w64-clang-aarch64-FAudio,build-depends-on,mingw-w64-clang-aarch64-cmake,
clangarm64,mingw-w64-clang-aarch64-FAudio,build-depends-on,mingw-w64-clang-aarch64-ninja,
clangarm64,mingw-w64-clang-aarch64-OpenSceneGraph,build-depends-on,mingw-w64-clang-aarch64-cc,
clangarm64,mingw-w64-clang-aarch64-OpenSceneGraph,build-depends-on,mingw-w64-clang-aarch64-cmake,
clangarm64,mingw-w64-clang-aarch64-OpenSceneGraph,build-depends-on,mingw-w64-clang-aarch64-cyrus-sasl,
clangarm64,mingw-w64-clang-aarch64-OpenSceneGraph,build-depends-on,mingw-w64-clang-aarch64-ninja,
clangarm64,mingw-w64-clang-aarch64-OpenSceneGraph,build-depends-on,mingw-w64-clang-aarch64-wxwidgets3.2-msw,
clangarm64,mingw-w64-clang-aarch64-SDL,build-depends-on,git,
clangarm64,mingw-w64-clang-aarch64-SDL,build-depends-on,mingw-w64-clang-aarch64-autotools,
clangarm64,mingw-w64-clang-aarch64-SDL,build-depends-on,mingw-w64-clang-aarch64-cc,
clangarm64,mingw-w64-clang-aarch64-SDL2,build-depends-on,mingw-w64-clang-aarch64-cc,
clangarm64,mingw-w64-clang-aarch64-SDL2,build-depends-on,mingw-w64-clang-aarch64-cmake,
clangarm64,mingw-w64-clang-aarch64-SDL2,build-depends-on,mingw-w64-clang-aarch64-ninja,
clangarm64,mingw-w64-clang-aarch64-SDL2,build-depends-on,mingw-w64-clang-aarch64-pkgconf,
clangarm64,mingw-w64-clang-aarch64-SDL2_gfx,build-depends-on,mingw-w64-clang-aarch64-autotools,
clangarm64,mingw-w64-clang-aarch64-SDL2_gfx,build-depends-on,mingw-w64-clang-aarch64-cc,
clangarm64,mingw-w64-clang-aarch64-SDL2_image,build-depends-on,mingw-w64-clang-aarch64-autotools,
clangarm64,mingw-w64-clang-aarch64-SDL2_image,build-depends-on,mingw-w64-clang-aarch64-cc,
clangarm64,mingw-w64-clang-aarch64-SDL2_mixer,build-depends-on,mingw-w64-clang-aarch64-autotools,
clangarm64,mingw-w64-clang-aarch64-SDL2_mixer,build-depends-on,mingw-w64-clang-aarch64-cc,
clangarm64,mingw-w64-clang-aarch64-SDL2_net,build-depends-on,mingw-w64-clang-aarch64-autotools,
clangarm64,mingw-w64-clang-aarch64-SDL2_net,build-depends-on,mingw-w64-clang-aarch64-cc,
clangarm64,mingw-w64-clang-aarch64-SDL2_pango,build-depends-on,mingw-w64-clang-aarch64-autotools,
clangarm64,mingw-w64-clang-aarch64-SDL2_pango,build-depends-on,mingw-w64-clang-aarch64-cc,
clangarm64,mingw-w64-clang-aarch64-SDL2_pango,build-depends-on,mingw-w64-clang-aarch64-gettext-tools,
clangarm64,mingw-w64-clang-aarch64-SDL2_pango,build-depends-on,mingw-w64-clang-aarch64-pkgconf,
clangarm64,mingw-w64-clang-aarch64-SDL2_sound,build-depends-on,mingw-w64-clang-aarch64-cc,
clangarm64,mingw-w64-clang-aarch64-SDL2_sound,build-depends-on,mingw-w64-clang-aarch64-cmake,
clangarm64,mingw-w64-clang-aarch64-SDL2_sound,build-depends-on,mingw-w64-clang-aarch64-ninja,
clangarm64,mingw-w64-clang-aarch64-SDL2_ttf,build-depends-on,mingw-w64-clang-aarch64-autotools,
clangarm64,mingw-w64-clang-aarch64-SDL2_ttf,build-depends-on,mingw-w64-clang-aarch64-cc,
clangarm64,mingw-w64-clang-aarch64-SDL2_ttf,build-depends-on,mingw-w64-clang-aarch64-cmake,
clangarm64,mingw-w64-clang-aarch64-SDL_gfx,build-depends-on,mingw-w64-clang-aarch64-autotools,
clangarm64,mingw-w64-clang-aarch64-SDL_gfx,build-depends-on,mingw-w64-clang-aarch64-cc,
clangarm64,mingw-w64-clang-aarch64-SDL_image,build-depends-on,mingw-w64-clang-aarch64-autotools,
clangarm64,mingw-w64-clang-aarch64-SDL_image,build-depends-on,mingw-w64-clang-aarch64-cc,
clangarm64,mingw-w64-clang-aarch64-SDL_mixer,build-depends-on,mingw-w64-clang-aarch64-autotools,
clangarm64,mingw-w64-clang-aarch64-SDL_mixer,build-depends-on,mingw-w64-clang-aarch64-cc,
clangarm64,mingw-w64-clang-aarch64-SDL_mixer,build-depends-on,mingw-w64-clang-aarch64-fluidsynth,
clangarm64,mingw-w64-clang-aarch64-SDL_mixer,build-depends-on,mingw-w64-clang-aarch64-openal,
clangarm64,mingw-w64-clang-aarch64-SDL_mixer,build-depends-on,mingw-w64-clang-aarch64-smpeg,
clangarm64,mingw-w64-clang-aarch64-SDL_net,build-depends-on,mingw-w64-clang-aarch64-autotools,
clangarm64,mingw-w64-clang-aarch64-SDL_net,build-depends-on,mingw-w64-clang-aarch64-cc,
clangarm64,mingw-w64-clang-aarch64-SDL_ttf,build-depends-on,mingw-w64-clang-aarch64-autotools,
clangarm64,mingw-w64-clang-aarch64-SDL_ttf,build-depends-on,mingw-w64-clang-aarch64-cc,
clangarm64,mingw-w64-clang-aarch64-a52dec,build-depends-on,mingw-w64-clang-aarch64-cc,
clangarm64,mingw-w64-clang-aarch64-aalib,build-depends-on,mingw-w64-clang-aarch64-cc,
clangarm64,mingw-w64-clang-aarch64-aas-sign,build-depends-on,mingw-w64-clang-aarch64-cc,
clangarm64,mingw-w64-clang-aarch64-abiword,build-depends-on,mingw-w64-clang-aarch64-cc,
clangarm64,mingw-w64-clang-aarch64-abseil-cpp,build-depends-on,mingw-w64-clang-aarch64-cc,
clangarm64,mingw-w64-clang-aarch64-accesskit-c,build-depends-on,mingw-w64-clang-aarch64-cc,
clangarm64,mingw-w64-clang-aarch64-ada-url,build-depends-on,mingw-w64-clang-aarch64-cc,
clangarm64,mingw-w64-clang-aarch64-adios2,build-depends-on,mingw-w64-clang-aarch64-cc,
clangarm64,mingw-w64-clang-aarch64-adios2,build-depends-on,mingw-w64-clang-aarch64-fc,
clangarm64,mingw-w64-clang-aarch64-adol-c,build-depends-on,mingw-w64-clang-aarch64-cc,
clangarm64,mingw-w64-clang-aarch64-advancecomp,build-depends-on,mingw-w64-clang-aarch64-cc,
clangarm64,mingw-w64-clang-aarch64-aegisub,build-depends-on,mingw-w64-clang-aarch64-cc,
clangarm64,mingw-w64-clang-aarch64-ag,build-depends-on,mingw-w64-clang-aarch64-cc,
clangarm64,mingw-w64-clang-aarch64-age-plugin-yubikey,build-depends-on,mingw-w64-clang-aarch64-cc,
clangarm64,mingw-w64-clang-aarch64-akira,build-depends-on,mingw-w64-clang-aarch64-cc,
clangarm64,mingw-w64-clang-aarch64-akira,build-depends-on,mingw-w64-clang-aarch64-pkg-config,
clangarm64,mingw-w64-clang-aarch64-alembic,build-depends-on,mingw-w64-clang-aarch64-cc,
clangarm64,mingw-w64-clang-aarch64-allegro,build-depends-on,mingw-w64-clang-aarch64-cc,
clangarm64,mingw-w64-clang-aarch64-amgcl,build-depends-on,mingw-w64-clang-aarch64-cc,
clangarm64,mingw-w64-clang-aarch64-amqp-cpp,build-depends-on,mingw-w64-clang-aarch64-cc,
clangarm64,mingw-w64-clang-aarch64-anari-sdk,build-depends-on,mingw-w64-clang-aarch64-cc,
clangarm64,mingw-w64-clang-aarch64-android-tools,build-depends-on,mingw-w64-clang-aarch64-cc,
clangarm64,mingw-w64-clang-aarch64-angleproject,build-depends-on,mingw-w64-clang-aarch64-cc,
clangarm64,mingw-w64-clang-aarch64-ansifilter,build-depends-on,mingw-w64-clang-aarch64-cc,
clangarm64,mingw-w64-clang-aarch64-antiword,build-depends-on,mingw-w64-clang-aarch64-cc,
clangarm64,mingw-w64-clang-aarch64-antlr3,build-depends-on,mingw-w64-clang-aarch64-cc,
clangarm64,mingw-w64-clang-aarch64-antlr4-runtime-cpp,build-depends-on,mingw-w64-clang-aarch64-cc,
clangarm64,mingw-w64-clang-aarch64-aom,build-depends-on,mingw-w64-clang-aarch64-cc,
clangarm64,mingw-w64-clang-aarch64-appstream,build-depends-on,mingw-w64-clang-aarch64-cc,
clangarm64,mingw-w64-clang-aarch64-appstream-glib,build-depends-on,mingw-w64-clang-aarch64-cc,
clangarm64,mingw-w64-clang-aarch64-apr,build-depends-on,mingw-w64-clang-aarch64-cc,
clangarm64,mingw-w64-clang-aarch64-apr-util,build-depends-on,mingw-w64-clang-aarch64-cc,
clangarm64,mingw-w64-clang-aarch64-aravis,build-depends-on,mingw-w64-clang-aarch64-cc,
clangarm64,mingw-w64-clang-aarch64-aravis-gst,build-depends-on,mingw-w64-clang-aarch64-cc,
clangarm64,mingw-w64-clang-aarch64-argon2,build-depends-on,mingw-w64-clang-aarch64-cc,
clangarm64,mingw-w64-clang-aarch64-args,build-depends-on,mingw-w64-clang-aarch64-cc,
clangarm64,mingw-w64-clang-aarch64-argtable,build-depends-on,mingw-w64-clang-aarch64-cc,
clangarm64,mingw-w64-clang-aarch64-aria2,build-depends-on,mingw-w64-clang-aarch64-cc,
clangarm64,mingw-w64-clang-aarch64-aribb24,build-depends-on,mingw-w64-clang-aarch64-cc,
clangarm64,mingw-w64-clang-aarch64-ark,build-depends-on,mingw-w64-clang-aarch64-cc,
clangarm64,mingw-w64-clang-aarch64-arm-none-eabi-binutils,build-depends-on,mingw-w64-clang-aarch64-cc,
clangarm64,mingw-w64-clang-aarch64-armadillo,build-depends-on,mingw-w64-clang-aarch64-cc,
clangarm64,mingw-w64-clang-aarch64-arpack,build-depends-on,mingw-w64-clang-aarch64-fc,
clangarm64,mingw-w64-clang-aarch64-arpack64,build-depends-on,mingw-w64-clang-aarch64-fc,
clangarm64,mingw-w64-clang-aarch64-arrow,build-depends-on,mingw-w64-clang-aarch64-cc,
clangarm64,mingw-w64-clang-aarch64-arrow-adbc,build-depends-on,mingw-w64-clang-aarch64-cc,
clangarm64,mingw-w64-clang-aarch64-arrow-adbc-driver-bigquery,build-depends-on,mingw-w64-clang-aarch64-cc,
clangarm64,mingw-w64-clang-aarch64-arrow-adbc-driver-flightsql,build-depends-on,mingw-w64-clang-aarch64-cc,
clangarm64,mingw-w64-clang-aarch64-arrow-adbc-driver-postgresql,build-depends-on,mingw-w64-clang-aarch64-cc,
clangarm64,mingw-w64-clang-aarch64-arrow-adbc-driver-snowflake,build-depends-on,mingw-w64-clang-aarch64-cc,
clangarm64,mingw-w64-clang-aarch64-arrow-adbc-driver-sqlite,build-depends-on,mingw-w64-clang-aarch64-cc,
clangarm64,mingw-w64-clang-aarch64-arrow-adbc-glib,build-depends-on,mingw-w64-clang-aarch64-cc,
clangarm64,mingw-w64-clang-aarch64-asciidoc,build-depends-on,mingw-w64-clang-aarch64-cc,
clangarm64,mingw-w64-clang-aarch64-asciidoctor,build-depends-on,mingw-w64-clang-aarch64-cc,
clangarm64,mingw-w64-clang-aarch64-asio,build-depends-on,mingw-w64-clang-aarch64-cc,
clangarm64,mingw-w64-clang-aarch64-asmjit,build-depends-on,mingw-w64-clang-aarch64-cc,
clangarm64,mingw-w64-clang-aarch64-aspell,build-depends-on,mingw-w64-clang-aarch64-cc,
clangarm64,mingw-w64-clang-aarch64-assimp,build-depends-on,mingw-w64-clang-aarch64-cc,
clangarm64,mingw-w64-clang-aarch64-astyle,build-depends-on,mingw-w64-clang-aarch64-cc,
clangarm64,mingw-w64-clang-aarch64-atk,build-depends-on,mingw-w64-clang-aarch64-cc,
clangarm64,mingw-w64-clang-aarch64-atkmm,build-depends-on,mingw-w64-clang-aarch64-cc,
clangarm64,mingw-w64-clang-aarch64-atkmm-2.36,build-depends-on,mingw-w64-clang-aarch64-cc,
clangarm64,mingw-w64-clang-aarch64-attica,build-depends-on,mingw-w64-clang-aarch64-cc,
clangarm64,mingw-w64-clang-aarch64-aubio,build-depends-on,mingw-w64-clang-aarch64-cc,
clangarm64,mingw-w64-clang-aarch64-audaspace,build-depends-on,mingw-w64-clang-aarch64-cc,
clangarm64,mingw-w64-clang-aarch64-avogadroapp,build-depends-on,mingw-w64-clang-aarch64-cc,
clangarm64,mingw-w64-clang-aarch64-avogadrolibs,build-depends-on,mingw-w64-clang-aarch64-cc,
clangarm64,mingw-w64-clang-aarch64-avogadrolibs-qt,build-depends-on,mingw-w64-clang-aarch64-cc,
clangarm64,mingw-w64-clang-aarch64-avr-binutils,build-depends-on,mingw-w64-clang-aarch64-cc,
clangarm64,mingw-w64-clang-aarch64-avrdude,build-depends-on,mingw-w64-clang-aarch64-cc,
clangarm64,mingw-w64-clang-aarch64-awf-gtk3,build-depends-on,mingw-w64-clang-aarch64-cc,
clangarm64,mingw-w64-clang-aarch64-awf-gtk4,build-depends-on,mingw-w64-clang-aarch64-cc,
clangarm64,mingw-w64-clang-aarch64-awf-qt5,build-depends-on,mingw-w64-clang-aarch64-cc,
clangarm64,mingw-w64-clang-aarch64-awf-qt6,build-depends-on,mingw-w64-clang-aarch64-cc,
clangarm64,mingw-w64-clang-aarch64-aws-c-auth,build-depends-on,mingw-w64-clang-aarch64-cc,
clangarm64,mingw-w64-clang-aarch64-aws-c-cal,build-depends-on,mingw-w64-clang-aarch64-cc,
clangarm64,mingw-w64-clang-aarch64-aws-c-common,build-depends-on,mingw-w64-clang-aarch64-cc,
clangarm64,mingw-w64-clang-aarch64-aws-c-compression,build-depends-on,mingw-w64-clang-aarch64-cc,
clangarm64,mingw-w64-clang-aarch64-aws-c-event-stream,build-depends-on,mingw-w64-clang-aarch64-cc,
clangarm64,mingw-w64-clang-aarch64-aws-c-http,build-depends-on,mingw-w64-clang-aarch64-cc,
clangarm64,mingw-w64-clang-aarch64-aws-c-io,build-depends-on,mingw-w64-clang-aarch64-cc,
clangarm64,mingw-w64-clang-aarch64-aws-c-mqtt,build-depends-on,mingw-w64-clang-aarch64-cc,
clangarm64,mingw-w64-clang-aarch64-aws-c-s3,build-depends-on,mingw-w64-clang-aarch64-cc,
clangarm64,mingw-w64-clang-aarch64-aws-c-sdkutils,build-depends-on,mingw-w64-clang-aarch64-cc,
clangarm64,mingw-w64-clang-aarch64-aws-checksums,build-depends-on,mingw-w64-clang-aarch64-cc,
clangarm64,mingw-w64-clang-aarch64-aws-crt-cpp,build-depends-on,mingw-w64-clang-aarch64-cc,
clangarm64,mingw-w64-clang-aarch64-aws-sdk-cpp,build-depends-on,mingw-w64-clang-aarch64-cc,
clangarm64,mingw-w64-clang-aarch64-aztecgen,build-depends-on,mingw-w64-clang-aarch64-cc,
clangarm64,mingw-w64-clang-aarch64-b3sum,build-depends-on,mingw-w64-clang-aarch64-cc,
clangarm64,mingw-w64-clang-aarch64-babl,build-depends-on,mingw-w64-clang-aarch64-cc,
clangarm64,mingw-w64-clang-aarch64-badvpn,build-depends-on,mingw-w64-clang-aarch64-cc,
clangarm64,mingw-w64-clang-aarch64-baobab,build-depends-on,mingw-w64-clang-aarch64-cc,
clangarm64,mingw-w64-clang-aarch64-bc,build-depends-on,mingw-w64-clang-aarch64-cc,
clangarm64,mingw-w64-clang-aarch64-bcftools,build-depends-on,mingw-w64-clang-aarch64-cc,
clangarm64,mingw-w64-clang-aarch64-bcg729,build-depends-on,mingw-w64-clang-aarch64-cc,
clangarm64,mingw-w64-clang-aarch64-bcunit,build-depends-on,mingw-w64-clang-aarch64-cc,
clangarm64,mingw-w64-clang-aarch64-benchmark,build-depends-on,mingw-w64-clang-aarch64-cc,
clangarm64,mingw-w64-clang-aarch64-bin2header,build-depends-on,mingw-w64-clang-aarch64-cc,
clangarm64,mingw-w64-clang-aarch64-binaryen,build-depends-on,mingw-w64-clang-aarch64-cc,
clangarm64,mingw-w64-clang-aarch64-bitwise,build-depends-on,mingw-w64-clang-aarch64-binutils,
clangarm64,mingw-w64-clang-aarch64-bitwise,build-depends-on,mingw-w64-clang-aarch64-cc,
clangarm64,mingw-w64-clang-aarch64-blas,build-depends-on,mingw-w64-clang-aarch64-cc,
clangarm64,mingw-w64-clang-aarch64-blas,build-depends-on,mingw-w64-clang-aarch64-fc,
clangarm64,mingw-w64-clang-aarch64-blas64,build-depends-on,mingw-w64-clang-aarch64-cc,
clangarm64,mingw-w64-clang-aarch64-blas64,build-depends-on,mingw-w64-clang-aarch64-fc,
clangarm64,mingw-w64-clang-aarch64-blender,build-depends-on,mingw-w64-clang-aarch64-cc,
clangarm64,mingw-w64-clang-aarch64-blis,build-depends-on,mingw-w64-clang-aarch64-cc,
clangarm64,mingw-w64-clang-aarch64-blis,build-depends-on,mingw-w64-clang-aarch64-fc,
clangarm64,mingw-w64-clang-aarch64-bliss,build-depends-on,mingw-w64-clang-aarch64-cc,
clangarm64,mingw-w64-clang-aarch64-blosc,build-depends-on,mingw-w64-clang-aarch64-cc,
clangarm64,mingw-w64-clang-aarch64-blosc2,build-depends-on,mingw-w64-clang-aarch64-cc,
clangarm64,mingw-w64-clang-aarch64-boost,build-depends-on,mingw-w64-clang-aarch64-cc,
clangarm64,mingw-w64-clang-aarch64-boost-libs,build-depends-on,mingw-w64-clang-aarch64-cc,
clangarm64,mingw-w64-clang-aarch64-bootloadhid,build-depends-on,mingw-w64-clang-aarch64-cc,
clangarm64,mingw-w64-clang-aarch64-box2d,build-depends-on,mingw-w64-clang-aarch64-cc,
clangarm64,mingw-w64-clang-aarch64-bpmdetect,build-depends-on,mingw-w64-clang-aarch64-cc,
clangarm64,mingw-w64-clang-aarch64-breakpad,build-depends-on,mingw-w64-clang-aarch64-cc,
clangarm64,mingw-w64-clang-aarch64-breeze,build-depends-on,mingw-w64-clang-aarch64-cc,
clangarm64,mingw-w64-clang-aarch64-breeze-icons,build-depends-on,mingw-w64-clang-aarch64-cc,
clangarm64,mingw-w64-clang-aarch64-brotli,build-depends-on,mingw-w64-clang-aarch64-cc,
clangarm64,mingw-w64-clang-aarch64-brotli-testdata,build-depends-on,mingw-w64-clang-aarch64-cc,
clangarm64,mingw-w64-clang-aarch64-bsdfprocessor,build-depends-on,mingw-w64-clang-aarch64-cc,
clangarm64,mingw-w64-clang-aarch64-btyacc,build-depends-on,mingw-w64-clang-aarch64-cc,
clangarm64,mingw-w64-clang-aarch64-bullet,build-depends-on,mingw-w64-clang-aarch64-cc,
clangarm64,mingw-w64-clang-aarch64-bullet-dp,build-depends-on,mingw-w64-clang-aarch64-cc,
clangarm64,mingw-w64-clang-aarch64-bzip2,build-depends-on,mingw-w64-clang-aarch64-cc,
clangarm64,mingw-w64-clang-aarch64-bzip3,build-depends-on,mingw-w64-clang-aarch64-cc,
clangarm64,mingw-w64-clang-aarch64-c-ares,build-depends-on,mingw-w64-clang-aarch64-cc,
clangarm64,mingw-w64-clang-aarch64-c4core,build-depends-on,mingw-w64-clang-aarch64-cc,
clangarm64,mingw-w64-clang-aarch64-cabextract,build-depends-on,mingw-w64-clang-aarch64-cc,
clangarm64,mingw-w64-clang-aarch64-cairo,build-depends-on,mingw-w64-clang-aarch64-cc,
clangarm64,mingw-w64-clang-aarch64-cairomm,build-depends-on,mingw-w64-clang-aarch64-cc,
clangarm64,mingw-w64-clang-aarch64-cairomm-1.16,build-depends-on,mingw-w64-clang-aarch64-cc,
clangarm64,mingw-w64-clang-aarch64-calceph,build-depends-on,mingw-w64-clang-aarch64-cc,
clangarm64,mingw-w64-clang-aarch64-calceph,build-depends-on,mingw-w64-clang-aarch64-fc,
clangarm64,mingw-w64-clang-aarch64-calcmysky,build-depends-on,mingw-w64-clang-aarch64-cc,
clangarm64,mingw-w64-clang-aarch64-calculix-ccx,build-depends-on,mingw-w64-clang-aarch64-fc,
clangarm64,mingw-w64-clang-aarch64-cantarell-fonts,build-depends-on,mingw-w64-clang-aarch64-cc,
clangarm64,mingw-w64-clang-aarch64-capnproto,build-depends-on,mingw-w64-clang-aarch64-cc,
clangarm64,mingw-w64-clang-aarch64-capstone,build-depends-on,mingw-w64-clang-aarch64-cc,
clangarm64,mingw-w64-clang-aarch64-cargo-msrv,build-depends-on,mingw-w64-clang-aarch64-cc,
clangarm64,mingw-w64-clang-aarch64-cas-offinder,build-depends-on,mingw-w64-clang-aarch64-cc,
clangarm64,mingw-w64-clang-aarch64-castxml,build-depends-on,mingw-w64-clang-aarch64-cc,
clangarm64,mingw-w64-clang-aarch64-catch,build-depends-on,mingw-w64-clang-aarch64-cc,
clangarm64,mingw-w64-clang-aarch64-cava,build-depends-on,mingw-w64-clang-aarch64-cc,
clangarm64,mingw-w64-clang-aarch64-cblas,build-depends-on,mingw-w64-clang-aarch64-cc,
clangarm64,mingw-w64-clang-aarch64-cblas,build-depends-on,mingw-w64-clang-aarch64-fc,
clangarm64,mingw-w64-clang-aarch64-cblas64,build-depends-on,mingw-w64-clang-aarch64-cc,
clangarm64,mingw-w64-clang-aarch64-cblas64,build-depends-on,mingw-w64-clang-aarch64-fc,
clangarm64,mingw-w64-clang-aarch64-ccache,build-depends-on,mingw-w64-clang-aarch64-cc,
clangarm64,mingw-w64-clang-aarch64-ccmake,build-depends-on,mingw-w64-clang-aarch64-cc,
clangarm64,mingw-w64-clang-aarch64-cddlib,build-depends-on,mingw-w64-clang-aarch64-cc,
clangarm64,mingw-w64-clang-aarch64-cego,build-depends-on,mingw-w64-clang-aarch64-cc,
clangarm64,mingw-w64-clang-aarch64-cereal,build-depends-on,mingw-w64-clang-aarch64-cc,
clangarm64,mingw-w64-clang-aarch64-ceres-solver,build-depends-on,mingw-w64-clang-aarch64-cc,
clangarm64,mingw-w64-clang-aarch64-cfitsio,build-depends-on,mingw-w64-clang-aarch64-cc,
clangarm64,mingw-w64-clang-aarch64-cgal,build-depends-on,mingw-w64-clang-aarch64-cc,
clangarm64,mingw-w64-clang-aarch64-cglm,build-depends-on,mingw-w64-clang-aarch64-cc,
clangarm64,mingw-w64-clang-aarch64-cglm-docs,build-depends-on,mingw-w64-clang-aarch64-cc,
clangarm64,mingw-w64-clang-aarch64-cgns,build-depends-on,mingw-w64-clang-aarch64-cc,
clangarm64,mingw-w64-clang-aarch64-cgns,build-depends-on,mingw-w64-clang-aarch64-fc,
clangarm64,mingw-w64-clang-aarch64-chafa,build-depends-on,mingw-w64-clang-aarch64-cc,
clangarm64,mingw-w64-clang-aarch64-charls,build-depends-on,mingw-w64-clang-aarch64-cc,
clangarm64,mingw-w64-clang-aarch64-check,build-depends-on,mingw-w64-clang-aarch64-cc,
clangarm64,mingw-w64-clang-aarch64-chicken,build-depends-on,mingw-w64-clang-aarch64-cc,
clangarm64,mingw-w64-clang-aarch64-chipmunk,build-depends-on,mingw-w64-clang-aarch64-cc,
clangarm64,mingw-w64-clang-aarch64-chmlib,build-depends-on,mingw-w64-clang-aarch64-cc,
clangarm64,mingw-w64-clang-aarch64-chromaprint,build-depends-on,mingw-w64-clang-aarch64-cc,
clangarm64,mingw-w64-clang-aarch64-chrono-date,build-depends-on,mingw-w64-clang-aarch64-cc,
clangarm64,mingw-w64-clang-aarch64-civetweb,build-depends-on,mingw-w64-clang-aarch64-cc,
clangarm64,mingw-w64-clang-aarch64-cjose,build-depends-on,mingw-w64-clang-aarch64-cc,
clangarm64,mingw-w64-clang-aarch64-cjson,build-depends-on,mingw-w64-clang-aarch64-cc,
clangarm64,mingw-w64-clang-aarch64-clang-21,build-depends-on,mingw-w64-clang-aarch64-cc,
clangarm64,mingw-w64-clang-aarch64-clazy,build-depends-on,mingw-w64-clang-aarch64-cc,
clangarm64,mingw-w64-clang-aarch64-clblast,build-depends-on,mingw-w64-clang-aarch64-cc,
clangarm64,mingw-w64-clang-aarch64-cli11,build-depends-on,mingw-w64-clang-aarch64-cc,
clangarm64,mingw-w64-clang-aarch64-clip,build-depends-on,mingw-w64-clang-aarch64-cc,
clangarm64,mingw-w64-clang-aarch64-clipper2,build-depends-on,mingw-w64-clang-aarch64-cc,
clangarm64,mingw-w64-clang-aarch64-cliquer,build-depends-on,mingw-w64-clang-aarch64-cc,
clangarm64,mingw-w64-clang-aarch64-clucene,build-depends-on,mingw-w64-clang-aarch64-cc,
clangarm64,mingw-w64-clang-aarch64-clustal-omega,build-depends-on,mingw-w64-clang-aarch64-cc,
clangarm64,mingw-w64-clang-aarch64-cmake,build-depends-on,mingw-w64-clang-aarch64-cc,
clangarm64,mingw-w64-clang-aarch64-cmake-bootstrap,build-depends-on,mingw-w64-clang-aarch64-cc,
clangarm64,mingw-w64-clang-aarch64-cmake-cmcldeps,build-depends-on,mingw-w64-clang-aarch64-cc,
clangarm64,mingw-w64-clang-aarch64-cmake-docs,build-depends-on,mingw-w64-clang-aarch64-cc,
clangarm64,mingw-w64-clang-aarch64-cmake-gui,build-depends-on,mingw-w64-clang-aarch64-cc,
clangarm64,mingw-w64-clang-aarch64-cmakerc,build-depends-on,mingw-w64-clang-aarch64-cc,
clangarm64,mingw-w64-clang-aarch64-cmark,build-depends-on,mingw-w64-clang-aarch64-cc,
clangarm64,mingw-w64-clang-aarch64-cmdpack,build-depends-on,mingw-w64-clang-aarch64-cc,
clangarm64,mingw-w64-clang-aarch64-cmocka,build-depends-on,mingw-w64-clang-aarch64-cc,
clangarm64,mingw-w64-clang-aarch64-cmr,build-depends-on,mingw-w64-clang-aarch64-cc,
clangarm64,mingw-w64-clang-aarch64-cninja,build-depends-on,mingw-w64-clang-aarch64-cc,
clangarm64,mingw-w64-clang-aarch64-codeblocks,build-depends-on,mingw-w64-clang-aarch64-cc,
clangarm64,mingw-w64-clang-aarch64-codeblocks-fortranproject,build-depends-on,mingw-w64-clang-aarch64-cc,
clangarm64,mingw-w64-clang-aarch64-codec2,build-depends-on,mingw-w64-clang-aarch64-cc,
clangarm64,mingw-w64-clang-aarch64-codelite,build-depends-on,mingw-w64-clang-aarch64-cc,
clangarm64,mingw-w64-clang-aarch64-coin,build-depends-on,mingw-w64-clang-aarch64-cc,
clangarm64,mingw-w64-clang-aarch64-coin-docs,build-depends-on,mingw-w64-clang-aarch64-cc,
clangarm64,mingw-w64-clang-aarch64-coin-or-asl,build-depends-on,mingw-w64-clang-aarch64-cc,
clangarm64,mingw-w64-clang-aarch64-coin-or-cbc,build-depends-on,mingw-w64-clang-aarch64-cc,
clangarm64,mingw-w64-clang-aarch64-coin-or-cgl,build-depends-on,mingw-w64-clang-aarch64-cc,
clangarm64,mingw-w64-clang-aarch64-coin-or-clp,build-depends-on,mingw-w64-clang-aarch64-cc,
clangarm64,mingw-w64-clang-aarch64-coin-or-coinutils,build-depends-on,mingw-w64-clang-aarch64-cc,
clangarm64,mingw-w64-clang-aarch64-coin-or-coinutils,build-depends-on,mingw-w64-clang-aarch64-fc,
clangarm64,mingw-w64-clang-aarch64-coin-or-mp,build-depends-on,mingw-w64-clang-aarch64-cc,
clangarm64,mingw-w64-clang-aarch64-coin-or-osi,build-depends-on,mingw-w64-clang-aarch64-cc,
clangarm64,mingw-w64-clang-aarch64-collada-dom,build-depends-on,mingw-w64-clang-aarch64-cc,
clangarm64,mingw-w64-clang-aarch64-compiler-rt-21,build-depends-on,mingw-w64-clang-aarch64-cc,
clangarm64,mingw-w64-clang-aarch64-concurrentqueue,build-depends-on,mingw-w64-clang-aarch64-cc,
clangarm64,mingw-w64-clang-aarch64-confuse,build-depends-on,mingw-w64-clang-aarch64-cc,
clangarm64,mingw-w64-clang-aarch64-connect,build-depends-on,mingw-w64-clang-aarch64-cc,
clangarm64,mingw-w64-clang-aarch64-coordgen,build-depends-on,mingw-w64-clang-aarch64-cc,
clangarm64,mingw-w64-clang-aarch64-corrade,build-depends-on,mingw-w64-clang-aarch64-cc,
clangarm64,mingw-w64-clang-aarch64-cppcheck,build-depends-on,mingw-w64-clang-aarch64-cc,
clangarm64,mingw-w64-clang-aarch64-cppdap,build-depends-on,mingw-w64-clang-aarch64-cc,
clangarm64,mingw-w64-clang-aarch64-cpptest,build-depends-on,mingw-w64-clang-aarch64-cc,
clangarm64,mingw-w64-clang-aarch64-cppunit,build-depends-on,mingw-w64-clang-aarch64-cc,
clangarm64,mingw-w64-clang-aarch64-cpputest,build-depends-on,mingw-w64-clang-aarch64-cc,
clangarm64,mingw-w64-clang-aarch64-cppwinrt,build-depends-on,mingw-w64-clang-aarch64-cc,
clangarm64,mingw-w64-clang-aarch64-cppzmq,build-depends-on,mingw-w64-clang-aarch64-cc,
clangarm64,mingw-w64-clang-aarch64-cpr,build-depends-on,mingw-w64-clang-aarch64-cc,
clangarm64,mingw-w64-clang-aarch64-creduce,build-depends-on,mingw-w64-clang-aarch64-cc,
clangarm64,mingw-w64-clang-aarch64-croc,build-depends-on,mingw-w64-clang-aarch64-cc,
clangarm64,mingw-w64-clang-aarch64-crt,build-depends-on,mingw-w64-clang-aarch64-cc,
clangarm64,mingw-w64-clang-aarch64-crypto++,build-depends-on,mingw-w64-clang-aarch64-cc,
clangarm64,mingw-w64-clang-aarch64-csfml,build-depends-on,mingw-w64-clang-aarch64-cc,
clangarm64,mingw-w64-clang-aarch64-csfml-docs,build-depends-on,mingw-w64-clang-aarch64-cc,
clangarm64,mingw-w64-clang-aarch64-ctags,build-depends-on,mingw-w64-clang-aarch64-cc,
clangarm64,mingw-w64-clang-aarch64-ctpl,build-depends-on,mingw-w64-clang-aarch64-cc,
clangarm64,mingw-w64-clang-aarch64-cubature,build-depends-on,mingw-w64-clang-aarch64-cc,
clangarm64,mingw-w64-clang-aarch64-cubelib,build-depends-on,mingw-w64-clang-aarch64-cc,
clangarm64,mingw-w64-clang-aarch64-cubelib,build-depends-on,mingw-w64-clang-aarch64-fc,
clangarm64,mingw-w64-clang-aarch64-cubew,build-depends-on,mingw-w64-clang-aarch64-cc,
clangarm64,mingw-w64-clang-aarch64-cubew,build-depends-on,mingw-w64-clang-aarch64-fc,
clangarm64,mingw-w64-clang-aarch64-cunit,build-depends-on,mingw-w64-clang-aarch64-cc,
clangarm64,mingw-w64-clang-aarch64-curl,build-depends-on,mingw-w64-clang-aarch64-cc,
clangarm64,mingw-w64-clang-aarch64-curl-gnutls,build-depends-on,mingw-w64-clang-aarch64-cc,
clangarm64,mingw-w64-clang-aarch64-curl-winssl,build-depends-on,mingw-w64-clang-aarch64-cc,
clangarm64,mingw-w64-clang-aarch64-cvise,build-depends-on,mingw-w64-clang-aarch64-cc,
clangarm64,mingw-w64-clang-aarch64-cxxopts,build-depends-on,mingw-w64-clang-aarch64-cc,
clangarm64,mingw-w64-clang-aarch64-cyrus-sasl,build-depends-on,mingw-w64-clang-aarch64-cc,
clangarm64,mingw-w64-clang-aarch64-cython,build-depends-on,mingw-w64-clang-aarch64-cc,
clangarm64,mingw-w64-clang-aarch64-daala,build-depends-on,mingw-w64-clang-aarch64-cc,
clangarm64,mingw-w64-clang-aarch64-darktable,build-depends-on,mingw-w64-clang-aarch64-cc,
clangarm64,mingw-w64-clang-aarch64-dav1d,build-depends-on,mingw-w64-clang-aarch64-cc,
clangarm64,mingw-w64-clang-aarch64-dav2d,build-depends-on,mingw-w64-clang-aarch64-cc,
clangarm64,mingw-w64-clang-aarch64-db,build-depends-on,mingw-w64-clang-aarch64-cc,
clangarm64,mingw-w64-clang-aarch64-db-docs,build-depends-on,mingw-w64-clang-aarch64-cc,
clangarm64,mingw-w64-clang-aarch64-dbc_parser_cpp,build-depends-on,mingw-w64-clang-aarch64-cc,
clangarm64,mingw-w64-clang-aarch64-dbus,build-depends-on,mingw-w64-clang-aarch64-cc,
clangarm64,mingw-w64-clang-aarch64-dbus-c++,build-depends-on,mingw-w64-clang-aarch64-cc,
clangarm64,mingw-w64-clang-aarch64-dbus-doc,build-depends-on,mingw-w64-clang-aarch64-cc,
clangarm64,mingw-w64-clang-aarch64-dbus-doc,build-depends-on,mingw-w64-clang-aarch64-cmake,
clangarm64,mingw-w64-clang-aarch64-dbus-doc,build-depends-on,mingw-w64-clang-aarch64-doxygen,
clangarm64,mingw-w64-clang-aarch64-dbus-doc,build-depends-on,mingw-w64-clang-aarch64-expat,
clangarm64,mingw-w64-clang-aarch64-dbus-doc,build-depends-on,mingw-w64-clang-aarch64-glib2,
clangarm64,mingw-w64-clang-aarch64-dbus-doc,build-depends-on,mingw-w64-clang-aarch64-ninja,
clangarm64,mingw-w64-clang-aarch64-dbus-doc,build-depends-on,mingw-w64-clang-aarch64-pkgconf,
clangarm64,mingw-w64-clang-aarch64-dbus-glib,build-depends-on,mingw-w64-clang-aarch64-cc,
clangarm64,mingw-w64-clang-aarch64-dcadec,build-depends-on,mingw-w64-clang-aarch64-cc,
clangarm64,mingw-w64-clang-aarch64-dcmtk,build-depends-on,mingw-w64-clang-aarch64-cc,
clangarm64,mingw-w64-clang-aarch64-dcraw,build-depends-on,mingw-w64-clang-aarch64-cc,
clangarm64,mingw-w64-clang-aarch64-desktop-file-utils,build-depends-on,mingw-w64-clang-aarch64-cc,
clangarm64,mingw-w64-clang-aarch64-devcon,build-depends-on,mingw-w64-clang-aarch64-cc,
clangarm64,mingw-w64-clang-aarch64-devil,build-depends-on,mingw-w64-clang-aarch64-cc,
clangarm64,mingw-w64-clang-aarch64-devil,build-depends-on,mingw-w64-clang-aarch64-pkg-config,
clangarm64,mingw-w64-clang-aarch64-dftd4,build-depends-on,mingw-w64-clang-aarch64-cc,
clangarm64,mingw-w64-clang-aarch64-dftd4,build-depends-on,mingw-w64-clang-aarch64-fc,
clangarm64,mingw-w64-clang-aarch64-dfu-programmer,build-depends-on,mingw-w64-clang-aarch64-cc,
clangarm64,mingw-w64-clang-aarch64-dfu-util,build-depends-on,mingw-w64-clang-aarch64-cc,
clangarm64,mingw-w64-clang-aarch64-dht,build-depends-on,mingw-w64-clang-aarch64-cc,
clangarm64,mingw-w64-clang-aarch64-dia,build-depends-on,mingw-w64-clang-aarch64-cc,
clangarm64,mingw-w64-clang-aarch64-diffutils,build-depends-on,mingw-w64-clang-aarch64-cc,
clangarm64,mingw-w64-clang-aarch64-directx-headers,build-depends-on,mingw-w64-clang-aarch64-cc,
clangarm64,mingw-w64-clang-aarch64-directxmath,build-depends-on,mingw-w64-clang-aarch64-cc,
clangarm64,mingw-w64-clang-aarch64-directxmesh,build-depends-on,mingw-w64-clang-aarch64-cc,
clangarm64,mingw-w64-clang-aarch64-directxtex,build-depends-on,mingw-w64-clang-aarch64-cc,
clangarm64,mingw-w64-clang-aarch64-directxtk,build-depends-on,mingw-w64-clang-aarch64-cc,
clangarm64,mingw-w64-clang-aarch64-discount,build-depends-on,mingw-w64-clang-aarch64-cc,
clangarm64,mingw-w64-clang-aarch64-distorm,build-depends-on,mingw-w64-clang-aarch64-cc,
clangarm64,mingw-w64-clang-aarch64-djview,build-depends-on,mingw-w64-clang-aarch64-cc,
clangarm64,mingw-w64-clang-aarch64-djvulibre,build-depends-on,mingw-w64-clang-aarch64-cc,
clangarm64,mingw-w64-clang-aarch64-dlfcn,build-depends-on,mingw-w64-clang-aarch64-cc,
clangarm64,mingw-w64-clang-aarch64-dlib,build-depends-on,mingw-w64-clang-aarch64-cc,
clangarm64,mingw-w64-clang-aarch64-dnscrypt-proxy,build-depends-on,mingw-w64-clang-aarch64-cc,
clangarm64,mingw-w64-clang-aarch64-dnslookup,build-depends-on,mingw-w64-clang-aarch64-cc,
clangarm64,mingw-w64-clang-aarch64-doctest,build-depends-on,mingw-w64-clang-aarch64-cc,
clangarm64,mingw-w64-clang-aarch64-dosbox-staging,build-depends-on,mingw-w64-clang-aarch64-cc,
clangarm64,mingw-w64-clang-aarch64-double-conversion,build-depends-on,mingw-w64-clang-aarch64-cc,
clangarm64,mingw-w64-clang-aarch64-doxygen,build-depends-on,mingw-w64-clang-aarch64-cc,
clangarm64,mingw-w64-clang-aarch64-draco,build-depends-on,mingw-w64-clang-aarch64-cc,
clangarm64,mingw-w64-clang-aarch64-dragon,build-depends-on,mingw-w64-clang-aarch64-cc,
clangarm64,mingw-w64-clang-aarch64-dragonbox,build-depends-on,mingw-w64-clang-aarch64-cc,
clangarm64,mingw-w64-clang-aarch64-drmingw,build-depends-on,mingw-w64-clang-aarch64-cc,
clangarm64,mingw-w64-clang-aarch64-dsdp,build-depends-on,mingw-w64-clang-aarch64-cc,
clangarm64,mingw-w64-clang-aarch64-dtc,build-depends-on,mingw-w64-clang-aarch64-cc,
clangarm64,mingw-w64-clang-aarch64-ducible,build-depends-on,mingw-w64-clang-aarch64-cc,
clangarm64,mingw-w64-clang-aarch64-ducible,build-depends-on,mingw-w64-clang-aarch64-python3,
clangarm64,mingw-w64-clang-aarch64-duckdb,build-depends-on,mingw-w64-clang-aarch64-cc,
clangarm64,mingw-w64-clang-aarch64-duktape,build-depends-on,mingw-w64-clang-aarch64-cc,
clangarm64,mingw-w64-clang-aarch64-dumb,build-depends-on,mingw-w64-clang-aarch64-cc,
clangarm64,mingw-w64-clang-aarch64-dwarfstack,build-depends-on,mingw-w64-clang-aarch64-cc,
clangarm64,mingw-w64-clang-aarch64-dxvk,build-depends-on,mingw-w64-clang-aarch64-cc,
clangarm64,mingw-w64-clang-aarch64-ebook-tools,build-depends-on,mingw-w64-clang-aarch64-cc,
clangarm64,mingw-w64-clang-aarch64-eccodes,build-depends-on,mingw-w64-clang-aarch64-cc,
clangarm64,mingw-w64-clang-aarch64-eccodes,build-depends-on,mingw-w64-clang-aarch64-fc,
clangarm64,mingw-w64-clang-aarch64-ecpprog,build-depends-on,mingw-w64-clang-aarch64-cc,
clangarm64,mingw-w64-clang-aarch64-editorconfig-core-c,build-depends-on,mingw-w64-clang-aarch64-cc,
clangarm64,mingw-w64-clang-aarch64-editrights,build-depends-on,mingw-w64-clang-aarch64-cc,
clangarm64,mingw-w64-clang-aarch64-edyn,build-depends-on,mingw-w64-clang-aarch64-cc,
clangarm64,mingw-w64-clang-aarch64-efxc2,build-depends-on,mingw-w64-clang-aarch64-cc,
clangarm64,mingw-w64-clang-aarch64-eigen3,build-depends-on,mingw-w64-clang-aarch64-cc,
clangarm64,mingw-w64-clang-aarch64-eigen3,build-depends-on,mingw-w64-clang-aarch64-fc,
clangarm64,mingw-w64-clang-aarch64-elementary-icon-theme,build-depends-on,mingw-w64-clang-aarch64-pkg-config,
clangarm64,mingw-w64-clang-aarch64-elisa,build-depends-on,mingw-w64-clang-aarch64-cc,
clangarm64,mingw-w64-clang-aarch64-emacs,build-depends-on,mingw-w64-clang-aarch64-cc,
clangarm64,mingw-w64-clang-aarch64-emacs-pdf-tools-server,build-depends-on,mingw-w64-clang-aarch64-cc,
clangarm64,mingw-w64-clang-aarch64-embree,build-depends-on,mingw-w64-clang-aarch64-cc,
clangarm64,mingw-w64-clang-aarch64-emscripten,build-depends-on,mingw-w64-clang-aarch64-cc,
clangarm64,mingw-w64-clang-aarch64-enca,build-depends-on,mingw-w64-clang-aarch64-cc,
clangarm64,mingw-w64-clang-aarch64-enchant,build-depends-on,mingw-w64-clang-aarch64-cc,
clangarm64,mingw-w64-clang-aarch64-enet,build-depends-on,mingw-w64-clang-aarch64-cc,
clangarm64,mingw-w64-clang-aarch64-engauge-digitizer,build-depends-on,mingw-w64-clang-aarch64-cc,
clangarm64,mingw-w64-clang-aarch64-ensmallen,build-depends-on,mingw-w64-clang-aarch64-cc,
clangarm64,mingw-w64-clang-aarch64-enter-tex,build-depends-on,mingw-w64-clang-aarch64-cc,
clangarm64,mingw-w64-clang-aarch64-entt,build-depends-on,mingw-w64-clang-aarch64-cc,
clangarm64,mingw-w64-clang-aarch64-entt-docs,build-depends-on,mingw-w64-clang-aarch64-cc,
clangarm64,mingw-w64-clang-aarch64-eog,build-depends-on,mingw-w64-clang-aarch64-cc,
clangarm64,mingw-w64-clang-aarch64-eog-plugins,build-depends-on,mingw-w64-clang-aarch64-cc,
clangarm64,mingw-w64-clang-aarch64-epstool,build-depends-on,mingw-w64-clang-aarch64-cc,
clangarm64,mingw-w64-clang-aarch64-esbuild,build-depends-on,mingw-w64-clang-aarch64-cc,
clangarm64,mingw-w64-clang-aarch64-espeak-ng,build-depends-on,mingw-w64-clang-aarch64-cc,
clangarm64,mingw-w64-clang-aarch64-evince,build-depends-on,mingw-w64-clang-aarch64-cc,
clangarm64,mingw-w64-clang-aarch64-exiv2,build-depends-on,mingw-w64-clang-aarch64-cc,
clangarm64,mingw-w64-clang-aarch64-expat,build-depends-on,mingw-w64-clang-aarch64-cc,
clangarm64,mingw-w64-clang-aarch64-expresscpp,build-depends-on,mingw-w64-clang-aarch64-cc,
clangarm64,mingw-w64-clang-aarch64-extra-cmake-modules,build-depends-on,mingw-w64-clang-aarch64-cc,
clangarm64,mingw-w64-clang-aarch64-extremetuxracer,build-depends-on,mingw-w64-clang-aarch64-cc,
clangarm64,mingw-w64-clang-aarch64-f2c,build-depends-on,mingw-w64-clang-aarch64-cc,
clangarm64,mingw-w64-clang-aarch64-f2cblaslapack,build-depends-on,mingw-w64-clang-aarch64-cc,
clangarm64,mingw-w64-clang-aarch64-faac,build-depends-on,mingw-w64-clang-aarch64-cc,
clangarm64,mingw-w64-clang-aarch64-faad2,build-depends-on,mingw-w64-clang-aarch64-cc,
clangarm64,mingw-w64-clang-aarch64-fann,build-depends-on,mingw-w64-clang-aarch64-cc,
clangarm64,mingw-w64-clang-aarch64-farstream,build-depends-on,mingw-w64-clang-aarch64-cc,
clangarm64,mingw-w64-clang-aarch64-fast_float,build-depends-on,mingw-w64-clang-aarch64-cc,
clangarm64,mingw-w64-clang-aarch64-fastfetch,build-depends-on,mingw-w64-clang-aarch64-cc,
clangarm64,mingw-w64-clang-aarch64-fastgltf,build-depends-on,mingw-w64-clang-aarch64-cc,
clangarm64,mingw-w64-clang-aarch64-fastjar,build-depends-on,mingw-w64-clang-aarch64-cc,
clangarm64,mingw-w64-clang-aarch64-fcrackzip,build-depends-on,mingw-w64-clang-aarch64-cc,
clangarm64,mingw-w64-clang-aarch64-fdk-aac,build-depends-on,mingw-w64-clang-aarch64-cc,
clangarm64,mingw-w64-clang-aarch64-ffmpeg,build-depends-on,mingw-w64-clang-aarch64-cc,
clangarm64,mingw-w64-clang-aarch64-ffms2,build-depends-on,mingw-w64-clang-aarch64-cc,
clangarm64,mingw-w64-clang-aarch64-ffts,build-depends-on,mingw-w64-clang-aarch64-cc,
clangarm64,mingw-w64-clang-aarch64-fftw,build-depends-on,mingw-w64-clang-aarch64-cc,
clangarm64,mingw-w64-clang-aarch64-fgsl,build-depends-on,mingw-w64-clang-aarch64-cc,
clangarm64,mingw-w64-clang-aarch64-fgsl,build-depends-on,mingw-w64-clang-aarch64-fc,
clangarm64,mingw-w64-clang-aarch64-file,build-depends-on,mingw-w64-clang-aarch64-cc,
clangarm64,mingw-w64-clang-aarch64-filezilla,build-depends-on,mingw-w64-clang-aarch64-cc,
clangarm64,mingw-w64-clang-aarch64-firebird,build-depends-on,mingw-w64-clang-aarch64-cc,
clangarm64,mingw-w64-clang-aarch64-flac,build-depends-on,mingw-w64-clang-aarch64-cc,
clangarm64,mingw-w64-clang-aarch64-flameshot,build-depends-on,mingw-w64-clang-aarch64-cc,
clangarm64,mingw-w64-clang-aarch64-flann,build-depends-on,mingw-w64-clang-aarch64-cc,
clangarm64,mingw-w64-clang-aarch64-flashrom,build-depends-on,mingw-w64-clang-aarch64-cc,
clangarm64,mingw-w64-clang-aarch64-flatbuffers,build-depends-on,mingw-w64-clang-aarch64-cc,
clangarm64,mingw-w64-clang-aarch64-flecs,build-depends-on,mingw-w64-clang-aarch64-cc,
clangarm64,mingw-w64-clang-aarch64-flecs-docs,build-depends-on,mingw-w64-clang-aarch64-cc,
clangarm64,mingw-w64-clang-aarch64-flickcurl,build-depends-on,mingw-w64-clang-aarch64-cc,
clangarm64,mingw-w64-clang-aarch64-flif,build-depends-on,mingw-w64-clang-aarch64-cc,
clangarm64,mingw-w64-clang-aarch64-flint,build-depends-on,mingw-w64-clang-aarch64-cc,
clangarm64,mingw-w64-clang-aarch64-fltk,build-depends-on,mingw-w64-clang-aarch64-cc,
clangarm64,mingw-w64-clang-aarch64-fltk1.3,build-depends-on,mingw-w64-clang-aarch64-cc,
clangarm64,mingw-w64-clang-aarch64-fluidsynth,build-depends-on,mingw-w64-clang-aarch64-cc,
clangarm64,mingw-w64-clang-aarch64-fmt,build-depends-on,mingw-w64-clang-aarch64-cc,
clangarm64,mingw-w64-clang-aarch64-folly,build-depends-on,mingw-w64-clang-aarch64-cc,
clangarm64,mingw-w64-clang-aarch64-fontconfig,build-depends-on,mingw-w64-clang-aarch64-cc,
clangarm64,mingw-w64-clang-aarch64-fontforge,build-depends-on,mingw-w64-clang-aarch64-cc,
clangarm64,mingw-w64-clang-aarch64-fortune-mod,build-depends-on,mingw-w64-clang-aarch64-cc,
clangarm64,mingw-w64-clang-aarch64-fossil,build-depends-on,mingw-w64-clang-aarch64-cc,
clangarm64,mingw-w64-clang-aarch64-fox,build-depends-on,mingw-w64-clang-aarch64-cc,
clangarm64,mingw-w64-clang-aarch64-fq,build-depends-on,mingw-w64-clang-aarch64-cc,
clangarm64,mingw-w64-clang-aarch64-freealut,build-depends-on,mingw-w64-clang-aarch64-cc,
clangarm64,mingw-w64-clang-aarch64-freecad,build-depends-on,mingw-w64-clang-aarch64-cc,
clangarm64,mingw-w64-clang-aarch64-freeglut,build-depends-on,mingw-w64-clang-aarch64-cc,
clangarm64,mingw-w64-clang-aarch64-freeimage,build-depends-on,mingw-w64-clang-aarch64-cc,
clangarm64,mingw-w64-clang-aarch64-freerdp,build-depends-on,mingw-w64-clang-aarch64-cc,
clangarm64,mingw-w64-clang-aarch64-freetds,build-depends-on,mingw-w64-clang-aarch64-cc,
clangarm64,mingw-w64-clang-aarch64-freetype,build-depends-on,mingw-w64-clang-aarch64-cc,
clangarm64,mingw-w64-clang-aarch64-frei0r-plugins,build-depends-on,mingw-w64-clang-aarch64-cc,
clangarm64,mingw-w64-clang-aarch64-fribidi,build-depends-on,mingw-w64-clang-aarch64-cc,
clangarm64,mingw-w64-clang-aarch64-fritzing,build-depends-on,mingw-w64-clang-aarch64-cc,
clangarm64,mingw-w64-clang-aarch64-frontistr,build-depends-on,mingw-w64-clang-aarch64-cc,
clangarm64,mingw-w64-clang-aarch64-frontistr,build-depends-on,mingw-w64-clang-aarch64-fc,
clangarm64,mingw-w64-clang-aarch64-frozen,build-depends-on,mingw-w64-clang-aarch64-cc,
clangarm64,mingw-w64-clang-aarch64-fswatch,build-depends-on,mingw-w64-clang-aarch64-cc,
clangarm64,mingw-w64-clang-aarch64-ftgl,build-depends-on,mingw-w64-clang-aarch64-cc,
clangarm64,mingw-w64-clang-aarch64-ftxui,build-depends-on,mingw-w64-clang-aarch64-cc,
clangarm64,mingw-w64-clang-aarch64-fxc2,build-depends-on,mingw-w64-clang-aarch64-cc,
clangarm64,mingw-w64-clang-aarch64-fzf,build-depends-on,mingw-w64-clang-aarch64-cc,
clangarm64,mingw-w64-clang-aarch64-fzssh,build-depends-on,mingw-w64-clang-aarch64-cc,
clangarm64,mingw-w64-clang-aarch64-gammaray,build-depends-on,mingw-w64-clang-aarch64-cc,
clangarm64,mingw-w64-clang-aarch64-gau2grid,build-depends-on,mingw-w64-clang-aarch64-cc,
clangarm64,mingw-w64-clang-aarch64-gavl,build-depends-on,mingw-w64-clang-aarch64-cc,
clangarm64,mingw-w64-clang-aarch64-gc,build-depends-on,mingw-w64-clang-aarch64-cc,
clangarm64,mingw-w64-clang-aarch64-gcab,build-depends-on,mingw-w64-clang-aarch64-cc,
clangarm64,mingw-w64-clang-aarch64-gdal,build-depends-on,mingw-w64-clang-aarch64-cc,
clangarm64,mingw-w64-clang-aarch64-gdbm,build-depends-on,mingw-w64-clang-aarch64-cc,
clangarm64,mingw-w64-clang-aarch64-gdcm,build-depends-on,mingw-w64-clang-aarch64-cc,
clangarm64,mingw-w64-clang-aarch64-gdk-pixbuf2,build-depends-on,mingw-w64-clang-aarch64-cc,
clangarm64,mingw-w64-clang-aarch64-gdk-pixbuf2-docs,build-depends-on,mingw-w64-clang-aarch64-cc,
clangarm64,mingw-w64-clang-aarch64-gdl,build-depends-on,mingw-w64-clang-aarch64-cc,
clangarm64,mingw-w64-clang-aarch64-gdu,build-depends-on,mingw-w64-clang-aarch64-cc,
clangarm64,mingw-w64-clang-aarch64-geany,build-depends-on,mingw-w64-clang-aarch64-cc,
clangarm64,mingw-w64-clang-aarch64-geany,build-depends-on,mingw-w64-clang-aarch64-perl-xml-parser,
clangarm64,mingw-w64-clang-aarch64-geany-plugins,build-depends-on,mingw-w64-clang-aarch64-cc,
clangarm64,mingw-w64-clang-aarch64-gedit,build-depends-on,mingw-w64-clang-aarch64-cc,
clangarm64,mingw-w64-clang-aarch64-gedit-plugins,build-depends-on,mingw-w64-clang-aarch64-cc,
clangarm64,mingw-w64-clang-aarch64-gegl,build-depends-on,mingw-w64-clang-aarch64-cc,
clangarm64,mingw-w64-clang-aarch64-gegl-docs,build-depends-on,mingw-w64-clang-aarch64-cc,
clangarm64,mingw-w64-clang-aarch64-gemini-cli,build-depends-on,mingw-w64-clang-aarch64-cc,
clangarm64,mingw-w64-clang-aarch64-genromfs,build-depends-on,mingw-w64-clang-aarch64-cc,
clangarm64,mingw-w64-clang-aarch64-geocode-glib,build-depends-on,mingw-w64-clang-aarch64-cc,
clangarm64,mingw-w64-clang-aarch64-geographiclib,build-depends-on,mingw-w64-clang-aarch64-cc,
clangarm64,mingw-w64-clang-aarch64-geoip,build-depends-on,mingw-w64-clang-aarch64-cc,
clangarm64,mingw-w64-clang-aarch64-geos,build-depends-on,mingw-w64-clang-aarch64-cc,
clangarm64,mingw-w64-clang-aarch64-gettext-libtextstyle,build-depends-on,mingw-w64-clang-aarch64-cc,
clangarm64,mingw-w64-clang-aarch64-gettext-runtime,build-depends-on,mingw-w64-clang-aarch64-cc,
clangarm64,mingw-w64-clang-aarch64-gettext-tools,build-depends-on,mingw-w64-clang-aarch64-cc,
clangarm64,mingw-w64-clang-aarch64-gexiv2,build-depends-on,mingw-w64-clang-aarch64-cc,
clangarm64,mingw-w64-clang-aarch64-gf2x,build-depends-on,mingw-w64-clang-aarch64-cc,
clangarm64,mingw-w64-clang-aarch64-gflags,build-depends-on,mingw-w64-clang-aarch64-cc,
clangarm64,mingw-w64-clang-aarch64-ggml,build-depends-on,mingw-w64-clang-aarch64-cc,
clangarm64,mingw-w64-clang-aarch64-ghex,build-depends-on,mingw-w64-clang-aarch64-cc,
clangarm64,mingw-w64-clang-aarch64-ghostscript,build-depends-on,mingw-w64-clang-aarch64-cc,
clangarm64,mingw-w64-clang-aarch64-gi-docgen,build-depends-on,mingw-w64-clang-aarch64-cc,
clangarm64,mingw-w64-clang-aarch64-giflib,build-depends-on,mingw-w64-clang-aarch64-cc,
clangarm64,mingw-w64-clang-aarch64-gimp,build-depends-on,mingw-w64-clang-aarch64-cc,
clangarm64,mingw-w64-clang-aarch64-ginkgo,build-depends-on,mingw-w64-clang-aarch64-cc,
clangarm64,mingw-w64-clang-aarch64-git,build-depends-on,mingw-w64-clang-aarch64-cc,
clangarm64,mingw-w64-clang-aarch64-git-archimport,build-depends-on,mingw-w64-clang-aarch64-cc,
clangarm64,mingw-w64-clang-aarch64-git-credential-wincred,build-depends-on,mingw-w64-clang-aarch64-cc,
clangarm64,mingw-w64-clang-aarch64-git-cvs,build-depends-on,mingw-w64-clang-aarch64-cc,
clangarm64,mingw-w64-clang-aarch64-git-doc-html,build-depends-on,mingw-w64-clang-aarch64-cc,
clangarm64,mingw-w64-clang-aarch64-git-doc-man,build-depends-on,mingw-w64-clang-aarch64-cc,
clangarm64,mingw-w64-clang-aarch64-git-for-windows-addons,build-depends-on,mingw-w64-clang-aarch64-cc,
clangarm64,mingw-w64-clang-aarch64-git-gui,build-depends-on,mingw-w64-clang-aarch64-cc,
clangarm64,mingw-w64-clang-aarch64-git-p4,build-depends-on,mingw-w64-clang-aarch64-cc,
clangarm64,mingw-w64-clang-aarch64-git-perl,build-depends-on,mingw-w64-clang-aarch64-cc,
clangarm64,mingw-w64-clang-aarch64-git-send-email,build-depends-on,mingw-w64-clang-aarch64-cc,
clangarm64,mingw-w64-clang-aarch64-git-subtree,build-depends-on,mingw-w64-clang-aarch64-cc,
clangarm64,mingw-w64-clang-aarch64-git-svn,build-depends-on,mingw-w64-clang-aarch64-cc,
clangarm64,mingw-w64-clang-aarch64-gitg,build-depends-on,mingw-w64-clang-aarch64-cc,
clangarm64,mingw-w64-clang-aarch64-github-cli,build-depends-on,mingw-w64-clang-aarch64-cc,
clangarm64,mingw-w64-clang-aarch64-gitk,build-depends-on,mingw-w64-clang-aarch64-cc,
clangarm64,mingw-w64-clang-aarch64-gitweb,build-depends-on,mingw-w64-clang-aarch64-cc,
clangarm64,mingw-w64-clang-aarch64-gl2ps,build-depends-on,mingw-w64-clang-aarch64-cc,
clangarm64,mingw-w64-clang-aarch64-glab,build-depends-on,mingw-w64-clang-aarch64-cc,
clangarm64,mingw-w64-clang-aarch64-glade,build-depends-on,mingw-w64-clang-aarch64-cc,
clangarm64,mingw-w64-clang-aarch64-glaze,build-depends-on,mingw-w64-clang-aarch64-cc,
clangarm64,mingw-w64-clang-aarch64-glbinding,build-depends-on,mingw-w64-clang-aarch64-cc,
clangarm64,mingw-w64-clang-aarch64-glew,build-depends-on,mingw-w64-clang-aarch64-cc,
clangarm64,mingw-w64-clang-aarch64-glfw,build-depends-on,mingw-w64-clang-aarch64-cc,
clangarm64,mingw-w64-clang-aarch64-glfw-docs,build-depends-on,mingw-w64-clang-aarch64-cc,
clangarm64,mingw-w64-clang-aarch64-glib-networking,build-depends-on,mingw-w64-clang-aarch64-cc,
clangarm64,mingw-w64-clang-aarch64-glib2,build-depends-on,mingw-w64-clang-aarch64-cc,
clangarm64,mingw-w64-clang-aarch64-glibmm,build-depends-on,mingw-w64-clang-aarch64-cc,
clangarm64,mingw-w64-clang-aarch64-glibmm-2.68,build-depends-on,mingw-w64-clang-aarch64-cc,
clangarm64,mingw-w64-clang-aarch64-glm,build-depends-on,mingw-w64-clang-aarch64-cc,
clangarm64,mingw-w64-clang-aarch64-global,build-depends-on,mingw-w64-clang-aarch64-cc,
clangarm64,mingw-w64-clang-aarch64-globjects,build-depends-on,mingw-w64-clang-aarch64-cc,
clangarm64,mingw-w64-clang-aarch64-glog,build-depends-on,mingw-w64-clang-aarch64-cc,
clangarm64,mingw-w64-clang-aarch64-glpk,build-depends-on,mingw-w64-clang-aarch64-cc,
clangarm64,mingw-w64-clang-aarch64-glsl-optimizer,build-depends-on,mingw-w64-clang-aarch64-cc,
clangarm64,mingw-w64-clang-aarch64-glslang,build-depends-on,mingw-w64-clang-aarch64-cc,
clangarm64,mingw-w64-clang-aarch64-glslviewer,build-depends-on,mingw-w64-clang-aarch64-cc,
clangarm64,mingw-w64-clang-aarch64-gmic,build-depends-on,mingw-w64-clang-aarch64-cc,
clangarm64,mingw-w64-clang-aarch64-gmime,build-depends-on,mingw-w64-clang-aarch64-cc,
clangarm64,mingw-w64-clang-aarch64-gmp,build-depends-on,mingw-w64-clang-aarch64-cc,
clangarm64,mingw-w64-clang-aarch64-gmsh,build-depends-on,mingw-w64-clang-aarch64-cc,
clangarm64,mingw-w64-clang-aarch64-gn,build-depends-on,mingw-w64-clang-aarch64-cc,
clangarm64,mingw-w64-clang-aarch64-gnome-calculator,build-depends-on,mingw-w64-clang-aarch64-cc,
clangarm64,mingw-w64-clang-aarch64-gnome-text-editor,build-depends-on,mingw-w64-clang-aarch64-cc,
clangarm64,mingw-w64-clang-aarch64-gnumeric,build-depends-on,mingw-w64-clang-aarch64-cc,
clangarm64,mingw-w64-clang-aarch64-gnupg,build-depends-on,mingw-w64-clang-aarch64-cc,
clangarm64,mingw-w64-clang-aarch64-gnuplot,build-depends-on,mingw-w64-clang-aarch64-cc,
clangarm64,mingw-w64-clang-aarch64-gnuradio,build-depends-on,mingw-w64-clang-aarch64-cc,
clangarm64,mingw-w64-clang-aarch64-gnutls,build-depends-on,mingw-w64-clang-aarch64-cc,
clangarm64,mingw-w64-clang-aarch64-go,build-depends-on,mingw-w64-clang-aarch64-cc,
clangarm64,mingw-w64-clang-aarch64-gobject-introspection,build-depends-on,mingw-w64-clang-aarch64-cc,
clangarm64,mingw-w64-clang-aarch64-gobject-introspection-runtime,build-depends-on,mingw-w64-clang-aarch64-cc,
clangarm64,mingw-w64-clang-aarch64-godot,build-depends-on,mingw-w64-clang-aarch64-cc,
clangarm64,mingw-w64-clang-aarch64-godot-cpp,build-depends-on,mingw-w64-clang-aarch64-cc,
clangarm64,mingw-w64-clang-aarch64-goffice,build-depends-on,mingw-w64-clang-aarch64-cc,
clangarm64,mingw-w64-clang-aarch64-gojq,build-depends-on,mingw-w64-clang-aarch64-cc,
clangarm64,mingw-w64-clang-aarch64-goocanvas,build-depends-on,mingw-w64-clang-aarch64-cc,
clangarm64,mingw-w64-clang-aarch64-goxel,build-depends-on,mingw-w64-clang-aarch64-cc,
clangarm64,mingw-w64-clang-aarch64-gperf,build-depends-on,mingw-w64-clang-aarch64-cc,
clangarm64,mingw-w64-clang-aarch64-gpgme,build-depends-on,mingw-w64-clang-aarch64-cc,
clangarm64,mingw-w64-clang-aarch64-gphoto2,build-depends-on,mingw-w64-clang-aarch64-cc,
clangarm64,mingw-w64-clang-aarch64-gplugin,build-depends-on,mingw-w64-clang-aarch64-cc,
clangarm64,mingw-w64-clang-aarch64-gplugin,build-depends-on,mingw-w64-clang-aarch64-gettext,
clangarm64,mingw-w64-clang-aarch64-gputils,build-depends-on,mingw-w64-clang-aarch64-cc,
clangarm64,mingw-w64-clang-aarch64-gr,build-depends-on,mingw-w64-clang-aarch64-cc,
clangarm64,mingw-w64-clang-aarch64-granite,build-depends-on,mingw-w64-clang-aarch64-cc,
clangarm64,mingw-w64-clang-aarch64-granite7,build-depends-on,mingw-w64-clang-aarch64-cc,
clangarm64,mingw-w64-clang-aarch64-grantlee,build-depends-on,mingw-w64-clang-aarch64-cc,
clangarm64,mingw-w64-clang-aarch64-graphene,build-depends-on,mingw-w64-clang-aarch64-cc,
clangarm64,mingw-w64-clang-aarch64-graphicsmagick,build-depends-on,mingw-w64-clang-aarch64-cc,
clangarm64,mingw-w64-clang-aarch64-graphite2,build-depends-on,mingw-w64-clang-aarch64-cc,
clangarm64,mingw-w64-clang-aarch64-graphviz,build-depends-on,mingw-w64-clang-aarch64-cc,
clangarm64,mingw-w64-clang-aarch64-graphviz-docs,build-depends-on,mingw-w64-clang-aarch64-cc,
clangarm64,mingw-w64-clang-aarch64-grep,build-depends-on,mingw-w64-clang-aarch64-cc,
clangarm64,mingw-w64-clang-aarch64-gromacs,build-depends-on,mingw-w64-clang-aarch64-cc,
clangarm64,mingw-w64-clang-aarch64-groonga,build-depends-on,mingw-w64-clang-aarch64-cc,
clangarm64,mingw-w64-clang-aarch64-groonga,build-depends-on,mingw-w64-clang-aarch64-omp,
clangarm64,mingw-w64-clang-aarch64-grpc,build-depends-on,mingw-w64-clang-aarch64-cc,
clangarm64,mingw-w64-clang-aarch64-grype,build-depends-on,mingw-w64-clang-aarch64-cc,
clangarm64,mingw-w64-clang-aarch64-gsasl,build-depends-on,mingw-w64-clang-aarch64-cc,
clangarm64,mingw-w64-clang-aarch64-gsettings-desktop-schemas,build-depends-on,mingw-w64-clang-aarch64-cc,
clangarm64,mingw-w64-clang-aarch64-gsl,build-depends-on,mingw-w64-clang-aarch64-cc,
clangarm64,mingw-w64-clang-aarch64-gsl-lite,build-depends-on,mingw-w64-clang-aarch64-cc,
clangarm64,mingw-w64-clang-aarch64-gsm,build-depends-on,mingw-w64-clang-aarch64-cc,
clangarm64,mingw-w64-clang-aarch64-gsoap,build-depends-on,mingw-w64-clang-aarch64-cc,
clangarm64,mingw-w64-clang-aarch64-gspell,build-depends-on,mingw-w64-clang-aarch64-cc,
clangarm64,mingw-w64-clang-aarch64-gss,build-depends-on,mingw-w64-clang-aarch64-cc,
clangarm64,mingw-w64-clang-aarch64-gssdp,build-depends-on,mingw-w64-clang-aarch64-cc,
clangarm64,mingw-w64-clang-aarch64-gssdp-docs,build-depends-on,mingw-w64-clang-aarch64-cc,
clangarm64,mingw-w64-clang-aarch64-gst-devtools,build-depends-on,mingw-w64-clang-aarch64-cc,
clangarm64,mingw-w64-clang-aarch64-gst-editing-services,build-depends-on,mingw-w64-clang-aarch64-cc,
clangarm64,mingw-w64-clang-aarch64-gst-libav,build-depends-on,mingw-w64-clang-aarch64-cc,
clangarm64,mingw-w64-clang-aarch64-gst-plugin-gtk,build-depends-on,mingw-w64-clang-aarch64-cc,
clangarm64,mingw-w64-clang-aarch64-gst-plugin-opencv,build-depends-on,mingw-w64-clang-aarch64-cc,
clangarm64,mingw-w64-clang-aarch64-gst-plugin-opencv,build-depends-on,mingw-w64-clang-aarch64-libjpeg,
clangarm64,mingw-w64-clang-aarch64-gst-plugins-bad,build-depends-on,mingw-w64-clang-aarch64-cc,
clangarm64,mingw-w64-clang-aarch64-gst-plugins-bad,build-depends-on,mingw-w64-clang-aarch64-libjpeg,
clangarm64,mingw-w64-clang-aarch64-gst-plugins-bad-libs,build-depends-on,mingw-w64-clang-aarch64-cc,
clangarm64,mingw-w64-clang-aarch64-gst-plugins-bad-libs,build-depends-on,mingw-w64-clang-aarch64-libjpeg,
clangarm64,mingw-w64-clang-aarch64-gst-plugins-base,build-depends-on,mingw-w64-clang-aarch64-cc,
clangarm64,mingw-w64-clang-aarch64-gst-plugins-good,build-depends-on,mingw-w64-clang-aarch64-cc,
clangarm64,mingw-w64-clang-aarch64-gst-plugins-ugly,build-depends-on,mingw-w64-clang-aarch64-cc,
clangarm64,mingw-w64-clang-aarch64-gst-python,build-depends-on,mingw-w64-clang-aarch64-cc,
clangarm64,mingw-w64-clang-aarch64-gst-rtsp-server,build-depends-on,mingw-w64-clang-aarch64-cc,
clangarm64,mingw-w64-clang-aarch64-gstreamer,build-depends-on,mingw-w64-clang-aarch64-cc,
clangarm64,mingw-w64-clang-aarch64-gtest,build-depends-on,mingw-w64-clang-aarch64-cc,
clangarm64,mingw-w64-clang-aarch64-gtk-doc,build-depends-on,mingw-w64-clang-aarch64-cc,
clangarm64,mingw-w64-clang-aarch64-gtk-update-icon-cache,build-depends-on,mingw-w64-clang-aarch64-cc,
clangarm64,mingw-w64-clang-aarch64-gtk-vnc,build-depends-on,mingw-w64-clang-aarch64-cc,
clangarm64,mingw-w64-clang-aarch64-gtk2,build-depends-on,mingw-w64-clang-aarch64-cc,
clangarm64,mingw-w64-clang-aarch64-gtk3,build-depends-on,mingw-w64-clang-aarch64-cc,
clangarm64,mingw-w64-clang-aarch64-gtk4,build-depends-on,mingw-w64-clang-aarch64-cc,
clangarm64,mingw-w64-clang-aarch64-gtkdatabox,build-depends-on,mingw-w64-clang-aarch64-cc,
clangarm64,mingw-w64-clang-aarch64-gtkmm-4.0,build-depends-on,mingw-w64-clang-aarch64-cc,
clangarm64,mingw-w64-clang-aarch64-gtkmm3,build-depends-on,mingw-w64-clang-aarch64-cc,
clangarm64,mingw-w64-clang-aarch64-gtksourceview3,build-depends-on,mingw-w64-clang-aarch64-cc,
clangarm64,mingw-w64-clang-aarch64-gtksourceview4,build-depends-on,mingw-w64-clang-aarch64-cc,
clangarm64,mingw-w64-clang-aarch64-gtksourceview5,build-depends-on,mingw-w64-clang-aarch64-cc,
clangarm64,mingw-w64-clang-aarch64-gtksourceviewmm3,build-depends-on,mingw-w64-clang-aarch64-cc,
clangarm64,mingw-w64-clang-aarch64-gtkspell3,build-depends-on,mingw-w64-clang-aarch64-cc,
clangarm64,mingw-w64-clang-aarch64-gtkwave,build-depends-on,mingw-w64-clang-aarch64-cc,
clangarm64,mingw-w64-clang-aarch64-gtkwave,build-depends-on,perlxml,
clangarm64,mingw-w64-clang-aarch64-gts,build-depends-on,mingw-w64-clang-aarch64-cc,
clangarm64,mingw-w64-clang-aarch64-gumbo-parser,build-depends-on,mingw-w64-clang-aarch64-cc,
clangarm64,mingw-w64-clang-aarch64-gw,build-depends-on,mingw-w64-clang-aarch64-gcc,
clangarm64,mingw-w64-clang-aarch64-gxml,build-depends-on,mingw-w64-clang-aarch64-cc,
clangarm64,mingw-w64-clang-aarch64-hackrf,build-depends-on,mingw-w64-clang-aarch64-cc,
clangarm64,mingw-w64-clang-aarch64-handbrake,build-depends-on,mingw-w64-clang-aarch64-cc,
clangarm64,mingw-w64-clang-aarch64-harfbuzz,build-depends-on,mingw-w64-clang-aarch64-cc,
clangarm64,mingw-w64-clang-aarch64-harfbuzz-cairo,build-depends-on,mingw-w64-clang-aarch64-cc,
clangarm64,mingw-w64-clang-aarch64-harfbuzz-docs,build-depends-on,mingw-w64-clang-aarch64-cc,
clangarm64,mingw-w64-clang-aarch64-harfbuzz-icu,build-depends-on,mingw-w64-clang-aarch64-cc,
clangarm64,mingw-w64-clang-aarch64-harfbuzz-utils,build-depends-on,mingw-w64-clang-aarch64-cc,
clangarm64,mingw-w64-clang-aarch64-hclient,build-depends-on,mingw-w64-clang-aarch64-cc,
clangarm64,mingw-w64-clang-aarch64-hdf4,build-depends-on,mingw-w64-clang-aarch64-cc,
clangarm64,mingw-w64-clang-aarch64-hdf4,build-depends-on,mingw-w64-clang-aarch64-fc,
clangarm64,mingw-w64-clang-aarch64-hdf5,build-depends-on,mingw-w64-clang-aarch64-cc,
clangarm64,mingw-w64-clang-aarch64-hdf5,build-depends-on,mingw-w64-clang-aarch64-fc,
clangarm64,mingw-w64-clang-aarch64-heimdall,build-depends-on,mingw-w64-clang-aarch64-cc,
clangarm64,mingw-w64-clang-aarch64-helics,build-depends-on,mingw-w64-clang-aarch64-cc,
clangarm64,mingw-w64-clang-aarch64-hexchat,build-depends-on,mingw-w64-clang-aarch64-cc,
clangarm64,mingw-w64-clang-aarch64-hid-bootloader-cli,build-depends-on,mingw-w64-clang-aarch64-cc,
clangarm64,mingw-w64-clang-aarch64-hidapi,build-depends-on,mingw-w64-clang-aarch64-cc,
clangarm64,mingw-w64-clang-aarch64-hidapitester,build-depends-on,mingw-w64-clang-aarch64-cc,
clangarm64,mingw-w64-clang-aarch64-highfive,build-depends-on,mingw-w64-clang-aarch64-cc,
clangarm64,mingw-w64-clang-aarch64-highlight,build-depends-on,mingw-w64-clang-aarch64-cc,
clangarm64,mingw-w64-clang-aarch64-highs,build-depends-on,mingw-w64-clang-aarch64-cc,
clangarm64,mingw-w64-clang-aarch64-highs,build-depends-on,mingw-w64-clang-aarch64-fc,
clangarm64,mingw-w64-clang-aarch64-highway,build-depends-on,mingw-w64-clang-aarch64-cc,
clangarm64,mingw-w64-clang-aarch64-hiredis,build-depends-on,mingw-w64-clang-aarch64-cc,
clangarm64,mingw-w64-clang-aarch64-hlsl2glsl,build-depends-on,mingw-w64-clang-aarch64-cc,
clangarm64,mingw-w64-clang-aarch64-htslib,build-depends-on,mingw-w64-clang-aarch64-cc,
clangarm64,mingw-w64-clang-aarch64-http-parser,build-depends-on,mingw-w64-clang-aarch64-cc,
clangarm64,mingw-w64-clang-aarch64-hugo,build-depends-on,mingw-w64-clang-aarch64-cc,
clangarm64,mingw-w64-clang-aarch64-hunspell,build-depends-on,mingw-w64-clang-aarch64-cc,
clangarm64,mingw-w64-clang-aarch64-hwloc,build-depends-on,mingw-w64-clang-aarch64-cc,
clangarm64,mingw-w64-clang-aarch64-hyphen,build-depends-on,mingw-w64-clang-aarch64-cc,
clangarm64,mingw-w64-clang-aarch64-hyphen-en,build-depends-on,mingw-w64-clang-aarch64-cc,
clangarm64,mingw-w64-clang-aarch64-hypre,build-depends-on,mingw-w64-clang-aarch64-cc,
clangarm64,mingw-w64-clang-aarch64-i2pd,build-depends-on,mingw-w64-clang-aarch64-cc,
clangarm64,mingw-w64-clang-aarch64-icesprog,build-depends-on,mingw-w64-clang-aarch64-cc,
clangarm64,mingw-w64-clang-aarch64-icestorm,build-depends-on,mingw-w64-clang-aarch64-cc,
clangarm64,mingw-w64-clang-aarch64-iconv,build-depends-on,mingw-w64-clang-aarch64-cc,
clangarm64,mingw-w64-clang-aarch64-icoutils,build-depends-on,mingw-w64-clang-aarch64-cc,
clangarm64,mingw-w64-clang-aarch64-icu,build-depends-on,mingw-w64-clang-aarch64-cc,
clangarm64,mingw-w64-clang-aarch64-id3lib,build-depends-on,mingw-w64-clang-aarch64-cc,
clangarm64,mingw-w64-clang-aarch64-ideviceinstaller,build-depends-on,mingw-w64-clang-aarch64-cc,
clangarm64,mingw-w64-clang-aarch64-idevicerestore,build-depends-on,mingw-w64-clang-aarch64-cc,
clangarm64,mingw-w64-clang-aarch64-ifcopenshell,build-depends-on,mingw-w64-clang-aarch64-cc,
clangarm64,mingw-w64-clang-aarch64-igraph,build-depends-on,mingw-w64-clang-aarch64-cc,
clangarm64,mingw-w64-clang-aarch64-iir,build-depends-on,mingw-w64-clang-aarch64-cc,
clangarm64,mingw-w64-clang-aarch64-imagemagick,build-depends-on,mingw-w64-clang-aarch64-cc,
clangarm64,mingw-w64-clang-aarch64-imagemagick-docs,build-depends-on,mingw-w64-clang-aarch64-cc,
clangarm64,mingw-w64-clang-aarch64-imath,build-depends-on,mingw-w64-clang-aarch64-cc,
clangarm64,mingw-w64-clang-aarch64-iml,build-depends-on,mingw-w64-clang-aarch64-cc,
clangarm64,mingw-w64-clang-aarch64-immer,build-depends-on,mingw-w64-clang-aarch64-cc,
clangarm64,mingw-w64-clang-aarch64-include-what-you-use,build-depends-on,mingw-w64-clang-aarch64-cc,
clangarm64,mingw-w64-clang-aarch64-indent,build-depends-on,mingw-w64-clang-aarch64-cc,
clangarm64,mingw-w64-clang-aarch64-inja,build-depends-on,mingw-w64-clang-aarch64-cc,
clangarm64,mingw-w64-clang-aarch64-inkscape,build-depends-on,mingw-w64-clang-aarch64-cc,
clangarm64,mingw-w64-clang-aarch64-innoextract,build-depends-on,mingw-w64-clang-aarch64-cc,
clangarm64,mingw-w64-clang-aarch64-intel-xed,build-depends-on,mingw-w64-clang-aarch64-cc,
clangarm64,mingw-w64-clang-aarch64-irrlicht,build-depends-on,mingw-w64-clang-aarch64-cc,
clangarm64,mingw-w64-clang-aarch64-is_utf8,build-depends-on,mingw-w64-clang-aarch64-cc,
clangarm64,mingw-w64-clang-aarch64-isa-l,build-depends-on,mingw-w64-clang-aarch64-cc,
clangarm64,mingw-w64-clang-aarch64-isl,build-depends-on,mingw-w64-clang-aarch64-cc,
clangarm64,mingw-w64-clang-aarch64-ispc,build-depends-on,mingw-w64-clang-aarch64-cc,
clangarm64,mingw-w64-clang-aarch64-itk,build-depends-on,mingw-w64-clang-aarch64-cc,
clangarm64,mingw-w64-clang-aarch64-itstool,build-depends-on,mingw-w64-clang-aarch64-cc,
clangarm64,mingw-w64-clang-aarch64-iverilog,build-depends-on,mingw-w64-clang-aarch64-cc,
clangarm64,mingw-w64-clang-aarch64-ixion,build-depends-on,mingw-w64-clang-aarch64-cc,
clangarm64,mingw-w64-clang-aarch64-jack2,build-depends-on,mingw-w64-clang-aarch64-cc,
clangarm64,mingw-w64-clang-aarch64-jansson,build-depends-on,mingw-w64-clang-aarch64-cc,
clangarm64,mingw-w64-clang-aarch64-jasper,build-depends-on,mingw-w64-clang-aarch64-cc,
clangarm64,mingw-w64-clang-aarch64-jasper-docs,build-depends-on,mingw-w64-clang-aarch64-cc,
clangarm64,mingw-w64-clang-aarch64-jbig2dec,build-depends-on,mingw-w64-clang-aarch64-cc,
clangarm64,mingw-w64-clang-aarch64-jbigkit,build-depends-on,mingw-w64-clang-aarch64-cc,
clangarm64,mingw-w64-clang-aarch64-jemalloc,build-depends-on,mingw-w64-clang-aarch64-cc,
clangarm64,mingw-w64-clang-aarch64-jkqtplotter,build-depends-on,mingw-w64-clang-aarch64-cc,
clangarm64,mingw-w64-clang-aarch64-jo,build-depends-on,mingw-w64-clang-aarch64-cc,
clangarm64,mingw-w64-clang-aarch64-jolt-physics,build-depends-on,mingw-w64-clang-aarch64-cc,
clangarm64,mingw-w64-clang-aarch64-jom,build-depends-on,mingw-w64-clang-aarch64-cc,
clangarm64,mingw-w64-clang-aarch64-jp2-pixbuf-loader,build-depends-on,mingw-w64-clang-aarch64-cc,
clangarm64,mingw-w64-clang-aarch64-jpegoptim,build-depends-on,mingw-w64-clang-aarch64-cc,
clangarm64,mingw-w64-clang-aarch64-jq,build-depends-on,mingw-w64-clang-aarch64-cc,
clangarm64,mingw-w64-clang-aarch64-jq-lsp,build-depends-on,mingw-w64-clang-aarch64-cc,
clangarm64,mingw-w64-clang-aarch64-json-c,build-depends-on,mingw-w64-clang-aarch64-cc,
clangarm64,mingw-w64-clang-aarch64-json-fortran,build-depends-on,mingw-w64-clang-aarch64-fc,
clangarm64,mingw-w64-clang-aarch64-json-glib,build-depends-on,mingw-w64-clang-aarch64-cc,
clangarm64,mingw-w64-clang-aarch64-json-schema-validator,build-depends-on,mingw-w64-clang-aarch64-cc,
clangarm64,mingw-w64-clang-aarch64-jsoncpp,build-depends-on,mingw-w64-clang-aarch64-cc,
clangarm64,mingw-w64-clang-aarch64-jsonnet,build-depends-on,mingw-w64-clang-aarch64-cc,
clangarm64,mingw-w64-clang-aarch64-jsonrpc-glib,build-depends-on,mingw-w64-clang-aarch64-cc,
clangarm64,mingw-w64-clang-aarch64-jsonrpc-glib-docs,build-depends-on,mingw-w64-clang-aarch64-cc,
clangarm64,mingw-w64-clang-aarch64-judy,build-depends-on,mingw-w64-clang-aarch64-cc,
clangarm64,mingw-w64-clang-aarch64-jxrlib,build-depends-on,mingw-w64-clang-aarch64-cc,
clangarm64,mingw-w64-clang-aarch64-karchive,build-depends-on,mingw-w64-clang-aarch64-cc,
clangarm64,mingw-w64-clang-aarch64-kate,build-depends-on,mingw-w64-clang-aarch64-cc,
clangarm64,mingw-w64-clang-aarch64-kate-wakatime,build-depends-on,mingw-w64-clang-aarch64-cc,
clangarm64,mingw-w64-clang-aarch64-kbookmarks,build-depends-on,mingw-w64-clang-aarch64-cc,
clangarm64,mingw-w64-clang-aarch64-kcachegrind,build-depends-on,mingw-w64-clang-aarch64-cc,
clangarm64,mingw-w64-clang-aarch64-kcmutils,build-depends-on,mingw-w64-clang-aarch64-cc,
clangarm64,mingw-w64-clang-aarch64-kcodecs,build-depends-on,mingw-w64-clang-aarch64-cc,
clangarm64,mingw-w64-clang-aarch64-kcolorscheme,build-depends-on,mingw-w64-clang-aarch64-cc,
clangarm64,mingw-w64-clang-aarch64-kcompletion,build-depends-on,mingw-w64-clang-aarch64-cc,
clangarm64,mingw-w64-clang-aarch64-kconfig,build-depends-on,mingw-w64-clang-aarch64-cc,
clangarm64,mingw-w64-clang-aarch64-kconfigwidgets,build-depends-on,mingw-w64-clang-aarch64-cc,
clangarm64,mingw-w64-clang-aarch64-kcontacts,build-depends-on,mingw-w64-clang-aarch64-cc,
clangarm64,mingw-w64-clang-aarch64-kcoreaddons,build-depends-on,mingw-w64-clang-aarch64-cc,
clangarm64,mingw-w64-clang-aarch64-kcrash,build-depends-on,mingw-w64-clang-aarch64-cc,
clangarm64,mingw-w64-clang-aarch64-kdbusaddons,build-depends-on,mingw-w64-clang-aarch64-cc,
clangarm64,mingw-w64-clang-aarch64-kddockwidgets,build-depends-on,mingw-w64-clang-aarch64-cc,
clangarm64,mingw-w64-clang-aarch64-kdeclarative,build-depends-on,mingw-w64-clang-aarch64-cc,
clangarm64,mingw-w64-clang-aarch64-kdeconnect,build-depends-on,mingw-w64-clang-aarch64-cc,
clangarm64,mingw-w64-clang-aarch64-kdegraphics-mobipocket,build-depends-on,mingw-w64-clang-aarch64-cc,
clangarm64,mingw-w64-clang-aarch64-kdenlive,build-depends-on,mingw-w64-clang-aarch64-cc,
clangarm64,mingw-w64-clang-aarch64-kdiagram,build-depends-on,mingw-w64-clang-aarch64-cc,
clangarm64,mingw-w64-clang-aarch64-kdiff3,build-depends-on,mingw-w64-clang-aarch64-cc,
clangarm64,mingw-w64-clang-aarch64-kdnssd,build-depends-on,mingw-w64-clang-aarch64-cc,
clangarm64,mingw-w64-clang-aarch64-kdoctools,build-depends-on,mingw-w64-clang-aarch64-cc,
clangarm64,mingw-w64-clang-aarch64-kdsingleapplication,build-depends-on,mingw-w64-clang-aarch64-cc,
clangarm64,mingw-w64-clang-aarch64-kdstatemachineeditor,build-depends-on,mingw-w64-clang-aarch64-cc,
clangarm64,mingw-w64-clang-aarch64-keepassxc,build-depends-on,mingw-w64-clang-aarch64-cc,
clangarm64,mingw-w64-clang-aarch64-keystone,build-depends-on,mingw-w64-clang-aarch64-cc,
clangarm64,mingw-w64-clang-aarch64-kfilemetadata,build-depends-on,mingw-w64-clang-aarch64-cc,
clangarm64,mingw-w64-clang-aarch64-kglobalaccel,build-depends-on,mingw-w64-clang-aarch64-cc,
clangarm64,mingw-w64-clang-aarch64-kguiaddons,build-depends-on,mingw-w64-clang-aarch64-cc,
clangarm64,mingw-w64-clang-aarch64-kholidays,build-depends-on,mingw-w64-clang-aarch64-cc,
clangarm64,mingw-w64-clang-aarch64-ki18n,build-depends-on,mingw-w64-clang-aarch64-cc,
clangarm64,mingw-w64-clang-aarch64-kicad,build-depends-on,mingw-w64-clang-aarch64-cc,
clangarm64,mingw-w64-clang-aarch64-kicad-demos,build-depends-on,mingw-w64-clang-aarch64-cc,
clangarm64,mingw-w64-clang-aarch64-kicad-meta,build-depends-on,mingw-w64-clang-aarch64-cc,
clangarm64,mingw-w64-clang-aarch64-kicad-packages3D,build-depends-on,mingw-w64-clang-aarch64-cmake,
clangarm64,mingw-w64-clang-aarch64-kicad-packages3D,build-depends-on,mingw-w64-clang-aarch64-ninja,
clangarm64,mingw-w64-clang-aarch64-kiconthemes,build-depends-on,mingw-w64-clang-aarch64-cc,
clangarm64,mingw-w64-clang-aarch64-kidletime,build-depends-on,mingw-w64-clang-aarch64-cc,
clangarm64,mingw-w64-clang-aarch64-kimageformats,build-depends-on,mingw-w64-clang-aarch64-cc,
clangarm64,mingw-w64-clang-aarch64-kio,build-depends-on,mingw-w64-clang-aarch64-cc,
clangarm64,mingw-w64-clang-aarch64-kirigami,build-depends-on,mingw-w64-clang-aarch64-cc,
clangarm64,mingw-w64-clang-aarch64-kirigami-addons,build-depends-on,mingw-w64-clang-aarch64-cc,
clangarm64,mingw-w64-clang-aarch64-kiss_fft,build-depends-on,mingw-w64-clang-aarch64-cc,
clangarm64,mingw-w64-clang-aarch64-kitemmodels,build-depends-on,mingw-w64-clang-aarch64-cc,
clangarm64,mingw-w64-clang-aarch64-kitemviews,build-depends-on,mingw-w64-clang-aarch64-cc,
clangarm64,mingw-w64-clang-aarch64-kjobwidgets,build-depends-on,mingw-w64-clang-aarch64-cc,
clangarm64,mingw-w64-clang-aarch64-knewstuff,build-depends-on,mingw-w64-clang-aarch64-cc,
clangarm64,mingw-w64-clang-aarch64-knotifications,build-depends-on,mingw-w64-clang-aarch64-cc,
clangarm64,mingw-w64-clang-aarch64-knotifyconfig,build-depends-on,mingw-w64-clang-aarch64-cc,
clangarm64,mingw-w64-clang-aarch64-koboldcpp,build-depends-on,mingw-w64-clang-aarch64-cc,
clangarm64,mingw-w64-clang-aarch64-konsole,build-depends-on,mingw-w64-clang-aarch64-cc,
clangarm64,mingw-w64-clang-aarch64-konversation,build-depends-on,mingw-w64-clang-aarch64-cc,
clangarm64,mingw-w64-clang-aarch64-kpackage,build-depends-on,mingw-w64-clang-aarch64-cc,
clangarm64,mingw-w64-clang-aarch64-kparts,build-depends-on,mingw-w64-clang-aarch64-cc,
clangarm64,mingw-w64-clang-aarch64-kpeople,build-depends-on,mingw-w64-clang-aarch64-cc,
clangarm64,mingw-w64-clang-aarch64-kplotting,build-depends-on,mingw-w64-clang-aarch64-cc,
clangarm64,mingw-w64-clang-aarch64-kqtquickcharts,build-depends-on,mingw-w64-clang-aarch64-cc,
clangarm64,mingw-w64-clang-aarch64-krita,build-depends-on,mingw-w64-clang-aarch64-cc,
clangarm64,mingw-w64-clang-aarch64-krpc-cpp,build-depends-on,mingw-w64-clang-aarch64-cc,
clangarm64,mingw-w64-clang-aarch64-kseexpr,build-depends-on,mingw-w64-clang-aarch64-cc,
clangarm64,mingw-w64-clang-aarch64-kservice,build-depends-on,mingw-w64-clang-aarch64-cc,
clangarm64,mingw-w64-clang-aarch64-kstatusnotifieritem,build-depends-on,mingw-w64-clang-aarch64-cc,
clangarm64,mingw-w64-clang-aarch64-ktexteditor,build-depends-on,mingw-w64-clang-aarch64-cc,
clangarm64,mingw-w64-clang-aarch64-ktextwidgets,build-depends-on,mingw-w64-clang-aarch64-cc,
clangarm64,mingw-w64-clang-aarch64-ktouch,build-depends-on,mingw-w64-clang-aarch64-cc,
clangarm64,mingw-w64-clang-aarch64-ktx-software,build-depends-on,mingw-w64-clang-aarch64-cc,
clangarm64,mingw-w64-clang-aarch64-kunitconversion,build-depends-on,mingw-w64-clang-aarch64-cc,
clangarm64,mingw-w64-clang-aarch64-kuserfeedback,build-depends-on,mingw-w64-clang-aarch64-cc,
clangarm64,mingw-w64-clang-aarch64-kvazaar,build-depends-on,mingw-w64-clang-aarch64-cc,
clangarm64,mingw-w64-clang-aarch64-kwallet,build-depends-on,mingw-w64-clang-aarch64-cc,
clangarm64,mingw-w64-clang-aarch64-kwidgetsaddons,build-depends-on,mingw-w64-clang-aarch64-cc,
clangarm64,mingw-w64-clang-aarch64-kwindowsystem,build-depends-on,mingw-w64-clang-aarch64-cc,
clangarm64,mingw-w64-clang-aarch64-kxmlgui,build-depends-on,mingw-w64-clang-aarch64-cc,
clangarm64,mingw-w64-clang-aarch64-l-smash,build-depends-on,mingw-w64-clang-aarch64-cc,
clangarm64,mingw-w64-clang-aarch64-labplot,build-depends-on,mingw-w64-clang-aarch64-cc,
clangarm64,mingw-w64-clang-aarch64-lager,build-depends-on,mingw-w64-clang-aarch64-cc,
clangarm64,mingw-w64-clang-aarch64-lame,build-depends-on,mingw-w64-clang-aarch64-cc,
clangarm64,mingw-w64-clang-aarch64-lammps,build-depends-on,mingw-w64-clang-aarch64-cc,
clangarm64,mingw-w64-clang-aarch64-lammps,build-depends-on,mingw-w64-clang-aarch64-fc,
clangarm64,mingw-w64-clang-aarch64-lapack,build-depends-on,mingw-w64-clang-aarch64-cc,
clangarm64,mingw-w64-clang-aarch64-lapack,build-depends-on,mingw-w64-clang-aarch64-fc,
clangarm64,mingw-w64-clang-aarch64-lapack64,build-depends-on,mingw-w64-clang-aarch64-cc,
clangarm64,mingw-w64-clang-aarch64-lapack64,build-depends-on,mingw-w64-clang-aarch64-fc,
clangarm64,mingw-w64-clang-aarch64-lapacke,build-depends-on,mingw-w64-clang-aarch64-cc,
clangarm64,mingw-w64-clang-aarch64-lapacke,build-depends-on,mingw-w64-clang-aarch64-fc,
clangarm64,mingw-w64-clang-aarch64-lapacke64,build-depends-on,mingw-w64-clang-aarch64-cc,
clangarm64,mingw-w64-clang-aarch64-lapacke64,build-depends-on,mingw-w64-clang-aarch64-fc,
clangarm64,mingw-w64-clang-aarch64-lasem,build-depends-on,mingw-w64-clang-aarch64-cc,
clangarm64,mingw-w64-clang-aarch64-laszip,build-depends-on,mingw-w64-clang-aarch64-cc,
clangarm64,mingw-w64-clang-aarch64-lcms2,build-depends-on,mingw-w64-clang-aarch64-cc,
clangarm64,mingw-w64-clang-aarch64-ldns,build-depends-on,mingw-w64-clang-aarch64-cc,
clangarm64,mingw-w64-clang-aarch64-ledger,build-depends-on,mingw-w64-clang-aarch64-cc,
clangarm64,mingw-w64-clang-aarch64-lensfun,build-depends-on,mingw-w64-clang-aarch64-cc,
clangarm64,mingw-w64-clang-aarch64-leocad,build-depends-on,mingw-w64-clang-aarch64-cc,
clangarm64,mingw-w64-clang-aarch64-leptonica,build-depends-on,mingw-w64-clang-aarch64-cc,
clangarm64,mingw-w64-clang-aarch64-lerc,build-depends-on,mingw-w64-clang-aarch64-cc,
clangarm64,mingw-w64-clang-aarch64-level-zero-headers,build-depends-on,mingw-w64-clang-aarch64-cc,
clangarm64,mingw-w64-clang-aarch64-level-zero-loader,build-depends-on,mingw-w64-clang-aarch64-cc,
clangarm64,mingw-w64-clang-aarch64-leveldb,build-depends-on,mingw-w64-clang-aarch64-cc,
clangarm64,mingw-w64-clang-aarch64-lexbor,build-depends-on,mingw-w64-clang-aarch64-cc,
clangarm64,mingw-w64-clang-aarch64-lf,build-depends-on,mingw-w64-clang-aarch64-cc,
clangarm64,mingw-w64-clang-aarch64-lfcbase,build-depends-on,mingw-w64-clang-aarch64-cc,
clangarm64,mingw-w64-clang-aarch64-lfcxml,build-depends-on,mingw-w64-clang-aarch64-cc,
clangarm64,mingw-w64-clang-aarch64-lfortran,build-depends-on,mingw-w64-clang-aarch64-cc,
clangarm64,mingw-w64-clang-aarch64-lib2geom,build-depends-on,mingw-w64-clang-aarch64-cc,
clangarm64,mingw-w64-clang-aarch64-lib3mf,build-depends-on,mingw-w64-clang-aarch64-cc,
clangarm64,mingw-w64-clang-aarch64-libaacs,build-depends-on,mingw-w64-clang-aarch64-cc,
clangarm64,mingw-w64-clang-aarch64-libabw,build-depends-on,mingw-w64-clang-aarch64-cc,
clangarm64,mingw-w64-clang-aarch64-libad9361-iio,build-depends-on,mingw-w64-clang-aarch64-cc,
clangarm64,mingw-w64-clang-aarch64-libadwaita,build-depends-on,mingw-w64-clang-aarch64-cc,
clangarm64,mingw-w64-clang-aarch64-libaec,build-depends-on,mingw-w64-clang-aarch64-cc,
clangarm64,mingw-w64-clang-aarch64-libao,build-depends-on,mingw-w64-clang-aarch64-cc,
clangarm64,mingw-w64-clang-aarch64-libarchive,build-depends-on,mingw-w64-clang-aarch64-cc,
clangarm64,mingw-w64-clang-aarch64-libaribcaption,build-depends-on,mingw-w64-clang-aarch64-cc,
clangarm64,mingw-w64-clang-aarch64-libart_lgpl,build-depends-on,mingw-w64-clang-aarch64-cc,
clangarm64,mingw-w64-clang-aarch64-libass,build-depends-on,mingw-w64-clang-aarch64-cc,
clangarm64,mingw-w64-clang-aarch64-libassuan,build-depends-on,mingw-w64-clang-aarch64-cc,
clangarm64,mingw-w64-clang-aarch64-libatomic_ops,build-depends-on,mingw-w64-clang-aarch64-cc,
clangarm64,mingw-w64-clang-aarch64-libavif,build-depends-on,mingw-w64-clang-aarch64-cc,
clangarm64,mingw-w64-clang-aarch64-libavro,build-depends-on,mingw-w64-clang-aarch64-cc,
clangarm64,mingw-w64-clang-aarch64-libb2,build-depends-on,mingw-w64-clang-aarch64-cc,
clangarm64,mingw-w64-clang-aarch64-libb64,build-depends-on,mingw-w64-clang-aarch64-cc,
clangarm64,mingw-w64-clang-aarch64-libbacktrace,build-depends-on,mingw-w64-clang-aarch64-cc,
clangarm64,mingw-w64-clang-aarch64-libbdplus,build-depends-on,mingw-w64-clang-aarch64-cc,
clangarm64,mingw-w64-clang-aarch64-libblake3,build-depends-on,mingw-w64-clang-aarch64-cc,
clangarm64,mingw-w64-clang-aarch64-libbluray,build-depends-on,mingw-w64-clang-aarch64-cc,
clangarm64,mingw-w64-clang-aarch64-libbotan,build-depends-on,mingw-w64-clang-aarch64-cc,
clangarm64,mingw-w64-clang-aarch64-libbraiding,build-depends-on,mingw-w64-clang-aarch64-cc,
clangarm64,mingw-w64-clang-aarch64-libbs2b,build-depends-on,mingw-w64-clang-aarch64-cc,
clangarm64,mingw-w64-clang-aarch64-libbsdf,build-depends-on,mingw-w64-clang-aarch64-cc,
clangarm64,mingw-w64-clang-aarch64-libcaca,build-depends-on,mingw-w64-clang-aarch64-cc,
clangarm64,mingw-w64-clang-aarch64-libcacard,build-depends-on,mingw-w64-clang-aarch64-cc,
clangarm64,mingw-w64-clang-aarch64-libcbor,build-depends-on,mingw-w64-clang-aarch64-cc,
clangarm64,mingw-w64-clang-aarch64-libcddb,build-depends-on,mingw-w64-clang-aarch64-cc,
clangarm64,mingw-w64-clang-aarch64-libcdio,build-depends-on,mingw-w64-clang-aarch64-cc,
clangarm64,mingw-w64-clang-aarch64-libcdio-paranoia,build-depends-on,mingw-w64-clang-aarch64-cc,
clangarm64,mingw-w64-clang-aarch64-libcdr,build-depends-on,mingw-w64-clang-aarch64-cc,
clangarm64,mingw-w64-clang-aarch64-libcello,build-depends-on,mingw-w64-clang-aarch64-cc,
clangarm64,mingw-w64-clang-aarch64-libcerf,build-depends-on,mingw-w64-clang-aarch64-cc,
clangarm64,mingw-w64-clang-aarch64-libcloudproviders,build-depends-on,mingw-w64-clang-aarch64-cc,
clangarm64,mingw-w64-clang-aarch64-libcmis,build-depends-on,mingw-w64-clang-aarch64-cc,
clangarm64,mingw-w64-clang-aarch64-libconfig,build-depends-on,mingw-w64-clang-aarch64-cc,
clangarm64,mingw-w64-clang-aarch64-libconfini,build-depends-on,mingw-w64-clang-aarch64-cc,
clangarm64,mingw-w64-clang-aarch64-libcue,build-depends-on,mingw-w64-clang-aarch64-cc,
clangarm64,mingw-w64-clang-aarch64-libdatrie,build-depends-on,mingw-w64-clang-aarch64-cc,
clangarm64,mingw-w64-clang-aarch64-libdatrie-docs,build-depends-on,mingw-w64-clang-aarch64-cc,
clangarm64,mingw-w64-clang-aarch64-libdazzle,build-depends-on,mingw-w64-clang-aarch64-cc,
clangarm64,mingw-w64-clang-aarch64-libdca,build-depends-on,mingw-w64-clang-aarch64-cc,
clangarm64,mingw-w64-clang-aarch64-libde265,build-depends-on,mingw-w64-clang-aarch64-SDL2,
clangarm64,mingw-w64-clang-aarch64-libde265,build-depends-on,mingw-w64-clang-aarch64-cc,
clangarm64,mingw-w64-clang-aarch64-libdeflate,build-depends-on,mingw-w64-clang-aarch64-cc,
clangarm64,mingw-w64-clang-aarch64-libdex,build-depends-on,mingw-w64-clang-aarch64-cc,
clangarm64,mingw-w64-clang-aarch64-libdicom,build-depends-on,mingw-w64-clang-aarch64-cc,
clangarm64,mingw-w64-clang-aarch64-libdiscid,build-depends-on,mingw-w64-clang-aarch64-cc,
clangarm64,mingw-w64-clang-aarch64-libdmtx,build-depends-on,mingw-w64-clang-aarch64-cc,
clangarm64,mingw-w64-clang-aarch64-libdsm,build-depends-on,mingw-w64-clang-aarch64-cc,
clangarm64,mingw-w64-clang-aarch64-libdvbpsi,build-depends-on,mingw-w64-clang-aarch64-cc,
clangarm64,mingw-w64-clang-aarch64-libdvdcss,build-depends-on,mingw-w64-clang-aarch64-cc,
clangarm64,mingw-w64-clang-aarch64-libdvdnav,build-depends-on,mingw-w64-clang-aarch64-cc,
clangarm64,mingw-w64-clang-aarch64-libdvdread,build-depends-on,mingw-w64-clang-aarch64-cc,
clangarm64,mingw-w64-clang-aarch64-libdwarf,build-depends-on,mingw-w64-clang-aarch64-cc,
clangarm64,mingw-w64-clang-aarch64-libe-book,build-depends-on,mingw-w64-clang-aarch64-cc,
clangarm64,mingw-w64-clang-aarch64-libebml,build-depends-on,mingw-w64-clang-aarch64-cc,
clangarm64,mingw-w64-clang-aarch64-libebur128,build-depends-on,mingw-w64-clang-aarch64-cc,
clangarm64,mingw-w64-clang-aarch64-libelf,build-depends-on,mingw-w64-clang-aarch64-cc,
clangarm64,mingw-w64-clang-aarch64-libepoxy,build-depends-on,mingw-w64-clang-aarch64-cc,
clangarm64,mingw-w64-clang-aarch64-libepubgen,build-depends-on,mingw-w64-clang-aarch64-cc,
clangarm64,mingw-w64-clang-aarch64-liberime,build-depends-on,mingw-w64-clang-aarch64-cc,
clangarm64,mingw-w64-clang-aarch64-libetonyek,build-depends-on,mingw-w64-clang-aarch64-cc,
clangarm64,mingw-w64-clang-aarch64-libevent,build-depends-on,mingw-w64-clang-aarch64-cc,
clangarm64,mingw-w64-clang-aarch64-libexif,build-depends-on,mingw-w64-clang-aarch64-cc,
clangarm64,mingw-w64-clang-aarch64-libexttextcat,build-depends-on,mingw-w64-clang-aarch64-cc,
clangarm64,mingw-w64-clang-aarch64-libfdf,build-depends-on,mingw-w64-clang-aarch64-fc,
clangarm64,mingw-w64-clang-aarch64-libffi,build-depends-on,mingw-w64-clang-aarch64-cc,
clangarm64,mingw-w64-clang-aarch64-libfido2,build-depends-on,mingw-w64-clang-aarch64-cc,
clangarm64,mingw-w64-clang-aarch64-libfilezilla,build-depends-on,mingw-w64-clang-aarch64-cc,
clangarm64,mingw-w64-clang-aarch64-libfilezilla,build-depends-on,mingw-w64-clang-aarch64-gettext,
clangarm64,mingw-w64-clang-aarch64-libfixmath,build-depends-on,mingw-w64-clang-aarch64-cc,
clangarm64,mingw-w64-clang-aarch64-libfreehand,build-depends-on,mingw-w64-clang-aarch64-cc,
clangarm64,mingw-w64-clang-aarch64-libfreexl,build-depends-on,mingw-w64-clang-aarch64-cc,
clangarm64,mingw-w64-clang-aarch64-libftdi,build-depends-on,mingw-w64-clang-aarch64-cc,
clangarm64,mingw-w64-clang-aarch64-libfyaml,build-depends-on,mingw-w64-clang-aarch64-cc,
clangarm64,mingw-w64-clang-aarch64-libgadu,build-depends-on,mingw-w64-clang-aarch64-cc,
clangarm64,mingw-w64-clang-aarch64-libgcrypt,build-depends-on,mingw-w64-clang-aarch64-cc,
clangarm64,mingw-w64-clang-aarch64-libgd,build-depends-on,mingw-w64-clang-aarch64-cc,
clangarm64,mingw-w64-clang-aarch64-libgda,build-depends-on,mingw-w64-clang-aarch64-cc,
clangarm64,mingw-w64-clang-aarch64-libgdiplus,build-depends-on,mingw-w64-clang-aarch64-cc,
clangarm64,mingw-w64-clang-aarch64-libgedit-amtk,build-depends-on,mingw-w64-clang-aarch64-cc,
clangarm64,mingw-w64-clang-aarch64-libgedit-amtk-docs,build-depends-on,mingw-w64-clang-aarch64-cc,
clangarm64,mingw-w64-clang-aarch64-libgedit-gfls,build-depends-on,mingw-w64-clang-aarch64-cc,
clangarm64,mingw-w64-clang-aarch64-libgedit-gfls-docs,build-depends-on,mingw-w64-clang-aarch64-cc,
clangarm64,mingw-w64-clang-aarch64-libgedit-gtksourceview,build-depends-on,mingw-w64-clang-aarch64-cc,
clangarm64,mingw-w64-clang-aarch64-libgedit-tepl,build-depends-on,mingw-w64-clang-aarch64-cc,
clangarm64,mingw-w64-clang-aarch64-libgedit-tepl-docs,build-depends-on,mingw-w64-clang-aarch64-cc,
clangarm64,mingw-w64-clang-aarch64-libgee,build-depends-on,mingw-w64-clang-aarch64-cc,
clangarm64,mingw-w64-clang-aarch64-libgeotiff,build-depends-on,mingw-w64-clang-aarch64-cc,
clangarm64,mingw-w64-clang-aarch64-libgig,build-depends-on,mingw-w64-clang-aarch64-cc,
clangarm64,mingw-w64-clang-aarch64-libgit2,build-depends-on,mingw-w64-clang-aarch64-cc,
clangarm64,mingw-w64-clang-aarch64-libgit2-glib,build-depends-on,mingw-w64-clang-aarch64-cc,
clangarm64,mingw-w64-clang-aarch64-libgit2-glib-docs,build-depends-on,mingw-w64-clang-aarch64-cc,
clangarm64,mingw-w64-clang-aarch64-libgit2-winhttp,build-depends-on,mingw-w64-clang-aarch64-cc,
clangarm64,mingw-w64-clang-aarch64-libgme,build-depends-on,mingw-w64-clang-aarch64-cc,
clangarm64,mingw-w64-clang-aarch64-libgnurx,build-depends-on,mingw-w64-clang-aarch64-cc,
clangarm64,mingw-w64-clang-aarch64-libgoom2,build-depends-on,mingw-w64-clang-aarch64-cc,
clangarm64,mingw-w64-clang-aarch64-libgovirt,build-depends-on,mingw-w64-clang-aarch64-cc,
clangarm64,mingw-w64-clang-aarch64-libgpg-error,build-depends-on,mingw-w64-clang-aarch64-cc,
clangarm64,mingw-w64-clang-aarch64-libgphoto2,build-depends-on,mingw-w64-clang-aarch64-cc,
clangarm64,mingw-w64-clang-aarch64-libgridxc,build-depends-on,mingw-w64-clang-aarch64-fc,
clangarm64,mingw-w64-clang-aarch64-libgsf,build-depends-on,mingw-w64-clang-aarch64-cc,
clangarm64,mingw-w64-clang-aarch64-libguess,build-depends-on,mingw-w64-clang-aarch64-cc,
clangarm64,mingw-w64-clang-aarch64-libgusb,build-depends-on,mingw-w64-clang-aarch64-cc,
clangarm64,mingw-w64-clang-aarch64-libgweather,build-depends-on,mingw-w64-clang-aarch64-cc,
clangarm64,mingw-w64-clang-aarch64-libgxps,build-depends-on,mingw-w64-clang-aarch64-cc,
clangarm64,mingw-w64-clang-aarch64-libhandy,build-depends-on,mingw-w64-clang-aarch64-cc,
clangarm64,mingw-w64-clang-aarch64-libhandy-docs,build-depends-on,mingw-w64-clang-aarch64-cc,
clangarm64,mingw-w64-clang-aarch64-libharu,build-depends-on,mingw-w64-clang-aarch64-cc,
clangarm64,mingw-w64-clang-aarch64-libheif,build-depends-on,mingw-w64-clang-aarch64-cc,
clangarm64,mingw-w64-clang-aarch64-libhomfly,build-depends-on,mingw-w64-clang-aarch64-cc,
clangarm64,mingw-w64-clang-aarch64-libical,build-depends-on,mingw-w64-clang-aarch64-cc,
clangarm64,mingw-w64-clang-aarch64-libiconv,build-depends-on,mingw-w64-clang-aarch64-cc,
clangarm64,mingw-w64-clang-aarch64-libicsneo,build-depends-on,mingw-w64-clang-aarch64-cc,
clangarm64,mingw-w64-clang-aarch64-libid3tag,build-depends-on,mingw-w64-clang-aarch64-cc,
clangarm64,mingw-w64-clang-aarch64-libidl2,build-depends-on,mingw-w64-clang-aarch64-cc,
clangarm64,mingw-w64-clang-aarch64-libidn,build-depends-on,mingw-w64-clang-aarch64-cc,
clangarm64,mingw-w64-clang-aarch64-libidn2,build-depends-on,mingw-w64-clang-aarch64-cc,
clangarm64,mingw-w64-clang-aarch64-libieee1284,build-depends-on,mingw-w64-clang-aarch64-cc,
clangarm64,mingw-w64-clang-aarch64-libiff,build-depends-on,mingw-w64-clang-aarch64-cc,
clangarm64,mingw-w64-clang-aarch64-libiio,build-depends-on,mingw-w64-clang-aarch64-cc,
clangarm64,mingw-w64-clang-aarch64-libilbc,build-depends-on,mingw-w64-clang-aarch64-cc,
clangarm64,mingw-w64-clang-aarch64-libilbm,build-depends-on,mingw-w64-clang-aarch64-cc,
clangarm64,mingw-w64-clang-aarch64-libimobiledevice,build-depends-on,mingw-w64-clang-aarch64-cc,
clangarm64,mingw-w64-clang-aarch64-libimobiledevice-glue,build-depends-on,mingw-w64-clang-aarch64-cc,
clangarm64,mingw-w64-clang-aarch64-libinih,build-depends-on,mingw-w64-clang-aarch64-cc,
clangarm64,mingw-w64-clang-aarch64-libint2,build-depends-on,mingw-w64-clang-aarch64-cc,
clangarm64,mingw-w64-clang-aarch64-libint2,build-depends-on,mingw-w64-clang-aarch64-fc,
clangarm64,mingw-w64-clang-aarch64-libipt,build-depends-on,mingw-w64-clang-aarch64-cc,
clangarm64,mingw-w64-clang-aarch64-libiptcdata,build-depends-on,mingw-w64-clang-aarch64-cc,
clangarm64,mingw-w64-clang-aarch64-libirecovery,build-depends-on,mingw-w64-clang-aarch64-cc,
clangarm64,mingw-w64-clang-aarch64-libjaylink,build-depends-on,mingw-w64-clang-aarch64-cc,
clangarm64,mingw-w64-clang-aarch64-libjpeg-turbo,build-depends-on,mingw-w64-clang-aarch64-cc,
clangarm64,mingw-w64-clang-aarch64-libjxl,build-depends-on,mingw-w64-clang-aarch64-cc,
clangarm64,mingw-w64-clang-aarch64-libkexiv2,build-depends-on,mingw-w64-clang-aarch64-cc,
clangarm64,mingw-w64-clang-aarch64-libkml,build-depends-on,mingw-w64-clang-aarch64-cc,
clangarm64,mingw-w64-clang-aarch64-libkqueue,build-depends-on,mingw-w64-clang-aarch64-cc,
clangarm64,mingw-w64-clang-aarch64-libksba,build-depends-on,mingw-w64-clang-aarch64-cc,
clangarm64,mingw-w64-clang-aarch64-liblangtag,build-depends-on,mingw-w64-clang-aarch64-cc,
clangarm64,mingw-w64-clang-aarch64-liblas,build-depends-on,mingw-w64-clang-aarch64-cc,
clangarm64,mingw-w64-clang-aarch64-liblastfm,build-depends-on,mingw-w64-clang-aarch64-cc,
clangarm64,mingw-w64-clang-aarch64-liblc3,build-depends-on,mingw-w64-clang-aarch64-cc,
clangarm64,mingw-w64-clang-aarch64-liblcf,build-depends-on,mingw-w64-clang-aarch64-cc,
clangarm64,mingw-w64-clang-aarch64-liblo,build-depends-on,mingw-w64-clang-aarch64-cc,
clangarm64,mingw-w64-clang-aarch64-liblqr,build-depends-on,mingw-w64-clang-aarch64-cc,
clangarm64,mingw-w64-clang-aarch64-libltdl,build-depends-on,mingw-w64-clang-aarch64-cc,
clangarm64,mingw-w64-clang-aarch64-libluv,build-depends-on,mingw-w64-clang-aarch64-cc,
clangarm64,mingw-w64-clang-aarch64-libmad,build-depends-on,mingw-w64-clang-aarch64-cc,
clangarm64,mingw-w64-clang-aarch64-libmangle,build-depends-on,mingw-w64-clang-aarch64-cc,
clangarm64,mingw-w64-clang-aarch64-libmariadbclient,build-depends-on,mingw-w64-clang-aarch64-cc,
clangarm64,mingw-w64-clang-aarch64-libmatroska,build-depends-on,mingw-w64-clang-aarch64-cc,
clangarm64,mingw-w64-clang-aarch64-libmatroska,build-depends-on,mingw-w64-clang-aarch64-pkg-config,
clangarm64,mingw-w64-clang-aarch64-libmaxminddb,build-depends-on,mingw-w64-clang-aarch64-cc,
clangarm64,mingw-w64-clang-aarch64-libmbd,build-depends-on,mingw-w64-clang-aarch64-cc,
clangarm64,mingw-w64-clang-aarch64-libmbd,build-depends-on,mingw-w64-clang-aarch64-fc,
clangarm64,mingw-w64-clang-aarch64-libmd,build-depends-on,mingw-w64-clang-aarch64-cc,
clangarm64,mingw-w64-clang-aarch64-libmediainfo,build-depends-on,mingw-w64-clang-aarch64-cc,
clangarm64,mingw-w64-clang-aarch64-libmem,build-depends-on,mingw-w64-clang-aarch64-cc,
clangarm64,mingw-w64-clang-aarch64-libmfx,build-depends-on,mingw-w64-clang-aarch64-cc,
clangarm64,mingw-w64-clang-aarch64-libmicrodns,build-depends-on,mingw-w64-clang-aarch64-cc,
clangarm64,mingw-w64-clang-aarch64-libmicrodns,build-depends-on,mingw-w64-clang-aarch64-pkg-config,
clangarm64,mingw-w64-clang-aarch64-libmicrohttpd,build-depends-on,mingw-w64-clang-aarch64-cc,
clangarm64,mingw-w64-clang-aarch64-libmikmod,build-depends-on,mingw-w64-clang-aarch64-cc,
clangarm64,mingw-w64-clang-aarch64-libmimic,build-depends-on,mingw-w64-clang-aarch64-cc,
clangarm64,mingw-w64-clang-aarch64-libminpack,build-depends-on,mingw-w64-clang-aarch64-fc,
clangarm64,mingw-w64-clang-aarch64-libmng,build-depends-on,mingw-w64-clang-aarch64-cc,
clangarm64,mingw-w64-clang-aarch64-libmodbus,build-depends-on,mingw-w64-clang-aarch64-cc,
clangarm64,mingw-w64-clang-aarch64-libmodplug,build-depends-on,mingw-w64-clang-aarch64-cc,
clangarm64,mingw-w64-clang-aarch64-libmongocrypt,build-depends-on,mingw-w64-clang-aarch64-cc,
clangarm64,mingw-w64-clang-aarch64-libmongoose,build-depends-on,mingw-w64-clang-aarch64-cc,
clangarm64,mingw-w64-clang-aarch64-libmongoose-docs,build-depends-on,mingw-w64-clang-aarch64-cc,
clangarm64,mingw-w64-clang-aarch64-libmowgli,build-depends-on,mingw-w64-clang-aarch64-cc,
clangarm64,mingw-w64-clang-aarch64-libmpack,build-depends-on,mingw-w64-clang-aarch64-cc,
clangarm64,mingw-w64-clang-aarch64-libmpcdec,build-depends-on,mingw-w64-clang-aarch64-cc,
clangarm64,mingw-w64-clang-aarch64-libmpeg2,build-depends-on,mingw-w64-clang-aarch64-cc,
clangarm64,mingw-w64-clang-aarch64-libmspack,build-depends-on,mingw-w64-clang-aarch64-cc,
clangarm64,mingw-w64-clang-aarch64-libmspub,build-depends-on,mingw-w64-clang-aarch64-cc,
clangarm64,mingw-w64-clang-aarch64-libmsym,build-depends-on,mingw-w64-clang-aarch64-cc,
clangarm64,mingw-w64-clang-aarch64-libmupdf,build-depends-on,mingw-w64-clang-aarch64-gcc,
clangarm64,mingw-w64-clang-aarch64-libmwaw,build-depends-on,mingw-w64-clang-aarch64-cc,
clangarm64,mingw-w64-clang-aarch64-libmypaint,build-depends-on,mingw-w64-clang-aarch64-cc,
clangarm64,mingw-w64-clang-aarch64-libmysofa,build-depends-on,mingw-w64-clang-aarch64-cc,
clangarm64,mingw-w64-clang-aarch64-libnatpmp,build-depends-on,mingw-w64-clang-aarch64-cc,
clangarm64,mingw-w64-clang-aarch64-libnegf,build-depends-on,mingw-w64-clang-aarch64-cc,
clangarm64,mingw-w64-clang-aarch64-libnegf,build-depends-on,mingw-w64-clang-aarch64-fc,
clangarm64,mingw-w64-clang-aarch64-libnegf,build-depends-on,mingw-w64-clang-aarch64-omp,
clangarm64,mingw-w64-clang-aarch64-libnfs,build-depends-on,mingw-w64-clang-aarch64-cc,
clangarm64,mingw-w64-clang-aarch64-libnice,build-depends-on,mingw-w64-clang-aarch64-cc,
clangarm64,mingw-w64-clang-aarch64-libnotify,build-depends-on,mingw-w64-clang-aarch64-cc,
clangarm64,mingw-w64-clang-aarch64-libnova,build-depends-on,mingw-w64-clang-aarch64-cc,
clangarm64,mingw-w64-clang-aarch64-libnpupnp,build-depends-on,mingw-w64-clang-aarch64-cc,
clangarm64,mingw-w64-clang-aarch64-libntlm,build-depends-on,mingw-w64-clang-aarch64-cc,
clangarm64,mingw-w64-clang-aarch64-libnumbertext,build-depends-on,mingw-w64-clang-aarch64-cc,
clangarm64,mingw-w64-clang-aarch64-liboauth,build-depends-on,mingw-w64-clang-aarch64-cc,
clangarm64,mingw-w64-clang-aarch64-libodfgen,build-depends-on,mingw-w64-clang-aarch64-cc,
clangarm64,mingw-w64-clang-aarch64-libogg,build-depends-on,mingw-w64-clang-aarch64-cc,
clangarm64,mingw-w64-clang-aarch64-libomemo-c,build-depends-on,mingw-w64-clang-aarch64-cc,
clangarm64,mingw-w64-clang-aarch64-libopenmpt,build-depends-on,mingw-w64-clang-aarch64-cc,
clangarm64,mingw-w64-clang-aarch64-libopenmpt-modplug,build-depends-on,mingw-w64-clang-aarch64-cc,
clangarm64,mingw-w64-clang-aarch64-libopusenc,build-depends-on,mingw-w64-clang-aarch64-cc,
clangarm64,mingw-w64-clang-aarch64-liboqs,build-depends-on,mingw-w64-clang-aarch64-cc,
clangarm64,mingw-w64-clang-aarch64-liborigin,build-depends-on,mingw-w64-clang-aarch64-cc,
clangarm64,mingw-w64-clang-aarch64-libosmpbf,build-depends-on,mingw-w64-clang-aarch64-cc,
clangarm64,mingw-w64-clang-aarch64-libosmscout,build-depends-on,mingw-w64-clang-aarch64-cc,
clangarm64,mingw-w64-clang-aarch64-libotr,build-depends-on,mingw-w64-clang-aarch64-cc,
clangarm64,mingw-w64-clang-aarch64-libp11,build-depends-on,mingw-w64-clang-aarch64-cc,
clangarm64,mingw-w64-clang-aarch64-libpagemaker,build-depends-on,mingw-w64-clang-aarch64-cc,
clangarm64,mingw-w64-clang-aarch64-libpanel,build-depends-on,mingw-w64-clang-aarch64-cc,
clangarm64,mingw-w64-clang-aarch64-libpanel-docs,build-depends-on,mingw-w64-clang-aarch64-cc,
clangarm64,mingw-w64-clang-aarch64-libpaper,build-depends-on,mingw-w64-clang-aarch64-cc,
clangarm64,mingw-w64-clang-aarch64-libpcap,build-depends-on,mingw-w64-clang-aarch64-cc,
clangarm64,mingw-w64-clang-aarch64-libpeas,build-depends-on,mingw-w64-clang-aarch64-cc,
clangarm64,mingw-w64-clang-aarch64-libpeas-docs,build-depends-on,mingw-w64-clang-aarch64-cc,
clangarm64,mingw-w64-clang-aarch64-libpeas2,build-depends-on,mingw-w64-clang-aarch64-cc,
clangarm64,mingw-w64-clang-aarch64-libpeas2-docs,build-depends-on,mingw-w64-clang-aarch64-cc,
clangarm64,mingw-w64-clang-aarch64-libplacebo,build-depends-on,mingw-w64-clang-aarch64-cc,
clangarm64,mingw-w64-clang-aarch64-libplacebo-demos,build-depends-on,mingw-w64-clang-aarch64-cc,
clangarm64,mingw-w64-clang-aarch64-libplist,build-depends-on,mingw-w64-clang-aarch64-cc,
clangarm64,mingw-w64-clang-aarch64-libpng,build-depends-on,mingw-w64-clang-aarch64-cc,
clangarm64,mingw-w64-clang-aarch64-libpqxx,build-depends-on,mingw-w64-clang-aarch64-cc,
clangarm64,mingw-w64-clang-aarch64-libprojectm,build-depends-on,mingw-w64-clang-aarch64-cc,
clangarm64,mingw-w64-clang-aarch64-libproxy,build-depends-on,mingw-w64-clang-aarch64-cc,
clangarm64,mingw-w64-clang-aarch64-libpsl,build-depends-on,mingw-w64-clang-aarch64-cc,
clangarm64,mingw-w64-clang-aarch64-libpsml,build-depends-on,mingw-w64-clang-aarch64-fc,
clangarm64,mingw-w64-clang-aarch64-libpst,build-depends-on,mingw-w64-clang-aarch64-cc,
clangarm64,mingw-w64-clang-aarch64-libqalculate,build-depends-on,mingw-w64-clang-aarch64-cc,
clangarm64,mingw-w64-clang-aarch64-libqxp,build-depends-on,mingw-w64-clang-aarch64-cc,
clangarm64,mingw-w64-clang-aarch64-libraqm,build-depends-on,mingw-w64-clang-aarch64-cc,
clangarm64,mingw-w64-clang-aarch64-librasterlite2,build-depends-on,mingw-w64-clang-aarch64-cc,
clangarm64,mingw-w64-clang-aarch64-libraw,build-depends-on,mingw-w64-clang-aarch64-cc,
clangarm64,mingw-w64-clang-aarch64-librclone,build-depends-on,mingw-w64-clang-aarch64-cc,
clangarm64,mingw-w64-clang-aarch64-librdata,build-depends-on,mingw-w64-clang-aarch64-cc,
clangarm64,mingw-w64-clang-aarch64-librdkafka,build-depends-on,mingw-w64-clang-aarch64-cc,
clangarm64,mingw-w64-clang-aarch64-libreplaygain,build-depends-on,mingw-w64-clang-aarch64-cc,
clangarm64,mingw-w64-clang-aarch64-libresidfp,build-depends-on,mingw-w64-clang-aarch64-cc,
clangarm64,mingw-w64-clang-aarch64-libresprite,build-depends-on,mingw-w64-clang-aarch64-cc,
clangarm64,mingw-w64-clang-aarch64-libressl,build-depends-on,mingw-w64-clang-aarch64-cc,
clangarm64,mingw-w64-clang-aarch64-librest,build-depends-on,mingw-w64-clang-aarch64-cc,
clangarm64,mingw-w64-clang-aarch64-librevenge,build-depends-on,mingw-w64-clang-aarch64-cc,
clangarm64,mingw-w64-clang-aarch64-librime,build-depends-on,mingw-w64-clang-aarch64-cc,
clangarm64,mingw-w64-clang-aarch64-librist,build-depends-on,mingw-w64-clang-aarch64-cc,
clangarm64,mingw-w64-clang-aarch64-librsvg,build-depends-on,mingw-w64-clang-aarch64-cc,
clangarm64,mingw-w64-clang-aarch64-librsvg-docs,build-depends-on,mingw-w64-clang-aarch64-cc,
clangarm64,mingw-w64-clang-aarch64-librsync,build-depends-on,mingw-w64-clang-aarch64-cc,
clangarm64,mingw-w64-clang-aarch64-librttopo,build-depends-on,mingw-w64-clang-aarch64-cc,
clangarm64,mingw-w64-clang-aarch64-libsamplerate,build-depends-on,mingw-w64-clang-aarch64-cc,
clangarm64,mingw-w64-clang-aarch64-libsass,build-depends-on,mingw-w64-clang-aarch64-cc,
clangarm64,mingw-w64-clang-aarch64-libsbml,build-depends-on,mingw-w64-clang-aarch64-cc,
clangarm64,mingw-w64-clang-aarch64-libsbsms,build-depends-on,mingw-w64-clang-aarch64-cc,
clangarm64,mingw-w64-clang-aarch64-libsecret,build-depends-on,mingw-w64-clang-aarch64-cc,
clangarm64,mingw-w64-clang-aarch64-libserdes,build-depends-on,mingw-w64-clang-aarch64-cc,
clangarm64,mingw-w64-clang-aarch64-libserialport,build-depends-on,mingw-w64-clang-aarch64-cc,
clangarm64,mingw-w64-clang-aarch64-libshout,build-depends-on,mingw-w64-clang-aarch64-cc,
clangarm64,mingw-w64-clang-aarch64-libshumate,build-depends-on,mingw-w64-clang-aarch64-cc,
clangarm64,mingw-w64-clang-aarch64-libshumate-docs,build-depends-on,mingw-w64-clang-aarch64-cc,
clangarm64,mingw-w64-clang-aarch64-libsidplayfp,build-depends-on,mingw-w64-clang-aarch64-cc,
clangarm64,mingw-w64-clang-aarch64-libsigc++,build-depends-on,mingw-w64-clang-aarch64-cc,
clangarm64,mingw-w64-clang-aarch64-libsigc++-3.0,build-depends-on,mingw-w64-clang-aarch64-cc,
clangarm64,mingw-w64-clang-aarch64-libsignal-protocol-c,build-depends-on,mingw-w64-clang-aarch64-cc,
clangarm64,mingw-w64-clang-aarch64-libslirp,build-depends-on,mingw-w64-clang-aarch64-cc,
clangarm64,mingw-w64-clang-aarch64-libsmi,build-depends-on,mingw-w64-clang-aarch64-cc,
clangarm64,mingw-w64-clang-aarch64-libsndfile,build-depends-on,mingw-w64-clang-aarch64-cc,
clangarm64,mingw-w64-clang-aarch64-libsodium,build-depends-on,mingw-w64-clang-aarch64-cc,
clangarm64,mingw-w64-clang-aarch64-libsoundio,build-depends-on,mingw-w64-clang-aarch64-cc,
clangarm64,mingw-w64-clang-aarch64-libsoup3,build-depends-on,mingw-w64-clang-aarch64-cc,
clangarm64,mingw-w64-clang-aarch64-libsoup3-docs,build-depends-on,mingw-w64-clang-aarch64-cc,
clangarm64,mingw-w64-clang-aarch64-libsoxr,build-depends-on,mingw-w64-clang-aarch64-cc,
clangarm64,mingw-w64-clang-aarch64-libspatialaudio,build-depends-on,mingw-w64-clang-aarch64-cc,
clangarm64,mingw-w64-clang-aarch64-libspatialite,build-depends-on,mingw-w64-clang-aarch64-cc,
clangarm64,mingw-w64-clang-aarch64-libspectre,build-depends-on,mingw-w64-clang-aarch64-cc,
clangarm64,mingw-w64-clang-aarch64-libspelling,build-depends-on,mingw-w64-clang-aarch64-cc,
clangarm64,mingw-w64-clang-aarch64-libspiro,build-depends-on,mingw-w64-clang-aarch64-cc,
clangarm64,mingw-w64-clang-aarch64-libspng,build-depends-on,mingw-w64-clang-aarch64-cc,
clangarm64,mingw-w64-clang-aarch64-libsquish,build-depends-on,mingw-w64-clang-aarch64-cc,
clangarm64,mingw-w64-clang-aarch64-libsrtp,build-depends-on,mingw-w64-clang-aarch64-cc,
clangarm64,mingw-w64-clang-aarch64-libssh,build-depends-on,mingw-w64-clang-aarch64-cc,
clangarm64,mingw-w64-clang-aarch64-libssh2,build-depends-on,mingw-w64-clang-aarch64-cc,
clangarm64,mingw-w64-clang-aarch64-libssh2-wincng,build-depends-on,mingw-w64-clang-aarch64-cc,
clangarm64,mingw-w64-clang-aarch64-libstaroffice,build-depends-on,mingw-w64-clang-aarch64-cc,
clangarm64,mingw-w64-clang-aarch64-libstemmer,build-depends-on,mingw-w64-clang-aarch64-cc,
clangarm64,mingw-w64-clang-aarch64-libsynctex,build-depends-on,mingw-w64-clang-aarch64-cc,
clangarm64,mingw-w64-clang-aarch64-libsystre,build-depends-on,mingw-w64-clang-aarch64-cc,
clangarm64,mingw-w64-clang-aarch64-libtasn1,build-depends-on,mingw-w64-clang-aarch64-cc,
clangarm64,mingw-w64-clang-aarch64-libtermkey,build-depends-on,mingw-w64-clang-aarch64-cc,
clangarm64,mingw-w64-clang-aarch64-libthai,build-depends-on,mingw-w64-clang-aarch64-cc,
clangarm64,mingw-w64-clang-aarch64-libthai-docs,build-depends-on,mingw-w64-clang-aarch64-cc,
clangarm64,mingw-w64-clang-aarch64-libtheora,build-depends-on,mingw-w64-clang-aarch64-SDL,
clangarm64,mingw-w64-clang-aarch64-libtheora,build-depends-on,mingw-w64-clang-aarch64-cc,
clangarm64,mingw-w64-clang-aarch64-libtiff,build-depends-on,mingw-w64-clang-aarch64-cc,
clangarm64,mingw-w64-clang-aarch64-libtiff-docs,build-depends-on,mingw-w64-clang-aarch64-cc,
clangarm64,mingw-w64-clang-aarch64-libtimidity,build-depends-on,mingw-w64-clang-aarch64-cc,
clangarm64,mingw-w64-clang-aarch64-libtomcrypt,build-depends-on,mingw-w64-clang-aarch64-cc,
clangarm64,mingw-w64-clang-aarch64-libtommath,build-depends-on,mingw-w64-clang-aarch64-cc,
clangarm64,mingw-w64-clang-aarch64-libtool,build-depends-on,mingw-w64-clang-aarch64-cc,
clangarm64,mingw-w64-clang-aarch64-libtorrent-rasterbar,build-depends-on,mingw-w64-clang-aarch64-cc,
clangarm64,mingw-w64-clang-aarch64-libtre,build-depends-on,mingw-w64-clang-aarch64-cc,
clangarm64,mingw-w64-clang-aarch64-libtree-sitter,build-depends-on,mingw-w64-clang-aarch64-cc,
clangarm64,mingw-w64-clang-aarch64-libu2f-emu,build-depends-on,mingw-w64-clang-aarch64-cc,
clangarm64,mingw-w64-clang-aarch64-libuhd,build-depends-on,mingw-w64-clang-aarch64-cc,
clangarm64,mingw-w64-clang-aarch64-libultrahdr,build-depends-on,mingw-w64-clang-aarch64-cc,
clangarm64,mingw-w64-clang-aarch64-libunibreak,build-depends-on,mingw-w64-clang-aarch64-cc,
clangarm64,mingw-w64-clang-aarch64-libunifex,build-depends-on,mingw-w64-clang-aarch64-cc,
clangarm64,mingw-w64-clang-aarch64-libuninameslist,build-depends-on,mingw-w64-clang-aarch64-cc,
clangarm64,mingw-w64-clang-aarch64-libunistring,build-depends-on,mingw-w64-clang-aarch64-cc,
clangarm64,mingw-w64-clang-aarch64-libusb,build-depends-on,mingw-w64-clang-aarch64-cc,
clangarm64,mingw-w64-clang-aarch64-libusb-compat,build-depends-on,mingw-w64-clang-aarch64-cc,
clangarm64,mingw-w64-clang-aarch64-libusb-win32,build-depends-on,mingw-w64-clang-aarch64-cc,
clangarm64,mingw-w64-clang-aarch64-libusbmuxd,build-depends-on,mingw-w64-clang-aarch64-cc,
clangarm64,mingw-w64-clang-aarch64-libutf8proc,build-depends-on,mingw-w64-clang-aarch64-cc,
clangarm64,mingw-w64-clang-aarch64-libutp,build-depends-on,mingw-w64-clang-aarch64-cc,
clangarm64,mingw-w64-clang-aarch64-libuv,build-depends-on,mingw-w64-clang-aarch64-cc,
clangarm64,mingw-w64-clang-aarch64-libva,build-depends-on,mingw-w64-clang-aarch64-cc,
clangarm64,mingw-w64-clang-aarch64-libva-utils,build-depends-on,mingw-w64-clang-aarch64-cc,
clangarm64,mingw-w64-clang-aarch64-libvips,build-depends-on,mingw-w64-clang-aarch64-cc,
clangarm64,mingw-w64-clang-aarch64-libvips,build-depends-on,mingw-w64-clang-aarch64-omp,
clangarm64,mingw-w64-clang-aarch64-libvirt,build-depends-on,mingw-w64-clang-aarch64-cc,
clangarm64,mingw-w64-clang-aarch64-libvirt-glib,build-depends-on,mingw-w64-clang-aarch64-cc,
clangarm64,mingw-w64-clang-aarch64-libvisio,build-depends-on,mingw-w64-clang-aarch64-cc,
clangarm64,mingw-w64-clang-aarch64-libvmime,build-depends-on,mingw-w64-clang-aarch64-cc,
clangarm64,mingw-w64-clang-aarch64-libvncserver,build-depends-on,mingw-w64-clang-aarch64-SDL2,
clangarm64,mingw-w64-clang-aarch64-libvncserver,build-depends-on,mingw-w64-clang-aarch64-cc,
clangarm64,mingw-w64-clang-aarch64-libvoikko,build-depends-on,mingw-w64-clang-aarch64-cc,
clangarm64,mingw-w64-clang-aarch64-libvorbis,build-depends-on,mingw-w64-clang-aarch64-cc,
clangarm64,mingw-w64-clang-aarch64-libvpl,build-depends-on,mingw-w64-clang-aarch64-cc,
clangarm64,mingw-w64-clang-aarch64-libvpx,build-depends-on,mingw-w64-clang-aarch64-cc,
clangarm64,mingw-w64-clang-aarch64-libvterm,build-depends-on,mingw-w64-clang-aarch64-cc,
clangarm64,mingw-w64-clang-aarch64-libwebm,build-depends-on,mingw-w64-clang-aarch64-cc,
clangarm64,mingw-w64-clang-aarch64-libwebp,build-depends-on,mingw-w64-clang-aarch64-cc,
clangarm64,mingw-w64-clang-aarch64-libwebsockets,build-depends-on,mingw-w64-clang-aarch64-cc,
clangarm64,mingw-w64-clang-aarch64-libwinpthread,build-depends-on,mingw-w64-clang-aarch64-cc,
clangarm64,mingw-w64-clang-aarch64-libwmf,build-depends-on,mingw-w64-clang-aarch64-cc,
clangarm64,mingw-w64-clang-aarch64-libwpd,build-depends-on,mingw-w64-clang-aarch64-cc,
clangarm64,mingw-w64-clang-aarch64-libwpg,build-depends-on,mingw-w64-clang-aarch64-cc,
clangarm64,mingw-w64-clang-aarch64-libwps,build-depends-on,mingw-w64-clang-aarch64-cc,
clangarm64,mingw-w64-clang-aarch64-libx264,build-depends-on,mingw-w64-clang-aarch64-cc,
clangarm64,mingw-w64-clang-aarch64-libxc,build-depends-on,mingw-w64-clang-aarch64-cc,
clangarm64,mingw-w64-clang-aarch64-libxc,build-depends-on,mingw-w64-clang-aarch64-fc,
clangarm64,mingw-w64-clang-aarch64-libxisf,build-depends-on,mingw-w64-clang-aarch64-cc,
clangarm64,mingw-w64-clang-aarch64-libxlsxwriter,build-depends-on,mingw-w64-clang-aarch64-cc,
clangarm64,mingw-w64-clang-aarch64-libxml++,build-depends-on,mingw-w64-clang-aarch64-cc,
clangarm64,mingw-w64-clang-aarch64-libxml++-5.0,build-depends-on,mingw-w64-clang-aarch64-cc,
clangarm64,mingw-w64-clang-aarch64-libxml++2.6,build-depends-on,mingw-w64-clang-aarch64-cc,
clangarm64,mingw-w64-clang-aarch64-libxml2,build-depends-on,mingw-w64-clang-aarch64-cc,
clangarm64,mingw-w64-clang-aarch64-libxml2-docs,build-depends-on,mingw-w64-clang-aarch64-cc,
clangarm64,mingw-w64-clang-aarch64-libxmlb,build-depends-on,mingw-w64-clang-aarch64-cc,
clangarm64,mingw-w64-clang-aarch64-libxmp,build-depends-on,mingw-w64-clang-aarch64-cc,
clangarm64,mingw-w64-clang-aarch64-libxs,build-depends-on,mingw-w64-clang-aarch64-cc,
clangarm64,mingw-w64-clang-aarch64-libxs,build-depends-on,mingw-w64-clang-aarch64-fc,
clangarm64,mingw-w64-clang-aarch64-libxslt,build-depends-on,mingw-w64-clang-aarch64-cc,
clangarm64,mingw-w64-clang-aarch64-libyaml,build-depends-on,mingw-w64-clang-aarch64-cc,
clangarm64,mingw-w64-clang-aarch64-libyuv,build-depends-on,mingw-w64-clang-aarch64-cc,
clangarm64,mingw-w64-clang-aarch64-libzen,build-depends-on,mingw-w64-clang-aarch64-cc,
clangarm64,mingw-w64-clang-aarch64-libzip,build-depends-on,mingw-w64-clang-aarch64-cc,
clangarm64,mingw-w64-clang-aarch64-libzmf,build-depends-on,mingw-w64-clang-aarch64-cc,
clangarm64,mingw-w64-clang-aarch64-lilv,build-depends-on,mingw-w64-clang-aarch64-cc,
clangarm64,mingw-w64-clang-aarch64-lis,build-depends-on,mingw-w64-clang-aarch64-cc,
clangarm64,mingw-w64-clang-aarch64-lite-xl,build-depends-on,mingw-w64-clang-aarch64-cc,
clangarm64,mingw-w64-clang-aarch64-litehtml,build-depends-on,mingw-w64-clang-aarch64-cc,
clangarm64,mingw-w64-clang-aarch64-live-chart,build-depends-on,mingw-w64-clang-aarch64-cc,
clangarm64,mingw-w64-clang-aarch64-live-chart-gtk3,build-depends-on,mingw-w64-clang-aarch64-cc,
clangarm64,mingw-w64-clang-aarch64-live-media,build-depends-on,mingw-w64-clang-aarch64-cc,
clangarm64,mingw-w64-clang-aarch64-live-photo-conv,build-depends-on,mingw-w64-clang-aarch64-cc,
clangarm64,mingw-w64-clang-aarch64-llama.cpp,build-depends-on,mingw-w64-clang-aarch64-cc,
clangarm64,mingw-w64-clang-aarch64-llama.qtcreator,build-depends-on,mingw-w64-clang-aarch64-cc,
clangarm64,mingw-w64-clang-aarch64-lld-21,build-depends-on,mingw-w64-clang-aarch64-cc,
clangarm64,mingw-w64-clang-aarch64-lldb,build-depends-on,mingw-w64-clang-aarch64-cc,
clangarm64,mingw-w64-clang-aarch64-lldb-mi,build-depends-on,mingw-w64-clang-aarch64-cc,
clangarm64,mingw-w64-clang-aarch64-llvm-21,build-depends-on,mingw-w64-clang-aarch64-cc,
clangarm64,mingw-w64-clang-aarch64-llvm-openmp,build-depends-on,mingw-w64-clang-aarch64-cc,
clangarm64,mingw-w64-clang-aarch64-lmdb,build-depends-on,mingw-w64-clang-aarch64-cc,
clangarm64,mingw-w64-clang-aarch64-lmdbxx,build-depends-on,mingw-w64-clang-aarch64-cc,
clangarm64,mingw-w64-clang-aarch64-log4cpp,build-depends-on,mingw-w64-clang-aarch64-cc,
clangarm64,mingw-w64-clang-aarch64-log4cxx,build-depends-on,mingw-w64-clang-aarch64-cc,
clangarm64,mingw-w64-clang-aarch64-lokalize,build-depends-on,mingw-w64-clang-aarch64-cc,
clangarm64,mingw-w64-clang-aarch64-lpsolve,build-depends-on,mingw-w64-clang-aarch64-cc,
clangarm64,mingw-w64-clang-aarch64-lrcalc,build-depends-on,mingw-w64-clang-aarch64-cc,
clangarm64,mingw-w64-clang-aarch64-lrdf,build-depends-on,mingw-w64-clang-aarch64-cc,
clangarm64,mingw-w64-clang-aarch64-lua,build-depends-on,mingw-w64-clang-aarch64-cc,
clangarm64,mingw-w64-clang-aarch64-lua-cjson,build-depends-on,mingw-w64-clang-aarch64-cc,
clangarm64,mingw-w64-clang-aarch64-lua-lgi,build-depends-on,mingw-w64-clang-aarch64-cc,
clangarm64,mingw-w64-clang-aarch64-lua-lpeg,build-depends-on,mingw-w64-clang-aarch64-cc,
clangarm64,mingw-w64-clang-aarch64-lua-luafilesystem,build-depends-on,mingw-w64-clang-aarch64-cc,
clangarm64,mingw-w64-clang-aarch64-lua-luarocks,build-depends-on,mingw-w64-clang-aarch64-cc,
clangarm64,mingw-w64-clang-aarch64-lua-mpack,build-depends-on,mingw-w64-clang-aarch64-cc,
clangarm64,mingw-w64-clang-aarch64-lua51,build-depends-on,mingw-w64-clang-aarch64-cc,
clangarm64,mingw-w64-clang-aarch64-lua51-bitop,build-depends-on,mingw-w64-clang-aarch64-cc,
clangarm64,mingw-w64-clang-aarch64-lua51-cjson,build-depends-on,mingw-w64-clang-aarch64-cc,
clangarm64,mingw-w64-clang-aarch64-lua51-lgi,build-depends-on,mingw-w64-clang-aarch64-cc,
clangarm64,mingw-w64-clang-aarch64-lua51-lpeg,build-depends-on,mingw-w64-clang-aarch64-cc,
clangarm64,mingw-w64-clang-aarch64-lua51-lsqlite3,build-depends-on,mingw-w64-clang-aarch64-cc,
clangarm64,mingw-w64-clang-aarch64-lua51-luafilesystem,build-depends-on,mingw-w64-clang-aarch64-cc,
clangarm64,mingw-w64-clang-aarch64-lua51-mpack,build-depends-on,mingw-w64-clang-aarch64-cc,
clangarm64,mingw-w64-clang-aarch64-lua51-winapi,build-depends-on,mingw-w64-clang-aarch64-cc,
clangarm64,mingw-w64-clang-aarch64-lua53,build-depends-on,mingw-w64-clang-aarch64-cc,
clangarm64,mingw-w64-clang-aarch64-lua53-cjson,build-depends-on,mingw-w64-clang-aarch64-cc,
clangarm64,mingw-w64-clang-aarch64-lua53-lgi,build-depends-on,mingw-w64-clang-aarch64-cc,
clangarm64,mingw-w64-clang-aarch64-lua53-luafilesystem,build-depends-on,mingw-w64-clang-aarch64-cc,
clangarm64,mingw-w64-clang-aarch64-lua54,build-depends-on,mingw-w64-clang-aarch64-cc,
clangarm64,mingw-w64-clang-aarch64-lua54-cjson,build-depends-on,mingw-w64-clang-aarch64-cc,
clangarm64,mingw-w64-clang-aarch64-lua54-lgi,build-depends-on,mingw-w64-clang-aarch64-cc,
clangarm64,mingw-w64-clang-aarch64-lua54-luafilesystem,build-depends-on,mingw-w64-clang-aarch64-cc,
clangarm64,mingw-w64-clang-aarch64-luajit,build-depends-on,mingw-w64-clang-aarch64-cc,
clangarm64,mingw-w64-clang-aarch64-luanti,build-depends-on,mingw-w64-clang-aarch64-SDL2,
clangarm64,mingw-w64-clang-aarch64-luanti,build-depends-on,mingw-w64-clang-aarch64-cc,
clangarm64,mingw-w64-clang-aarch64-luanti,build-depends-on,mingw-w64-clang-aarch64-sqlite,
clangarm64,mingw-w64-clang-aarch64-luanti-common,build-depends-on,mingw-w64-clang-aarch64-SDL2,
clangarm64,mingw-w64-clang-aarch64-luanti-common,build-depends-on,mingw-w64-clang-aarch64-cc,
clangarm64,mingw-w64-clang-aarch64-luanti-common,build-depends-on,mingw-w64-clang-aarch64-sqlite,
clangarm64,mingw-w64-clang-aarch64-luanti-server,build-depends-on,mingw-w64-clang-aarch64-SDL2,
clangarm64,mingw-w64-clang-aarch64-luanti-server,build-depends-on,mingw-w64-clang-aarch64-cc,
clangarm64,mingw-w64-clang-aarch64-luanti-server,build-depends-on,mingw-w64-clang-aarch64-sqlite,
clangarm64,mingw-w64-clang-aarch64-lv2,build-depends-on,mingw-w64-clang-aarch64-cc,
clangarm64,mingw-w64-clang-aarch64-lv2-docs,build-depends-on,mingw-w64-clang-aarch64-cc,
clangarm64,mingw-w64-clang-aarch64-lz4,build-depends-on,mingw-w64-clang-aarch64-cc,
clangarm64,mingw-w64-clang-aarch64-lzo2,build-depends-on,mingw-w64-clang-aarch64-cc,
clangarm64,mingw-w64-clang-aarch64-m4ri,build-depends-on,mingw-w64-clang-aarch64-cc,
clangarm64,mingw-w64-clang-aarch64-m4rie,build-depends-on,mingw-w64-clang-aarch64-cc,
clangarm64,mingw-w64-clang-aarch64-m68k-apple-macos-binutils,build-depends-on,mingw-w64-clang-aarch64-cc,
clangarm64,mingw-w64-clang-aarch64-maeparser,build-depends-on,mingw-w64-clang-aarch64-cc,
clangarm64,mingw-w64-clang-aarch64-magnum,build-depends-on,mingw-w64-clang-aarch64-cc,
clangarm64,mingw-w64-clang-aarch64-magnum-integration,build-depends-on,mingw-w64-clang-aarch64-cc,
clangarm64,mingw-w64-clang-aarch64-magnum-plugins,build-depends-on,mingw-w64-clang-aarch64-cc,
clangarm64,mingw-w64-clang-aarch64-make,build-depends-on,mingw-w64-clang-aarch64-gcc,
clangarm64,mingw-w64-clang-aarch64-manifold,build-depends-on,mingw-w64-clang-aarch64-cc,
clangarm64,mingw-w64-clang-aarch64-manim,build-depends-on,mingw-w64-clang-aarch64-cc,
clangarm64,mingw-w64-clang-aarch64-mapbox-earcut,build-depends-on,mingw-w64-clang-aarch64-cc,
clangarm64,mingw-w64-clang-aarch64-mapserver,build-depends-on,mingw-w64-clang-aarch64-cc,
clangarm64,mingw-w64-clang-aarch64-marisa,build-depends-on,mingw-w64-clang-aarch64-cc,
clangarm64,mingw-w64-clang-aarch64-mathgl,build-depends-on,mingw-w64-clang-aarch64-cc,
clangarm64,mingw-w64-clang-aarch64-matio,build-depends-on,mingw-w64-clang-aarch64-cc,
clangarm64,mingw-w64-clang-aarch64-maxflow,build-depends-on,mingw-w64-clang-aarch64-cc,
clangarm64,mingw-w64-clang-aarch64-mbedtls,build-depends-on,mingw-w64-clang-aarch64-cc,
clangarm64,mingw-w64-clang-aarch64-mcfgthread,build-depends-on,mingw-w64-clang-aarch64-cc,
clangarm64,mingw-w64-clang-aarch64-mcfgthread-libs,build-depends-on,mingw-w64-clang-aarch64-cc,
clangarm64,mingw-w64-clang-aarch64-mcpp,build-depends-on,mingw-w64-clang-aarch64-cc,
clangarm64,mingw-w64-clang-aarch64-mcqd,build-depends-on,mingw-w64-clang-aarch64-cc,
clangarm64,mingw-w64-clang-aarch64-mctc-lib,build-depends-on,mingw-w64-clang-aarch64-fc,
clangarm64,mingw-w64-clang-aarch64-md4c,build-depends-on,mingw-w64-clang-aarch64-cc,
clangarm64,mingw-w64-clang-aarch64-mdds,build-depends-on,mingw-w64-clang-aarch64-cc,
clangarm64,mingw-w64-clang-aarch64-mdloader,build-depends-on,mingw-w64-clang-aarch64-cc,
clangarm64,mingw-w64-clang-aarch64-meanwhile,build-depends-on,mingw-w64-clang-aarch64-cc,
clangarm64,mingw-w64-clang-aarch64-mecab,build-depends-on,mingw-w64-clang-aarch64-cc,
clangarm64,mingw-w64-clang-aarch64-med,build-depends-on,mingw-w64-clang-aarch64-cc,
clangarm64,mingw-w64-clang-aarch64-med,build-depends-on,mingw-w64-clang-aarch64-fc,
clangarm64,mingw-w64-clang-aarch64-mediainfo,build-depends-on,mingw-w64-clang-aarch64-cc,
clangarm64,mingw-w64-clang-aarch64-mediainfo-gui,build-depends-on,mingw-w64-clang-aarch64-cc,
clangarm64,mingw-w64-clang-aarch64-meld3,build-depends-on,mingw-w64-clang-aarch64-cc,
clangarm64,mingw-w64-clang-aarch64-mesa,build-depends-on,mingw-w64-clang-aarch64-cc,
clangarm64,mingw-w64-clang-aarch64-meshoptimizer,build-depends-on,mingw-w64-clang-aarch64-cc,
clangarm64,mingw-w64-clang-aarch64-metis,build-depends-on,mingw-w64-clang-aarch64-cc,
clangarm64,mingw-w64-clang-aarch64-mfem,build-depends-on,mingw-w64-clang-aarch64-cc,
clangarm64,mingw-w64-clang-aarch64-mgba,build-depends-on,mingw-w64-clang-aarch64-SDL2,
clangarm64,mingw-w64-clang-aarch64-mgba,build-depends-on,mingw-w64-clang-aarch64-cc,
clangarm64,mingw-w64-clang-aarch64-micro,build-depends-on,mingw-w64-clang-aarch64-cc,
clangarm64,mingw-w64-clang-aarch64-microsoft-gsl,build-depends-on,mingw-w64-clang-aarch64-cc,
clangarm64,mingw-w64-clang-aarch64-mimalloc,build-depends-on,mingw-w64-clang-aarch64-cc,
clangarm64,mingw-w64-clang-aarch64-miniaudio,build-depends-on,mingw-w64-clang-aarch64-SDL2,
clangarm64,mingw-w64-clang-aarch64-miniaudio,build-depends-on,mingw-w64-clang-aarch64-cc,
clangarm64,mingw-w64-clang-aarch64-minio,build-depends-on,mingw-w64-clang-aarch64-cc,
clangarm64,mingw-w64-clang-aarch64-minio-client,build-depends-on,mingw-w64-clang-aarch64-cc,
clangarm64,mingw-w64-clang-aarch64-minio-docs,build-depends-on,mingw-w64-clang-aarch64-cc,
clangarm64,mingw-w64-clang-aarch64-miniserve,build-depends-on,mingw-w64-clang-aarch64-cc,
clangarm64,mingw-w64-clang-aarch64-minisign,build-depends-on,mingw-w64-clang-aarch64-cc,
clangarm64,mingw-w64-clang-aarch64-miniupnpc,build-depends-on,mingw-w64-clang-aarch64-cc,
clangarm64,mingw-w64-clang-aarch64-minizip,build-depends-on,mingw-w64-clang-aarch64-cc,
clangarm64,mingw-w64-clang-aarch64-minizip-ng,build-depends-on,mingw-w64-clang-aarch64-cc,
clangarm64,mingw-w64-clang-aarch64-mkvtoolnix-cli,build-depends-on,mingw-w64-clang-aarch64-cc,
clangarm64,mingw-w64-clang-aarch64-mkvtoolnix-gui,build-depends-on,mingw-w64-clang-aarch64-cc,
clangarm64,mingw-w64-clang-aarch64-mlpack,build-depends-on,mingw-w64-clang-aarch64-cc,
clangarm64,mingw-w64-clang-aarch64-mlt,build-depends-on,mingw-w64-clang-aarch64-SDL,
clangarm64,mingw-w64-clang-aarch64-mlt,build-depends-on,mingw-w64-clang-aarch64-cc,
clangarm64,mingw-w64-clang-aarch64-mman-win32,build-depends-on,mingw-w64-clang-aarch64-cc,
clangarm64,mingw-w64-clang-aarch64-mmtf-cpp,build-depends-on,mingw-w64-clang-aarch64-cc,
clangarm64,mingw-w64-clang-aarch64-moab,build-depends-on,mingw-w64-clang-aarch64-cc,
clangarm64,mingw-w64-clang-aarch64-mold,build-depends-on,mingw-w64-clang-aarch64-cc,
clangarm64,mingw-w64-clang-aarch64-molequeue,build-depends-on,mingw-w64-clang-aarch64-cc,
clangarm64,mingw-w64-clang-aarch64-mongo-c-driver,build-depends-on,mingw-w64-clang-aarch64-cc,
clangarm64,mingw-w64-clang-aarch64-moor,build-depends-on,mingw-w64-clang-aarch64-cc,
clangarm64,mingw-w64-clang-aarch64-mopac,build-depends-on,mingw-w64-clang-aarch64-fc,
clangarm64,mingw-w64-clang-aarch64-mosquitto,build-depends-on,mingw-w64-clang-aarch64-cc,
clangarm64,mingw-w64-clang-aarch64-mpc,build-depends-on,mingw-w64-clang-aarch64-cc,
clangarm64,mingw-w64-clang-aarch64-mpdecimal,build-depends-on,mingw-w64-clang-aarch64-cc,
clangarm64,mingw-w64-clang-aarch64-mpfi,build-depends-on,mingw-w64-clang-aarch64-cc,
clangarm64,mingw-w64-clang-aarch64-mpfr,build-depends-on,mingw-w64-clang-aarch64-cc,
clangarm64,mingw-w64-clang-aarch64-mpg123,build-depends-on,mingw-w64-clang-aarch64-SDL2,
clangarm64,mingw-w64-clang-aarch64-mpg123,build-depends-on,mingw-w64-clang-aarch64-cc,
clangarm64,mingw-w64-clang-aarch64-mpv,build-depends-on,mingw-w64-clang-aarch64-cc,
clangarm64,mingw-w64-clang-aarch64-mruby,build-depends-on,mingw-w64-clang-aarch64-cc,
clangarm64,mingw-w64-clang-aarch64-mscgen,build-depends-on,mingw-w64-clang-aarch64-cc,
clangarm64,mingw-w64-clang-aarch64-msgpack-c,build-depends-on,mingw-w64-clang-aarch64-cc,
clangarm64,mingw-w64-clang-aarch64-msgpack-cxx,build-depends-on,mingw-w64-clang-aarch64-cc,
clangarm64,mingw-w64-clang-aarch64-msitools,build-depends-on,mingw-w64-clang-aarch64-cc,
clangarm64,mingw-w64-clang-aarch64-msmtp,build-depends-on,mingw-w64-clang-aarch64-cc,
clangarm64,mingw-w64-clang-aarch64-msolve,build-depends-on,mingw-w64-clang-aarch64-cc,
clangarm64,mingw-w64-clang-aarch64-mstore,build-depends-on,mingw-w64-clang-aarch64-fc,
clangarm64,mingw-w64-clang-aarch64-mtex2MML,build-depends-on,mingw-w64-clang-aarch64-cc,
clangarm64,mingw-w64-clang-aarch64-mtex2MML,build-depends-on,mingw-w64-clang-aarch64-cmake,
clangarm64,mingw-w64-clang-aarch64-mtex2MML,build-depends-on,mingw-w64-clang-aarch64-pkgconf,
clangarm64,mingw-w64-clang-aarch64-mtex2MML,build-depends-on,mingw-w64-clang-aarch64-python,
clangarm64,mingw-w64-clang-aarch64-mtn,build-depends-on,mingw-w64-clang-aarch64-cc,
clangarm64,mingw-w64-clang-aarch64-mujs,build-depends-on,mingw-w64-clang-aarch64-cc,
clangarm64,mingw-w64-clang-aarch64-multicharge,build-depends-on,mingw-w64-clang-aarch64-fc,
clangarm64,mingw-w64-clang-aarch64-mumps,build-depends-on,mingw-w64-clang-aarch64-cc,
clangarm64,mingw-w64-clang-aarch64-mumps,build-depends-on,mingw-w64-clang-aarch64-fc,
clangarm64,mingw-w64-clang-aarch64-munt,build-depends-on,mingw-w64-clang-aarch64-cc,
clangarm64,mingw-w64-clang-aarch64-munt-mt32emu,build-depends-on,mingw-w64-clang-aarch64-cc,
clangarm64,mingw-w64-clang-aarch64-muon,build-depends-on,mingw-w64-clang-aarch64-cc,
clangarm64,mingw-w64-clang-aarch64-muparser,build-depends-on,mingw-w64-clang-aarch64-cc,
clangarm64,mingw-w64-clang-aarch64-mupdf,build-depends-on,mingw-w64-clang-aarch64-gcc,
clangarm64,mingw-w64-clang-aarch64-mupdf-gl,build-depends-on,mingw-w64-clang-aarch64-gcc,
clangarm64,mingw-w64-clang-aarch64-mupdf-tools,build-depends-on,mingw-w64-clang-aarch64-gcc,
clangarm64,mingw-w64-clang-aarch64-mxml,build-depends-on,mingw-w64-clang-aarch64-cc,
clangarm64,mingw-w64-clang-aarch64-mypaint,build-depends-on,mingw-w64-clang-aarch64-cc,
clangarm64,mingw-w64-clang-aarch64-mypaint-brushes,build-depends-on,mingw-w64-clang-aarch64-cc,
clangarm64,mingw-w64-clang-aarch64-mypaint-brushes2,build-depends-on,mingw-w64-clang-aarch64-cc,
clangarm64,mingw-w64-clang-aarch64-mypy,build-depends-on,mingw-w64-clang-aarch64-cc,
clangarm64,mingw-w64-clang-aarch64-mythes,build-depends-on,mingw-w64-clang-aarch64-cc,
clangarm64,mingw-w64-clang-aarch64-nana,build-depends-on,mingw-w64-clang-aarch64-cc,
clangarm64,mingw-w64-clang-aarch64-nanoarrow,build-depends-on,mingw-w64-clang-aarch64-cc,
clangarm64,mingw-w64-clang-aarch64-nanobind,build-depends-on,mingw-w64-clang-aarch64-cc,
clangarm64,mingw-w64-clang-aarch64-nanodbc,build-depends-on,mingw-w64-clang-aarch64-cc,
clangarm64,mingw-w64-clang-aarch64-nanogui,build-depends-on,mingw-w64-clang-aarch64-cc,
clangarm64,mingw-w64-clang-aarch64-nanovg,build-depends-on,mingw-w64-clang-aarch64-cc,
clangarm64,mingw-w64-clang-aarch64-nasm,build-depends-on,mingw-w64-clang-aarch64-cc,
clangarm64,mingw-w64-clang-aarch64-nativefiledialog-extended,build-depends-on,mingw-w64-clang-aarch64-cc,
clangarm64,mingw-w64-clang-aarch64-nauty,build-depends-on,mingw-w64-clang-aarch64-cc,
clangarm64,mingw-w64-clang-aarch64-ncurses,build-depends-on,mingw-w64-clang-aarch64-cc,
clangarm64,mingw-w64-clang-aarch64-neon,build-depends-on,mingw-w64-clang-aarch64-cc,
clangarm64,mingw-w64-clang-aarch64-neovim,build-depends-on,mingw-w64-clang-aarch64-cc,
clangarm64,mingw-w64-clang-aarch64-neovim-qt,build-depends-on,mingw-w64-clang-aarch64-cc,
clangarm64,mingw-w64-clang-aarch64-netcdf,build-depends-on,mingw-w64-clang-aarch64-cc,
clangarm64,mingw-w64-clang-aarch64-netcdf-cxx,build-depends-on,mingw-w64-clang-aarch64-cc,
clangarm64,mingw-w64-clang-aarch64-netcdf-fortran,build-depends-on,mingw-w64-clang-aarch64-cc,
clangarm64,mingw-w64-clang-aarch64-netcdf-fortran,build-depends-on,mingw-w64-clang-aarch64-fc,
clangarm64,mingw-w64-clang-aarch64-nettle,build-depends-on,mingw-w64-clang-aarch64-cc,
clangarm64,mingw-w64-clang-aarch64-nettle3,build-depends-on,mingw-w64-clang-aarch64-cc,
clangarm64,mingw-w64-clang-aarch64-newton-dynamics,build-depends-on,mingw-w64-clang-aarch64-cc,
clangarm64,mingw-w64-clang-aarch64-nextpnr,build-depends-on,mingw-w64-clang-aarch64-cc,
clangarm64,mingw-w64-clang-aarch64-nfft,build-depends-on,mingw-w64-clang-aarch64-cc,
clangarm64,mingw-w64-clang-aarch64-ng-log,build-depends-on,mingw-w64-clang-aarch64-cc,
clangarm64,mingw-w64-clang-aarch64-nghttp2,build-depends-on,mingw-w64-clang-aarch64-cc,
clangarm64,mingw-w64-clang-aarch64-nghttp3,build-depends-on,mingw-w64-clang-aarch64-cc,
clangarm64,mingw-w64-clang-aarch64-ngraph-gtk,build-depends-on,mingw-w64-clang-aarch64-cc,
clangarm64,mingw-w64-clang-aarch64-ngspice,build-depends-on,mingw-w64-clang-aarch64-cc,
clangarm64,mingw-w64-clang-aarch64-ngtcp2,build-depends-on,mingw-w64-clang-aarch64-cc,
clangarm64,mingw-w64-clang-aarch64-ninja,build-depends-on,mingw-w64-clang-aarch64-cc,
clangarm64,mingw-w64-clang-aarch64-nlohmann-json,build-depends-on,mingw-w64-clang-aarch64-cc,
clangarm64,mingw-w64-clang-aarch64-nlopt,build-depends-on,mingw-w64-clang-aarch64-cc,
clangarm64,mingw-w64-clang-aarch64-nme,build-depends-on,mingw-w64-clang-aarch64-cc,
clangarm64,mingw-w64-clang-aarch64-nng,build-depends-on,mingw-w64-clang-aarch64-cc,
clangarm64,mingw-w64-clang-aarch64-nodeeditor,build-depends-on,mingw-w64-clang-aarch64-cc,
clangarm64,mingw-w64-clang-aarch64-nodejs,build-depends-on,mingw-w64-clang-aarch64-cc,
clangarm64,mingw-w64-clang-aarch64-notcurses,build-depends-on,mingw-w64-clang-aarch64-cc,
clangarm64,mingw-w64-clang-aarch64-notepad++,build-depends-on,mingw-w64-clang-aarch64-gcc,
clangarm64,mingw-w64-clang-aarch64-npth,build-depends-on,mingw-w64-clang-aarch64-cc,
clangarm64,mingw-w64-clang-aarch64-nspr,build-depends-on,mingw-w64-clang-aarch64-cc,
clangarm64,mingw-w64-clang-aarch64-nss,build-depends-on,mingw-w64-clang-aarch64-cc,
clangarm64,mingw-w64-clang-aarch64-nsync,build-depends-on,mingw-w64-clang-aarch64-cc,
clangarm64,mingw-w64-clang-aarch64-ntl,build-depends-on,mingw-w64-clang-aarch64-cc,
clangarm64,mingw-w64-clang-aarch64-ntldd,build-depends-on,mingw-w64-clang-aarch64-cc,
clangarm64,mingw-w64-clang-aarch64-nuspell,build-depends-on,mingw-w64-clang-aarch64-cc,
clangarm64,mingw-w64-clang-aarch64-nvidia-cg-toolkit,build-depends-on,mingw-w64-clang-aarch64-binutils,
clangarm64,mingw-w64-clang-aarch64-nvidia-cg-toolkit,build-depends-on,mingw-w64-clang-aarch64-cc,
clangarm64,mingw-w64-clang-aarch64-oatpp,build-depends-on,mingw-w64-clang-aarch64-cc,
clangarm64,mingw-w64-clang-aarch64-oce,build-depends-on,mingw-w64-clang-aarch64-cc,
clangarm64,mingw-w64-clang-aarch64-octave,build-depends-on,mingw-w64-clang-aarch64-cc,
clangarm64,mingw-w64-clang-aarch64-octave,build-depends-on,mingw-w64-clang-aarch64-fc,
clangarm64,mingw-w64-clang-aarch64-ode,build-depends-on,mingw-w64-clang-aarch64-cc,
clangarm64,mingw-w64-clang-aarch64-odt2txt,build-depends-on,mingw-w64-clang-aarch64-cc,
clangarm64,mingw-w64-clang-aarch64-ogre3d,build-depends-on,mingw-w64-clang-aarch64-cc,
clangarm64,mingw-w64-clang-aarch64-oh-my-posh,build-depends-on,mingw-w64-clang-aarch64-cc,
clangarm64,mingw-w64-clang-aarch64-ois,build-depends-on,mingw-w64-clang-aarch64-cc,
clangarm64,mingw-w64-clang-aarch64-okular,build-depends-on,mingw-w64-clang-aarch64-cc,
clangarm64,mingw-w64-clang-aarch64-ollama,build-depends-on,mingw-w64-clang-aarch64-cc,
clangarm64,mingw-w64-clang-aarch64-onednn,build-depends-on,mingw-w64-clang-aarch64-cc,
clangarm64,mingw-w64-clang-aarch64-onigmo,build-depends-on,mingw-w64-clang-aarch64-cc,
clangarm64,mingw-w64-clang-aarch64-oniguruma,build-depends-on,mingw-w64-clang-aarch64-cc,
clangarm64,mingw-w64-clang-aarch64-onnx,build-depends-on,mingw-w64-clang-aarch64-cc,
clangarm64,mingw-w64-clang-aarch64-open62541,build-depends-on,mingw-w64-clang-aarch64-cc,
clangarm64,mingw-w64-clang-aarch64-openFPGALoader,build-depends-on,mingw-w64-clang-aarch64-cc,
clangarm64,mingw-w64-clang-aarch64-openFPGALoader,build-depends-on,mingw-w64-clang-aarch64-cmake,
clangarm64,mingw-w64-clang-aarch64-openFPGALoader,build-depends-on,mingw-w64-clang-aarch64-ninja,
clangarm64,mingw-w64-clang-aarch64-openal,build-depends-on,mingw-w64-clang-aarch64-cc,
clangarm64,mingw-w64-clang-aarch64-openapv,build-depends-on,mingw-w64-clang-aarch64-cc,
clangarm64,mingw-w64-clang-aarch64-openbabel,build-depends-on,mingw-w64-clang-aarch64-cc,
clangarm64,mingw-w64-clang-aarch64-openblas,build-depends-on,mingw-w64-clang-aarch64-cc,
clangarm64,mingw-w64-clang-aarch64-openblas,build-depends-on,mingw-w64-clang-aarch64-fc,
clangarm64,mingw-w64-clang-aarch64-openblas64,build-depends-on,mingw-w64-clang-aarch64-cc,
clangarm64,mingw-w64-clang-aarch64-openblas64,build-depends-on,mingw-w64-clang-aarch64-fc,
clangarm64,mingw-w64-clang-aarch64-opencamlib,build-depends-on,mingw-w64-clang-aarch64-cc,
clangarm64,mingw-w64-clang-aarch64-opencascade,build-depends-on,mingw-w64-clang-aarch64-cc,
clangarm64,mingw-w64-clang-aarch64-opencascade-doc-overview,build-depends-on,mingw-w64-clang-aarch64-cc,
clangarm64,mingw-w64-clang-aarch64-opencascade-doc-refman,build-depends-on,mingw-w64-clang-aarch64-cc,
clangarm64,mingw-w64-clang-aarch64-opencc,build-depends-on,mingw-w64-clang-aarch64-cc,
clangarm64,mingw-w64-clang-aarch64-opencl-clhpp,build-depends-on,mingw-w64-clang-aarch64-cc,
clangarm64,mingw-w64-clang-aarch64-opencl-headers,build-depends-on,mingw-w64-clang-aarch64-cc,
clangarm64,mingw-w64-clang-aarch64-opencl-icd,build-depends-on,mingw-w64-clang-aarch64-cc,
clangarm64,mingw-w64-clang-aarch64-opencollada,build-depends-on,mingw-w64-clang-aarch64-cc,
clangarm64,mingw-w64-clang-aarch64-opencolorio,build-depends-on,mingw-w64-clang-aarch64-cc,
clangarm64,mingw-w64-clang-aarch64-opencore-amr,build-depends-on,mingw-w64-clang-aarch64-cc,
clangarm64,mingw-w64-clang-aarch64-opencsg,build-depends-on,mingw-w64-clang-aarch64-cc,
clangarm64,mingw-w64-clang-aarch64-opencv,build-depends-on,mingw-w64-clang-aarch64-cc,
clangarm64,mingw-w64-clang-aarch64-opencv,build-depends-on,mingw-w64-clang-aarch64-fc,
clangarm64,mingw-w64-clang-aarch64-openexr,build-depends-on,mingw-w64-clang-aarch64-cc,
clangarm64,mingw-w64-clang-aarch64-openfa,build-depends-on,mingw-w64-clang-aarch64-cc,
clangarm64,mingw-w64-clang-aarch64-openh264,build-depends-on,mingw-w64-clang-aarch64-cc,
clangarm64,mingw-w64-clang-aarch64-openimagedenoise,build-depends-on,mingw-w64-clang-aarch64-cc,
clangarm64,mingw-w64-clang-aarch64-openimageio,build-depends-on,mingw-w64-clang-aarch64-cc,
clangarm64,mingw-w64-clang-aarch64-openjpeg2,build-depends-on,mingw-w64-clang-aarch64-cc,
clangarm64,mingw-w64-clang-aarch64-openjph,build-depends-on,mingw-w64-clang-aarch64-cc,
clangarm64,mingw-w64-clang-aarch64-openldap,build-depends-on,mingw-w64-clang-aarch64-cc,
clangarm64,mingw-w64-clang-aarch64-openlibm,build-depends-on,mingw-w64-clang-aarch64-cc,
clangarm64,mingw-w64-clang-aarch64-openocd,build-depends-on,mingw-w64-clang-aarch64-cc,
clangarm64,mingw-w64-clang-aarch64-openpgl,build-depends-on,mingw-w64-clang-aarch64-cc,
clangarm64,mingw-w64-clang-aarch64-openscad,build-depends-on,mingw-w64-clang-aarch64-cc,
clangarm64,mingw-w64-clang-aarch64-openshadinglanguage,build-depends-on,mingw-w64-clang-aarch64-cc,
clangarm64,mingw-w64-clang-aarch64-openslide,build-depends-on,mingw-w64-clang-aarch64-cc,
clangarm64,mingw-w64-clang-aarch64-openssl,build-depends-on,mingw-w64-clang-aarch64-cc,
clangarm64,mingw-w64-clang-aarch64-opensubdiv,build-depends-on,mingw-w64-clang-aarch64-cc,
clangarm64,mingw-w64-clang-aarch64-opensubdiv-docs,build-depends-on,mingw-w64-clang-aarch64-cc,
clangarm64,mingw-w64-clang-aarch64-opentimelineio,build-depends-on,mingw-w64-clang-aarch64-cc,
clangarm64,mingw-w64-clang-aarch64-openturns,build-depends-on,mingw-w64-clang-aarch64-cc,
clangarm64,mingw-w64-clang-aarch64-openvdb,build-depends-on,mingw-w64-clang-aarch64-cc,
clangarm64,mingw-w64-clang-aarch64-openvr,build-depends-on,mingw-w64-clang-aarch64-cc,
clangarm64,mingw-w64-clang-aarch64-openxr-sdk,build-depends-on,mingw-w64-clang-aarch64-cc,
clangarm64,mingw-w64-clang-aarch64-optipng,build-depends-on,mingw-w64-clang-aarch64-cc,
clangarm64,mingw-w64-clang-aarch64-opus,build-depends-on,mingw-w64-clang-aarch64-cc,
clangarm64,mingw-w64-clang-aarch64-opus-docs,build-depends-on,mingw-w64-clang-aarch64-cc,
clangarm64,mingw-w64-clang-aarch64-opus-tools,build-depends-on,mingw-w64-clang-aarch64-cc,
clangarm64,mingw-w64-clang-aarch64-opusfile,build-depends-on,mingw-w64-clang-aarch64-cc,
clangarm64,mingw-w64-clang-aarch64-oqsprovider,build-depends-on,mingw-w64-clang-aarch64-cc,
clangarm64,mingw-w64-clang-aarch64-orc,build-depends-on,mingw-w64-clang-aarch64-cc,
clangarm64,mingw-w64-clang-aarch64-orcus,build-depends-on,mingw-w64-clang-aarch64-cc,
clangarm64,mingw-w64-clang-aarch64-osgQt,build-depends-on,mingw-w64-clang-aarch64-cc,
clangarm64,mingw-w64-clang-aarch64-osgQt,build-depends-on,mingw-w64-clang-aarch64-cmake,
clangarm64,mingw-w64-clang-aarch64-osgQt,build-depends-on,mingw-w64-clang-aarch64-ninja,
clangarm64,mingw-w64-clang-aarch64-osgbullet,build-depends-on,mingw-w64-clang-aarch64-cc,
clangarm64,mingw-w64-clang-aarch64-osgearth,build-depends-on,mingw-w64-clang-aarch64-cc,
clangarm64,mingw-w64-clang-aarch64-osgocean,build-depends-on,mingw-w64-clang-aarch64-cc,
clangarm64,mingw-w64-clang-aarch64-osgqtquick,build-depends-on,mingw-w64-clang-aarch64-cc,
clangarm64,mingw-w64-clang-aarch64-osgworks,build-depends-on,mingw-w64-clang-aarch64-cc,
clangarm64,mingw-w64-clang-aarch64-osl,build-depends-on,mingw-w64-clang-aarch64-cc,
clangarm64,mingw-w64-clang-aarch64-osm-gps-map,build-depends-on,mingw-w64-clang-aarch64-cc,
clangarm64,mingw-w64-clang-aarch64-ossia-score,build-depends-on,mingw-w64-clang-aarch64-cc,
clangarm64,mingw-w64-clang-aarch64-osslsigncode,build-depends-on,mingw-w64-clang-aarch64-cc,
clangarm64,mingw-w64-clang-aarch64-oxipng,build-depends-on,mingw-w64-clang-aarch64-cc,
clangarm64,mingw-w64-clang-aarch64-p11-kit,build-depends-on,mingw-w64-clang-aarch64-cc,
clangarm64,mingw-w64-clang-aarch64-paho.mqtt.c,build-depends-on,mingw-w64-clang-aarch64-cc,
clangarm64,mingw-w64-clang-aarch64-pango,build-depends-on,mingw-w64-clang-aarch64-cc,
clangarm64,mingw-w64-clang-aarch64-pango-docs,build-depends-on,mingw-w64-clang-aarch64-cc,
clangarm64,mingw-w64-clang-aarch64-pangomm,build-depends-on,mingw-w64-clang-aarch64-cc,
clangarm64,mingw-w64-clang-aarch64-pangomm-2.48,build-depends-on,mingw-w64-clang-aarch64-cc,
clangarm64,mingw-w64-clang-aarch64-paraview,build-depends-on,mingw-w64-clang-aarch64-cc,
clangarm64,mingw-w64-clang-aarch64-paraview,build-depends-on,mingw-w64-clang-aarch64-fc,
clangarm64,mingw-w64-clang-aarch64-parsec,build-depends-on,mingw-w64-clang-aarch64-cc,
clangarm64,mingw-w64-clang-aarch64-partio,build-depends-on,mingw-w64-clang-aarch64-cc,
clangarm64,mingw-w64-clang-aarch64-pastix,build-depends-on,mingw-w64-clang-aarch64-cc,
clangarm64,mingw-w64-clang-aarch64-pastix,build-depends-on,mingw-w64-clang-aarch64-fc,
clangarm64,mingw-w64-clang-aarch64-pcaudiolib,build-depends-on,mingw-w64-clang-aarch64-cc,
clangarm64,mingw-w64-clang-aarch64-pcre,build-depends-on,mingw-w64-clang-aarch64-cc,
clangarm64,mingw-w64-clang-aarch64-pcre2,build-depends-on,mingw-w64-clang-aarch64-cc,
clangarm64,mingw-w64-clang-aarch64-pdal,build-depends-on,mingw-w64-clang-aarch64-cc,
clangarm64,mingw-w64-clang-aarch64-pdcurses,build-depends-on,mingw-w64-clang-aarch64-cc,
clangarm64,mingw-w64-clang-aarch64-pdf2svg,build-depends-on,mingw-w64-clang-aarch64-cc,
clangarm64,mingw-w64-clang-aarch64-pdfpc,build-depends-on,mingw-w64-clang-aarch64-cc,
clangarm64,mingw-w64-clang-aarch64-pegtl,build-depends-on,mingw-w64-clang-aarch64-cc,
clangarm64,mingw-w64-clang-aarch64-pelican,build-depends-on,mingw-w64-clang-aarch64-cc,
clangarm64,mingw-w64-clang-aarch64-perl,build-depends-on,mingw-w64-clang-aarch64-cc,
clangarm64,mingw-w64-clang-aarch64-perl-authen-sasl,build-depends-on,mingw-w64-clang-aarch64-make,
clangarm64,mingw-w64-clang-aarch64-perl-autovivification,build-depends-on,mingw-w64-clang-aarch64-cc,
clangarm64,mingw-w64-clang-aarch64-perl-clone,build-depends-on,mingw-w64-clang-aarch64-cc,
clangarm64,mingw-w64-clang-aarch64-perl-convert-binhex,build-depends-on,mingw-w64-clang-aarch64-make,
clangarm64,mingw-w64-clang-aarch64-perl-datetime,build-depends-on,mingw-w64-clang-aarch64-cc,
clangarm64,mingw-w64-clang-aarch64-perl-dbi,build-depends-on,mingw-w64-clang-aarch64-cc,
clangarm64,mingw-w64-clang-aarch64-perl-dbi,build-depends-on,mingw-w64-clang-aarch64-make,
clangarm64,mingw-w64-clang-aarch64-perl-devel-cover,build-depends-on,mingw-w64-clang-aarch64-cc,
clangarm64,mingw-w64-clang-aarch64-perl-digest-sha,build-depends-on,mingw-w64-clang-aarch64-cc,
clangarm64,mingw-w64-clang-aarch64-perl-doc,build-depends-on,mingw-w64-clang-aarch64-cc,
clangarm64,mingw-w64-clang-aarch64-perl-encode-eucjpascii,build-depends-on,mingw-w64-clang-aarch64-cc,
clangarm64,mingw-w64-clang-aarch64-perl-encode-hanextra,build-depends-on,mingw-w64-clang-aarch64-cc,
clangarm64,mingw-w64-clang-aarch64-perl-error,build-depends-on,mingw-w64-clang-aarch64-make,
clangarm64,mingw-w64-clang-aarch64-perl-html-parser,build-depends-on,mingw-w64-clang-aarch64-cc,
clangarm64,mingw-w64-clang-aarch64-perl-io-stringy,build-depends-on,mingw-w64-clang-aarch64-make,
clangarm64,mingw-w64-clang-aarch64-perl-list-moreutils-xs,build-depends-on,mingw-w64-clang-aarch64-cc,
clangarm64,mingw-w64-clang-aarch64-perl-mailtools,build-depends-on,mingw-w64-clang-aarch64-make,
clangarm64,mingw-w64-clang-aarch64-perl-math-int64,build-depends-on,mingw-w64-clang-aarch64-gcc,
clangarm64,mingw-w64-clang-aarch64-perl-mime-tools,build-depends-on,mingw-w64-clang-aarch64-make,
clangarm64,mingw-w64-clang-aarch64-perl-module-build,build-depends-on,mingw-w64-clang-aarch64-cc,
clangarm64,mingw-w64-clang-aarch64-perl-net-smtp-ssl,build-depends-on,mingw-w64-clang-aarch64-make,
clangarm64,mingw-w64-clang-aarch64-perl-net-ssleay,build-depends-on,mingw-w64-clang-aarch64-cc,
clangarm64,mingw-w64-clang-aarch64-perl-package-stash,build-depends-on,mingw-w64-clang-aarch64-cc,
clangarm64,mingw-w64-clang-aarch64-perl-package-stash-xs,build-depends-on,mingw-w64-clang-aarch64-cc,
clangarm64,mingw-w64-clang-aarch64-perl-params-util,build-depends-on,mingw-w64-clang-aarch64-cc,
clangarm64,mingw-w64-clang-aarch64-perl-params-validate,build-depends-on,mingw-w64-clang-aarch64-cc,
clangarm64,mingw-w64-clang-aarch64-perl-perlio-utf8-strict,build-depends-on,mingw-w64-clang-aarch64-cc,
clangarm64,mingw-w64-clang-aarch64-perl-scalar-list-utils,build-depends-on,mingw-w64-clang-aarch64-cc,
clangarm64,mingw-w64-clang-aarch64-perl-sort-key,build-depends-on,mingw-w64-clang-aarch64-cc,
clangarm64,mingw-w64-clang-aarch64-perl-termreadkey,build-depends-on,mingw-w64-clang-aarch64-cc,
clangarm64,mingw-w64-clang-aarch64-perl-termreadkey,build-depends-on,mingw-w64-clang-aarch64-make,
clangarm64,mingw-w64-clang-aarch64-perl-text-bibtex,build-depends-on,mingw-w64-clang-aarch64-cc,
clangarm64,mingw-w64-clang-aarch64-perl-text-csv-xs,build-depends-on,mingw-w64-clang-aarch64-cc,
clangarm64,mingw-w64-clang-aarch64-perl-unicode-linebreak,build-depends-on,mingw-w64-clang-aarch64-cc,
clangarm64,mingw-w64-clang-aarch64-perl-variable-magic,build-depends-on,mingw-w64-clang-aarch64-cc,
clangarm64,mingw-w64-clang-aarch64-perl-win32-console,build-depends-on,mingw-w64-clang-aarch64-cc,
clangarm64,mingw-w64-clang-aarch64-perl-win32-shortcut,build-depends-on,mingw-w64-clang-aarch64-cc,
clangarm64,mingw-w64-clang-aarch64-perl-win32-unicode,build-depends-on,mingw-w64-clang-aarch64-cc,
clangarm64,mingw-w64-clang-aarch64-perl-win32-winerror,build-depends-on,mingw-w64-clang-aarch64-cc,
clangarm64,mingw-w64-clang-aarch64-perl-win32api-registry,build-depends-on,mingw-w64-clang-aarch64-cc,
clangarm64,mingw-w64-clang-aarch64-perl-xml-libxml,build-depends-on,mingw-w64-clang-aarch64-cc,
clangarm64,mingw-w64-clang-aarch64-perl-xml-libxslt,build-depends-on,mingw-w64-clang-aarch64-cc,
clangarm64,mingw-w64-clang-aarch64-perl-xml-parser,build-depends-on,mingw-w64-clang-aarch64-cc,
clangarm64,mingw-w64-clang-aarch64-perl-xml-parser,build-depends-on,mingw-w64-clang-aarch64-make,
clangarm64,mingw-w64-clang-aarch64-perl-xml-parser,build-depends-on,mingw-w64-clang-aarch64-perl-file-sharedir-install,
clangarm64,mingw-w64-clang-aarch64-perl-xml-parser,build-depends-on,mingw-w64-clang-aarch64-pkgconf,
clangarm64,mingw-w64-clang-aarch64-petsc,build-depends-on,mingw-w64-clang-aarch64-cc,
clangarm64,mingw-w64-clang-aarch64-petsc,build-depends-on,mingw-w64-clang-aarch64-fc,
clangarm64,mingw-w64-clang-aarch64-petsc-build,build-depends-on,mingw-w64-clang-aarch64-cc,
clangarm64,mingw-w64-clang-aarch64-petsc-build,build-depends-on,mingw-w64-clang-aarch64-fc,
clangarm64,mingw-w64-clang-aarch64-pg_probackup-16,build-depends-on,mingw-w64-clang-aarch64-cc,
clangarm64,mingw-w64-clang-aarch64-pgmodeler,build-depends-on,mingw-w64-clang-aarch64-cc,
clangarm64,mingw-w64-clang-aarch64-pgmodeler-plugins,build-depends-on,mingw-w64-clang-aarch64-cc,
clangarm64,mingw-w64-clang-aarch64-phodav,build-depends-on,mingw-w64-clang-aarch64-cc,
clangarm64,mingw-w64-clang-aarch64-phonon,build-depends-on,mingw-w64-clang-aarch64-cc,
clangarm64,mingw-w64-clang-aarch64-physfs,build-depends-on,mingw-w64-clang-aarch64-cc,
clangarm64,mingw-w64-clang-aarch64-picosha2,build-depends-on,mingw-w64-clang-aarch64-cc,
clangarm64,mingw-w64-clang-aarch64-picotool,build-depends-on,mingw-w64-clang-aarch64-cc,
clangarm64,mingw-w64-clang-aarch64-pidgin,build-depends-on,mingw-w64-clang-aarch64-cc,
clangarm64,mingw-w64-clang-aarch64-pikchr,build-depends-on,mingw-w64-clang-aarch64-cc,
clangarm64,mingw-w64-clang-aarch64-pinact,build-depends-on,mingw-w64-clang-aarch64-cc,
clangarm64,mingw-w64-clang-aarch64-pinentry,build-depends-on,mingw-w64-clang-aarch64-cc,
clangarm64,mingw-w64-clang-aarch64-pixman,build-depends-on,mingw-w64-clang-aarch64-cc,
clangarm64,mingw-w64-clang-aarch64-pkcs11-helper,build-depends-on,mingw-w64-clang-aarch64-cc,
clangarm64,mingw-w64-clang-aarch64-pkgconf,build-depends-on,mingw-w64-clang-aarch64-cc,
clangarm64,mingw-w64-clang-aarch64-planarity,build-depends-on,mingw-w64-clang-aarch64-cc,
clangarm64,mingw-w64-clang-aarch64-plantri,build-depends-on,mingw-w64-clang-aarch64-cc,
clangarm64,mingw-w64-clang-aarch64-plasma-activities,build-depends-on,mingw-w64-clang-aarch64-cc,
clangarm64,mingw-w64-clang-aarch64-plfit,build-depends-on,mingw-w64-clang-aarch64-cc,
clangarm64,mingw-w64-clang-aarch64-plplot,build-depends-on,mingw-w64-clang-aarch64-cc,
clangarm64,mingw-w64-clang-aarch64-plplot,build-depends-on,mingw-w64-clang-aarch64-fc,
clangarm64,mingw-w64-clang-aarch64-plutosvg,build-depends-on,mingw-w64-clang-aarch64-cc,
clangarm64,mingw-w64-clang-aarch64-plutovg,build-depends-on,mingw-w64-clang-aarch64-cc,
clangarm64,mingw-w64-clang-aarch64-png2ico,build-depends-on,mingw-w64-clang-aarch64-cc,
clangarm64,mingw-w64-clang-aarch64-pngcrush,build-depends-on,mingw-w64-clang-aarch64-cc,
clangarm64,mingw-w64-clang-aarch64-pngnq,build-depends-on,mingw-w64-clang-aarch64-cc,
clangarm64,mingw-w64-clang-aarch64-pngquant,build-depends-on,mingw-w64-clang-aarch64-cc,
clangarm64,mingw-w64-clang-aarch64-poco,build-depends-on,mingw-w64-clang-aarch64-cc,
clangarm64,mingw-w64-clang-aarch64-podman,build-depends-on,mingw-w64-clang-aarch64-cc,
clangarm64,mingw-w64-clang-aarch64-podofo,build-depends-on,mingw-w64-clang-aarch64-cc,
clangarm64,mingw-w64-clang-aarch64-polipo,build-depends-on,mingw-w64-clang-aarch64-cc,
clangarm64,mingw-w64-clang-aarch64-polly,build-depends-on,mingw-w64-clang-aarch64-cc,
clangarm64,mingw-w64-clang-aarch64-poppler,build-depends-on,mingw-w64-clang-aarch64-cc,
clangarm64,mingw-w64-clang-aarch64-poppler-qt5,build-depends-on,mingw-w64-clang-aarch64-cc,
clangarm64,mingw-w64-clang-aarch64-poppler-qt6,build-depends-on,mingw-w64-clang-aarch64-cc,
clangarm64,mingw-w64-clang-aarch64-popt,build-depends-on,mingw-w64-clang-aarch64-cc,
clangarm64,mingw-w64-clang-aarch64-port-scanner,build-depends-on,mingw-w64-clang-aarch64-cc,
clangarm64,mingw-w64-clang-aarch64-portablexdr,build-depends-on,mingw-w64-clang-aarch64-cc,
clangarm64,mingw-w64-clang-aarch64-portaudio,build-depends-on,mingw-w64-clang-aarch64-cc,
clangarm64,mingw-w64-clang-aarch64-portaudio-asio,build-depends-on,mingw-w64-clang-aarch64-asiosdk,
clangarm64,mingw-w64-clang-aarch64-portaudio-asio,build-depends-on,mingw-w64-clang-aarch64-cc,
clangarm64,mingw-w64-clang-aarch64-portaudio-asio,build-depends-on,mingw-w64-clang-aarch64-cmake,
clangarm64,mingw-w64-clang-aarch64-portaudio-asio,build-depends-on,mingw-w64-clang-aarch64-ninja,
clangarm64,mingw-w64-clang-aarch64-portaudio-asio,build-depends-on,mingw-w64-clang-aarch64-pkgconf,
clangarm64,mingw-w64-clang-aarch64-portmidi,build-depends-on,mingw-w64-clang-aarch64-cc,
clangarm64,mingw-w64-clang-aarch64-portsmf,build-depends-on,mingw-w64-clang-aarch64-cc,
clangarm64,mingw-w64-clang-aarch64-postgis,build-depends-on,mingw-w64-clang-aarch64-cc,
clangarm64,mingw-w64-clang-aarch64-postgresql,build-depends-on,mingw-w64-clang-aarch64-cc,
clangarm64,mingw-w64-clang-aarch64-postgresql-16,build-depends-on,mingw-w64-clang-aarch64-cc,
clangarm64,mingw-w64-clang-aarch64-potrace,build-depends-on,mingw-w64-clang-aarch64-cc,
clangarm64,mingw-w64-clang-aarch64-powerpc-apple-macos-binutils,build-depends-on,mingw-w64-clang-aarch64-cc,
clangarm64,mingw-w64-clang-aarch64-ppl,build-depends-on,mingw-w64-clang-aarch64-cc,
clangarm64,mingw-w64-clang-aarch64-pqp,build-depends-on,mingw-w64-clang-aarch64-cc,
clangarm64,mingw-w64-clang-aarch64-pragtical,build-depends-on,mingw-w64-clang-aarch64-cc,
clangarm64,mingw-w64-clang-aarch64-precice,build-depends-on,mingw-w64-clang-aarch64-cc,
clangarm64,mingw-w64-clang-aarch64-premake,build-depends-on,mingw-w64-clang-aarch64-cc,
clangarm64,mingw-w64-clang-aarch64-premake4,build-depends-on,mingw-w64-clang-aarch64-cc,
clangarm64,mingw-w64-clang-aarch64-primecount,build-depends-on,mingw-w64-clang-aarch64-cc,
clangarm64,mingw-w64-clang-aarch64-primesieve,build-depends-on,mingw-w64-clang-aarch64-cc,
clangarm64,mingw-w64-clang-aarch64-prison,build-depends-on,mingw-w64-clang-aarch64-cc,
clangarm64,mingw-w64-clang-aarch64-prjtrellis,build-depends-on,mingw-w64-clang-aarch64-cc,
clangarm64,mingw-w64-clang-aarch64-proj,build-depends-on,mingw-w64-clang-aarch64-cc,
clangarm64,mingw-w64-clang-aarch64-projectchrono,build-depends-on,mingw-w64-clang-aarch64-cc,
clangarm64,mingw-w64-clang-aarch64-protobuf,build-depends-on,mingw-w64-clang-aarch64-cc,
clangarm64,mingw-w64-clang-aarch64-protobuf-c,build-depends-on,mingw-w64-clang-aarch64-cc,
clangarm64,mingw-w64-clang-aarch64-ptex,build-depends-on,mingw-w64-clang-aarch64-cc,
clangarm64,mingw-w64-clang-aarch64-ptex-docs,build-depends-on,mingw-w64-clang-aarch64-cc,
clangarm64,mingw-w64-clang-aarch64-pugixml,build-depends-on,mingw-w64-clang-aarch64-cc,
clangarm64,mingw-w64-clang-aarch64-pulseaudio,build-depends-on,mingw-w64-clang-aarch64-cc,
clangarm64,mingw-w64-clang-aarch64-pulseaudio,build-depends-on,mingw-w64-clang-aarch64-perl-xml-parser,
clangarm64,mingw-w64-clang-aarch64-pupnp,build-depends-on,mingw-w64-clang-aarch64-cc,
clangarm64,mingw-w64-clang-aarch64-purpose,build-depends-on,mingw-w64-clang-aarch64-cc,
clangarm64,mingw-w64-clang-aarch64-putty,build-depends-on,mingw-w64-clang-aarch64-cc,
clangarm64,mingw-w64-clang-aarch64-putty-ssh,build-depends-on,mingw-w64-clang-aarch64-cc,
clangarm64,mingw-w64-clang-aarch64-pybind11,build-depends-on,mingw-w64-clang-aarch64-cc,
clangarm64,mingw-w64-clang-aarch64-pybind11-json,build-depends-on,mingw-w64-clang-aarch64-cc,
clangarm64,mingw-w64-clang-aarch64-pymol,build-depends-on,mingw-w64-clang-aarch64-cc,
clangarm64,mingw-w64-clang-aarch64-pyqt5-sip,build-depends-on,mingw-w64-clang-aarch64-cc,
clangarm64,mingw-w64-clang-aarch64-pyside2,build-depends-on,mingw-w64-clang-aarch64-cc,
clangarm64,mingw-w64-clang-aarch64-pyside2-tools,build-depends-on,mingw-w64-clang-aarch64-cc,
clangarm64,mingw-w64-clang-aarch64-pyside6,build-depends-on,mingw-w64-clang-aarch64-cc,
clangarm64,mingw-w64-clang-aarch64-pyside6-tools,build-depends-on,mingw-w64-clang-aarch64-cc,
clangarm64,mingw-w64-clang-aarch64-pystring,build-depends-on,mingw-w64-clang-aarch64-cc,
clangarm64,mingw-w64-clang-aarch64-python,build-depends-on,mingw-w64-clang-aarch64-cc,
clangarm64,mingw-w64-clang-aarch64-python-aiohttp,build-depends-on,mingw-w64-clang-aarch64-cc,
clangarm64,mingw-w64-clang-aarch64-python-aioquic,build-depends-on,mingw-w64-clang-aarch64-cc,
clangarm64,mingw-w64-clang-aarch64-python-argon2-cffi-bindings,build-depends-on,mingw-w64-clang-aarch64-cc,
clangarm64,mingw-w64-clang-aarch64-python-asyncpg,build-depends-on,mingw-w64-clang-aarch64-cc,
clangarm64,mingw-w64-clang-aarch64-python-audioop-lts,build-depends-on,mingw-w64-clang-aarch64-cc,
clangarm64,mingw-w64-clang-aarch64-python-av,build-depends-on,mingw-w64-clang-aarch64-cc,
clangarm64,mingw-w64-clang-aarch64-python-bcrypt,build-depends-on,mingw-w64-clang-aarch64-cc,
clangarm64,mingw-w64-clang-aarch64-python-biopython,build-depends-on,mingw-w64-clang-aarch64-cc,
clangarm64,mingw-w64-clang-aarch64-python-biscuits,build-depends-on,mingw-w64-clang-aarch64-cc,
clangarm64,mingw-w64-clang-aarch64-python-brotli,build-depends-on,mingw-w64-clang-aarch64-cc,
clangarm64,mingw-w64-clang-aarch64-python-bsddb3,build-depends-on,mingw-w64-clang-aarch64-cc,
clangarm64,mingw-w64-clang-aarch64-python-cairo,build-depends-on,mingw-w64-clang-aarch64-cc,
clangarm64,mingw-w64-clang-aarch64-python-can,check-depends-on,mingw-w64-clang-aarch64-python-codecov,
clangarm64,mingw-w64-clang-aarch64-python-capstone,build-depends-on,mingw-w64-clang-aarch64-cc,
clangarm64,mingw-w64-clang-aarch64-python-cffi,build-depends-on,mingw-w64-clang-aarch64-cc,
clangarm64,mingw-w64-clang-aarch64-python-conan-server,build-depends-on,mingw-w64-clang-aarch64-python-build,
clangarm64,mingw-w64-clang-aarch64-python-conan-server,build-depends-on,mingw-w64-clang-aarch64-python-installer,
clangarm64,mingw-w64-clang-aarch64-python-conan-server,build-depends-on,mingw-w64-clang-aarch64-python-setuptools,
clangarm64,mingw-w64-clang-aarch64-python-contourpy,build-depends-on,mingw-w64-clang-aarch64-cc,
clangarm64,mingw-w64-clang-aarch64-python-coverage,build-depends-on,mingw-w64-clang-aarch64-cc,
clangarm64,mingw-w64-clang-aarch64-python-crcmod,build-depends-on,mingw-w64-clang-aarch64-cc,
clangarm64,mingw-w64-clang-aarch64-python-cryptography,build-depends-on,mingw-w64-clang-aarch64-cc,
clangarm64,mingw-w64-clang-aarch64-python-cvxopt,build-depends-on,mingw-w64-clang-aarch64-cc,
clangarm64,mingw-w64-clang-aarch64-python-cx-logging,build-depends-on,mingw-w64-clang-aarch64-cc,
clangarm64,mingw-w64-clang-aarch64-python-cysignals,build-depends-on,mingw-w64-clang-aarch64-cc,
clangarm64,mingw-w64-clang-aarch64-python-debugpy,build-depends-on,mingw-w64-clang-aarch64-cc,
clangarm64,mingw-w64-clang-aarch64-python-distlib,build-depends-on,mingw-w64-clang-aarch64-cc,
clangarm64,mingw-w64-clang-aarch64-python-dlib,build-depends-on,mingw-w64-clang-aarch64-cc,
clangarm64,mingw-w64-clang-aarch64-python-docopt,build-depends-on,mingw-w64-clang-aarch64-cc,
clangarm64,mingw-w64-clang-aarch64-python-dulwich,build-depends-on,mingw-w64-clang-aarch64-cc,
clangarm64,mingw-w64-clang-aarch64-python-flatbuffers,build-depends-on,mingw-w64-clang-aarch64-cc,
clangarm64,mingw-w64-clang-aarch64-python-fonttools,build-depends-on,mingw-w64-clang-aarch64-cc,
clangarm64,mingw-w64-clang-aarch64-python-freeze-core,build-depends-on,mingw-w64-clang-aarch64-cc,
clangarm64,mingw-w64-clang-aarch64-python-frozenlist,build-depends-on,mingw-w64-clang-aarch64-cc,
clangarm64,mingw-w64-clang-aarch64-python-gdal,build-depends-on,mingw-w64-clang-aarch64-cc,
clangarm64,mingw-w64-clang-aarch64-python-glcontext,build-depends-on,mingw-w64-clang-aarch64-cc,
clangarm64,mingw-w64-clang-aarch64-python-glfw,build-depends-on,mingw-w64-clang-aarch64-cc,
clangarm64,mingw-w64-clang-aarch64-python-gmpy2,build-depends-on,mingw-w64-clang-aarch64-cc,
clangarm64,mingw-w64-clang-aarch64-python-gobject,build-depends-on,mingw-w64-clang-aarch64-cc,
clangarm64,mingw-w64-clang-aarch64-python-gpgme,build-depends-on,mingw-w64-clang-aarch64-cc,
clangarm64,mingw-w64-clang-aarch64-python-greenlet,build-depends-on,mingw-w64-clang-aarch64-cc,
clangarm64,mingw-w64-clang-aarch64-python-grpcio,build-depends-on,mingw-w64-clang-aarch64-cc,
clangarm64,mingw-w64-clang-aarch64-python-grpcio-tools,build-depends-on,mingw-w64-clang-aarch64-cc,
clangarm64,mingw-w64-clang-aarch64-python-gssapi,build-depends-on,mingw-w64-clang-aarch64-cc,
clangarm64,mingw-w64-clang-aarch64-python-h5py,build-depends-on,mingw-w64-clang-aarch64-cc,
clangarm64,mingw-w64-clang-aarch64-python-hiredis,build-depends-on,mingw-w64-clang-aarch64-cc,
clangarm64,mingw-w64-clang-aarch64-python-hunter,build-depends-on,mingw-w64-clang-aarch64-cc,
clangarm64,mingw-w64-clang-aarch64-python-icu,build-depends-on,mingw-w64-clang-aarch64-cc,
clangarm64,mingw-w64-clang-aarch64-python-igraph,build-depends-on,mingw-w64-clang-aarch64-cc,
clangarm64,mingw-w64-clang-aarch64-python-imagecodecs,build-depends-on,mingw-w64-clang-aarch64-cc,
clangarm64,mingw-w64-clang-aarch64-python-immutables,build-depends-on,mingw-w64-clang-aarch64-cc,
clangarm64,mingw-w64-clang-aarch64-python-installer,build-depends-on,mingw-w64-clang-aarch64-cc,
clangarm64,mingw-w64-clang-aarch64-python-jsonnet,build-depends-on,mingw-w64-clang-aarch64-cc,
clangarm64,mingw-w64-clang-aarch64-python-keystone,build-depends-on,mingw-w64-clang-aarch64-cc,
clangarm64,mingw-w64-clang-aarch64-python-kiwisolver,build-depends-on,mingw-w64-clang-aarch64-cc,
clangarm64,mingw-w64-clang-aarch64-python-lazy-object-proxy,build-depends-on,mingw-w64-clang-aarch64-cc,
clangarm64,mingw-w64-clang-aarch64-python-ldap,build-depends-on,mingw-w64-clang-aarch64-cc,
clangarm64,mingw-w64-clang-aarch64-python-levenshtein,build-depends-on,mingw-w64-clang-aarch64-cc,
clangarm64,mingw-w64-clang-aarch64-python-lhafile,build-depends-on,mingw-w64-clang-aarch64-cc,
clangarm64,mingw-w64-clang-aarch64-python-librt,build-depends-on,mingw-w64-clang-aarch64-cc,
clangarm64,mingw-w64-clang-aarch64-python-libsass,build-depends-on,mingw-w64-clang-aarch64-cc,
clangarm64,mingw-w64-clang-aarch64-python-lief,build-depends-on,mingw-w64-clang-aarch64-cc,
clangarm64,mingw-w64-clang-aarch64-python-llvmlite,build-depends-on,mingw-w64-clang-aarch64-cc,
clangarm64,mingw-w64-clang-aarch64-python-lmdb,build-depends-on,mingw-w64-clang-aarch64-cc,
clangarm64,mingw-w64-clang-aarch64-python-lrcalc,build-depends-on,mingw-w64-clang-aarch64-cc,
clangarm64,mingw-w64-clang-aarch64-python-lws,build-depends-on,mingw-w64-clang-aarch64-cc,
clangarm64,mingw-w64-clang-aarch64-python-lxml,build-depends-on,mingw-w64-clang-aarch64-cc,
clangarm64,mingw-w64-clang-aarch64-python-lz4,build-depends-on,mingw-w64-clang-aarch64-cc,
clangarm64,mingw-w64-clang-aarch64-python-lzo,build-depends-on,mingw-w64-clang-aarch64-cc,
clangarm64,mingw-w64-clang-aarch64-python-manimpango,build-depends-on,mingw-w64-clang-aarch64-cc,
clangarm64,mingw-w64-clang-aarch64-python-markupsafe,build-depends-on,mingw-w64-clang-aarch64-cc,
clangarm64,mingw-w64-clang-aarch64-python-matplotlib,build-depends-on,mingw-w64-clang-aarch64-cc,
clangarm64,mingw-w64-clang-aarch64-python-memory-allocator,build-depends-on,mingw-w64-clang-aarch64-cc,
clangarm64,mingw-w64-clang-aarch64-python-miniupnpc,build-depends-on,mingw-w64-clang-aarch64-cc,
clangarm64,mingw-w64-clang-aarch64-python-ml_dtypes,build-depends-on,mingw-w64-clang-aarch64-cc,
clangarm64,mingw-w64-clang-aarch64-python-moderngl,build-depends-on,mingw-w64-clang-aarch64-cc,
clangarm64,mingw-w64-clang-aarch64-python-msgpack,build-depends-on,mingw-w64-clang-aarch64-cc,
clangarm64,mingw-w64-clang-aarch64-python-msgspec,build-depends-on,mingw-w64-clang-aarch64-cc,
clangarm64,mingw-w64-clang-aarch64-python-msilib,build-depends-on,mingw-w64-clang-aarch64-cc,
clangarm64,mingw-w64-clang-aarch64-python-multidict,build-depends-on,mingw-w64-clang-aarch64-cc,
clangarm64,mingw-w64-clang-aarch64-python-mupdf,build-depends-on,mingw-w64-clang-aarch64-gcc,
clangarm64,mingw-w64-clang-aarch64-python-mysqlclient,build-depends-on,mingw-w64-clang-aarch64-cc,
clangarm64,mingw-w64-clang-aarch64-python-netifaces,build-depends-on,mingw-w64-clang-aarch64-cc,
clangarm64,mingw-w64-clang-aarch64-python-numba,build-depends-on,mingw-w64-clang-aarch64-cc,
clangarm64,mingw-w64-clang-aarch64-python-numexpr,build-depends-on,mingw-w64-clang-aarch64-cc,
clangarm64,mingw-w64-clang-aarch64-python-numpy,build-depends-on,mingw-w64-clang-aarch64-cc,
clangarm64,mingw-w64-clang-aarch64-python-onnx,build-depends-on,mingw-w64-clang-aarch64-cc,
clangarm64,mingw-w64-clang-aarch64-python-opencamlib,build-depends-on,mingw-w64-clang-aarch64-cc,
clangarm64,mingw-w64-clang-aarch64-python-opencv,build-depends-on,mingw-w64-clang-aarch64-cc,
clangarm64,mingw-w64-clang-aarch64-python-opencv,build-depends-on,mingw-w64-clang-aarch64-fc,
clangarm64,mingw-w64-clang-aarch64-python-optree,build-depends-on,mingw-w64-clang-aarch64-cc,
clangarm64,mingw-w64-clang-aarch64-python-pandas,build-depends-on,mingw-w64-clang-aarch64-cc,
clangarm64,mingw-w64-clang-aarch64-python-passagemath-bliss,build-depends-on,mingw-w64-clang-aarch64-cc,
clangarm64,mingw-w64-clang-aarch64-python-passagemath-bliss,build-depends-on,mingw-w64-clang-aarch64-pkg-config,
clangarm64,mingw-w64-clang-aarch64-python-passagemath-categories,build-depends-on,mingw-w64-clang-aarch64-cc,
clangarm64,mingw-w64-clang-aarch64-python-passagemath-categories,build-depends-on,mingw-w64-clang-aarch64-pkg-config,
clangarm64,mingw-w64-clang-aarch64-python-passagemath-cddlib,build-depends-on,mingw-w64-clang-aarch64-cc,
clangarm64,mingw-w64-clang-aarch64-python-passagemath-cddlib,build-depends-on,mingw-w64-clang-aarch64-pkg-config,
clangarm64,mingw-w64-clang-aarch64-python-passagemath-cliquer,build-depends-on,mingw-w64-clang-aarch64-cc,
clangarm64,mingw-w64-clang-aarch64-python-passagemath-cliquer,build-depends-on,mingw-w64-clang-aarch64-pkg-config,
clangarm64,mingw-w64-clang-aarch64-python-passagemath-cmr,build-depends-on,mingw-w64-clang-aarch64-cc,
clangarm64,mingw-w64-clang-aarch64-python-passagemath-cmr,build-depends-on,mingw-w64-clang-aarch64-pkg-config,
clangarm64,mingw-w64-clang-aarch64-python-passagemath-combinat,build-depends-on,mingw-w64-clang-aarch64-cc,
clangarm64,mingw-w64-clang-aarch64-python-passagemath-combinat,build-depends-on,mingw-w64-clang-aarch64-pkg-config,
clangarm64,mingw-w64-clang-aarch64-python-passagemath-flint,build-depends-on,mingw-w64-clang-aarch64-cc,
clangarm64,mingw-w64-clang-aarch64-python-passagemath-flint,build-depends-on,mingw-w64-clang-aarch64-pkg-config,
clangarm64,mingw-w64-clang-aarch64-python-passagemath-glpk,build-depends-on,mingw-w64-clang-aarch64-cc,
clangarm64,mingw-w64-clang-aarch64-python-passagemath-glpk,build-depends-on,mingw-w64-clang-aarch64-pkg-config,
clangarm64,mingw-w64-clang-aarch64-python-passagemath-graphs,build-depends-on,mingw-w64-clang-aarch64-cc,
clangarm64,mingw-w64-clang-aarch64-python-passagemath-gsl,build-depends-on,mingw-w64-clang-aarch64-cc,
clangarm64,mingw-w64-clang-aarch64-python-passagemath-gsl,build-depends-on,mingw-w64-clang-aarch64-pkg-config,
clangarm64,mingw-w64-clang-aarch64-python-passagemath-highs,build-depends-on,mingw-w64-clang-aarch64-cc,
clangarm64,mingw-w64-clang-aarch64-python-passagemath-highs,build-depends-on,mingw-w64-clang-aarch64-pkg-config,
clangarm64,mingw-w64-clang-aarch64-python-passagemath-homfly,build-depends-on,mingw-w64-clang-aarch64-cc,
clangarm64,mingw-w64-clang-aarch64-python-passagemath-homfly,build-depends-on,mingw-w64-clang-aarch64-pkg-config,
clangarm64,mingw-w64-clang-aarch64-python-passagemath-iml,build-depends-on,mingw-w64-clang-aarch64-cc,
clangarm64,mingw-w64-clang-aarch64-python-passagemath-iml,build-depends-on,mingw-w64-clang-aarch64-pkg-config,
clangarm64,mingw-w64-clang-aarch64-python-passagemath-libbraiding,build-depends-on,mingw-w64-clang-aarch64-cc,
clangarm64,mingw-w64-clang-aarch64-python-passagemath-libbraiding,build-depends-on,mingw-w64-clang-aarch64-pkg-config,
clangarm64,mingw-w64-clang-aarch64-python-passagemath-m4ri-m4rie,build-depends-on,mingw-w64-clang-aarch64-cc,
clangarm64,mingw-w64-clang-aarch64-python-passagemath-m4ri-m4rie,build-depends-on,mingw-w64-clang-aarch64-pkg-config,
clangarm64,mingw-w64-clang-aarch64-python-passagemath-mcqd,build-depends-on,mingw-w64-clang-aarch64-cc,
clangarm64,mingw-w64-clang-aarch64-python-passagemath-mcqd,build-depends-on,mingw-w64-clang-aarch64-pkg-config,
clangarm64,mingw-w64-clang-aarch64-python-passagemath-modules,build-depends-on,mingw-w64-clang-aarch64-cc,
clangarm64,mingw-w64-clang-aarch64-python-passagemath-modules,build-depends-on,mingw-w64-clang-aarch64-pkg-config,
clangarm64,mingw-w64-clang-aarch64-python-passagemath-msolve,build-depends-on,mingw-w64-clang-aarch64-cc,
clangarm64,mingw-w64-clang-aarch64-python-passagemath-msolve,build-depends-on,mingw-w64-clang-aarch64-pkg-config,
clangarm64,mingw-w64-clang-aarch64-python-passagemath-nauty,build-depends-on,mingw-w64-clang-aarch64-cc,
clangarm64,mingw-w64-clang-aarch64-python-passagemath-nauty,build-depends-on,mingw-w64-clang-aarch64-pkg-config,
clangarm64,mingw-w64-clang-aarch64-python-passagemath-ntl,build-depends-on,mingw-w64-clang-aarch64-cc,
clangarm64,mingw-w64-clang-aarch64-python-passagemath-ntl,build-depends-on,mingw-w64-clang-aarch64-pkg-config,
clangarm64,mingw-w64-clang-aarch64-python-passagemath-objects,build-depends-on,mingw-w64-clang-aarch64-cc,
clangarm64,mingw-w64-clang-aarch64-python-passagemath-objects,build-depends-on,mingw-w64-clang-aarch64-pkg-config,
clangarm64,mingw-w64-clang-aarch64-python-passagemath-planarity,build-depends-on,mingw-w64-clang-aarch64-cc,
clangarm64,mingw-w64-clang-aarch64-python-passagemath-planarity,build-depends-on,mingw-w64-clang-aarch64-pkg-config,
clangarm64,mingw-w64-clang-aarch64-python-passagemath-plantri,build-depends-on,mingw-w64-clang-aarch64-cc,
clangarm64,mingw-w64-clang-aarch64-python-passagemath-plantri,build-depends-on,mingw-w64-clang-aarch64-pkg-config,
clangarm64,mingw-w64-clang-aarch64-python-passagemath-plot,build-depends-on,mingw-w64-clang-aarch64-cc,
clangarm64,mingw-w64-clang-aarch64-python-passagemath-plot,build-depends-on,mingw-w64-clang-aarch64-pkg-config,
clangarm64,mingw-w64-clang-aarch64-python-passagemath-polyhedra,build-depends-on,mingw-w64-clang-aarch64-cc,
clangarm64,mingw-w64-clang-aarch64-python-passagemath-polyhedra,build-depends-on,mingw-w64-clang-aarch64-pkg-config,
clangarm64,mingw-w64-clang-aarch64-python-passagemath-ppl,build-depends-on,mingw-w64-clang-aarch64-cc,
clangarm64,mingw-w64-clang-aarch64-python-passagemath-rankwidth,build-depends-on,mingw-w64-clang-aarch64-cc,
clangarm64,mingw-w64-clang-aarch64-python-passagemath-rankwidth,build-depends-on,mingw-w64-clang-aarch64-pkg-config,
clangarm64,mingw-w64-clang-aarch64-python-passagemath-sirocco,build-depends-on,mingw-w64-clang-aarch64-cc,
clangarm64,mingw-w64-clang-aarch64-python-passagemath-sirocco,build-depends-on,mingw-w64-clang-aarch64-pkg-config,
clangarm64,mingw-w64-clang-aarch64-python-passagemath-tdlib,build-depends-on,mingw-w64-clang-aarch64-cc,
clangarm64,mingw-w64-clang-aarch64-python-passagemath-tdlib,build-depends-on,mingw-w64-clang-aarch64-pkg-config,
clangarm64,mingw-w64-clang-aarch64-python-pesq,build-depends-on,mingw-w64-clang-aarch64-cc,
clangarm64,mingw-w64-clang-aarch64-python-pikepdf,build-depends-on,mingw-w64-clang-aarch64-cc,
clangarm64,mingw-w64-clang-aarch64-python-pillow,build-depends-on,mingw-w64-clang-aarch64-cc,
clangarm64,mingw-w64-clang-aarch64-python-pivy,build-depends-on,mingw-w64-clang-aarch64-cc,
clangarm64,mingw-w64-clang-aarch64-python-polars,build-depends-on,mingw-w64-clang-aarch64-cc,
clangarm64,mingw-w64-clang-aarch64-python-polars-runtime-32,build-depends-on,mingw-w64-clang-aarch64-cc,
clangarm64,mingw-w64-clang-aarch64-python-polars-runtime-64,build-depends-on,mingw-w64-clang-aarch64-cc,
clangarm64,mingw-w64-clang-aarch64-python-polars-runtime-compat,build-depends-on,mingw-w64-clang-aarch64-cc,
clangarm64,mingw-w64-clang-aarch64-python-propcache,build-depends-on,mingw-w64-clang-aarch64-cc,
clangarm64,mingw-w64-clang-aarch64-python-protobuf,build-depends-on,mingw-w64-clang-aarch64-cc,
clangarm64,mingw-w64-clang-aarch64-python-psleak,check-depends-on,mingw-w64-clang-aarch64-cc,
clangarm64,mingw-w64-clang-aarch64-python-psutil,build-depends-on,mingw-w64-clang-aarch64-cc,
clangarm64,mingw-w64-clang-aarch64-python-psycopg2,build-depends-on,mingw-w64-clang-aarch64-cc,
clangarm64,mingw-w64-clang-aarch64-python-pyamg,build-depends-on,mingw-w64-clang-aarch64-cc,
clangarm64,mingw-w64-clang-aarch64-python-pyarrow,build-depends-on,mingw-w64-clang-aarch64-cc,
clangarm64,mingw-w64-clang-aarch64-python-pybase64,build-depends-on,mingw-w64-clang-aarch64-cc,
clangarm64,mingw-w64-clang-aarch64-python-pybullet,build-depends-on,mingw-w64-clang-aarch64-cc,
clangarm64,mingw-w64-clang-aarch64-python-pycares,build-depends-on,mingw-w64-clang-aarch64-cc,
clangarm64,mingw-w64-clang-aarch64-python-pycryptodome,build-depends-on,mingw-w64-clang-aarch64-cc,
clangarm64,mingw-w64-clang-aarch64-python-pycryptodomex,build-depends-on,mingw-w64-clang-aarch64-cc,
clangarm64,mingw-w64-clang-aarch64-python-pycurl,build-depends-on,mingw-w64-clang-aarch64-cc,
clangarm64,mingw-w64-clang-aarch64-python-pyfastbti,build-depends-on,mingw-w64-clang-aarch64-cc,
clangarm64,mingw-w64-clang-aarch64-python-pyfasttextureutils,build-depends-on,mingw-w64-clang-aarch64-cc,
clangarm64,mingw-w64-clang-aarch64-python-pygame,build-depends-on,mingw-w64-clang-aarch64-cc,
clangarm64,mingw-w64-clang-aarch64-python-pygit2,build-depends-on,mingw-w64-clang-aarch64-cc,
clangarm64,mingw-w64-clang-aarch64-python-pyglm,build-depends-on,mingw-w64-clang-aarch64-cc,
clangarm64,mingw-w64-clang-aarch64-python-pylablib,build-depends-on,mingw-w64-clang-aarch64-cc,
clangarm64,mingw-w64-clang-aarch64-python-pylsqpack,build-depends-on,mingw-w64-clang-aarch64-cc,
clangarm64,mingw-w64-clang-aarch64-python-pymi,build-depends-on,mingw-w64-clang-aarch64-cc,
clangarm64,mingw-w64-clang-aarch64-python-pymongocrypt,build-depends-on,mingw-w64-clang-aarch64-cc,
clangarm64,mingw-w64-clang-aarch64-python-pymupdf,build-depends-on,mingw-w64-clang-aarch64-cc,
clangarm64,mingw-w64-clang-aarch64-python-pynacl,build-depends-on,mingw-w64-clang-aarch64-cc,
clangarm64,mingw-w64-clang-aarch64-python-pyodbc,build-depends-on,mingw-w64-clang-aarch64-cc,
clangarm64,mingw-w64-clang-aarch64-python-pyopengl,build-depends-on,mingw-w64-clang-aarch64-cc,
clangarm64,mingw-w64-clang-aarch64-python-pyopengl-accelerate,build-depends-on,mingw-w64-clang-aarch64-cc,
clangarm64,mingw-w64-clang-aarch64-python-pyproj,build-depends-on,mingw-w64-clang-aarch64-cc,
clangarm64,mingw-w64-clang-aarch64-python-pyqt5,build-depends-on,mingw-w64-clang-aarch64-cc,
clangarm64,mingw-w64-clang-aarch64-python-pyqt5-3d,build-depends-on,mingw-w64-clang-aarch64-cc,
clangarm64,mingw-w64-clang-aarch64-python-pyqt6,build-depends-on,mingw-w64-clang-aarch64-cc,
clangarm64,mingw-w64-clang-aarch64-python-pyqt6-sip,build-depends-on,mingw-w64-clang-aarch64-cc,
clangarm64,mingw-w64-clang-aarch64-python-pyrsistent,build-depends-on,mingw-w64-clang-aarch64-cc,
clangarm64,mingw-w64-clang-aarch64-python-pysfcgal,build-depends-on,mingw-w64-clang-aarch64-cc,
clangarm64,mingw-w64-clang-aarch64-python-pyspnego,build-depends-on,mingw-w64-clang-aarch64-cc,
clangarm64,mingw-w64-clang-aarch64-python-pystemmer,build-depends-on,mingw-w64-clang-aarch64-cc,
clangarm64,mingw-w64-clang-aarch64-python-pythran,build-depends-on,mingw-w64-clang-aarch64-cc,
clangarm64,mingw-w64-clang-aarch64-python-pytokens,build-depends-on,mingw-w64-clang-aarch64-cc,
clangarm64,mingw-w64-clang-aarch64-python-pytorch,build-depends-on,mingw-w64-clang-aarch64-cc,
clangarm64,mingw-w64-clang-aarch64-python-pywavelets,build-depends-on,mingw-w64-clang-aarch64-cc,
clangarm64,mingw-w64-clang-aarch64-python-pywin32,build-depends-on,mingw-w64-clang-aarch64-cc,
clangarm64,mingw-w64-clang-aarch64-python-pyzmq,build-depends-on,mingw-w64-clang-aarch64-cc,
clangarm64,mingw-w64-clang-aarch64-python-pyzopfli,build-depends-on,mingw-w64-clang-aarch64-cc,
clangarm64,mingw-w64-clang-aarch64-python-qscintilla-qt5,build-depends-on,mingw-w64-clang-aarch64-cc,
clangarm64,mingw-w64-clang-aarch64-python-qscintilla-qt6,build-depends-on,mingw-w64-clang-aarch64-cc,
clangarm64,mingw-w64-clang-aarch64-python-rapidfuzz,build-depends-on,mingw-w64-clang-aarch64-cc,
clangarm64,mingw-w64-clang-aarch64-python-rawpy,build-depends-on,mingw-w64-clang-aarch64-cc,
clangarm64,mingw-w64-clang-aarch64-python-regex,build-depends-on,mingw-w64-clang-aarch64-cc,
clangarm64,mingw-w64-clang-aarch64-python-rencode,build-depends-on,mingw-w64-clang-aarch64-cc,
clangarm64,mingw-w64-clang-aarch64-python-requests,check-depends-on,mingw-w64-clang-aarch64-python-pytest-httpbin,
clangarm64,mingw-w64-clang-aarch64-python-ruamel.yaml.clib,build-depends-on,mingw-w64-clang-aarch64-cc,
clangarm64,mingw-w64-clang-aarch64-python-s2geometry,build-depends-on,mingw-w64-clang-aarch64-cc,
clangarm64,mingw-w64-clang-aarch64-python-scandir,build-depends-on,mingw-w64-clang-aarch64-cc,
clangarm64,mingw-w64-clang-aarch64-python-scikit-image,build-depends-on,mingw-w64-clang-aarch64-cc,
clangarm64,mingw-w64-clang-aarch64-python-scikit-learn,build-depends-on,mingw-w64-clang-aarch64-cc,
clangarm64,mingw-w64-clang-aarch64-python-scipy,build-depends-on,mingw-w64-clang-aarch64-cc,
clangarm64,mingw-w64-clang-aarch64-python-scipy,build-depends-on,mingw-w64-clang-aarch64-fc,
clangarm64,mingw-w64-clang-aarch64-python-setproctitle,build-depends-on,mingw-w64-clang-aarch64-cc,
clangarm64,mingw-w64-clang-aarch64-python-setuptools,build-depends-on,mingw-w64-clang-aarch64-cc,
clangarm64,mingw-w64-clang-aarch64-python-shapely,build-depends-on,mingw-w64-clang-aarch64-cc,
clangarm64,mingw-w64-clang-aarch64-python-skia-pathops,build-depends-on,mingw-w64-clang-aarch64-cc,
clangarm64,mingw-w64-clang-aarch64-python-soxr,build-depends-on,mingw-w64-clang-aarch64-cc,
clangarm64,mingw-w64-clang-aarch64-python-sqlalchemy,build-depends-on,mingw-w64-clang-aarch64-cc,
clangarm64,mingw-w64-clang-aarch64-python-sspilib,build-depends-on,mingw-w64-clang-aarch64-cc,
clangarm64,mingw-w64-clang-aarch64-python-statsmodels,build-depends-on,mingw-w64-clang-aarch64-cc,
clangarm64,mingw-w64-clang-aarch64-python-structlog,check-depends-on,mingw-w64-clang-aarch64-python-simplejson,
clangarm64,mingw-w64-clang-aarch64-python-tinyaes,build-depends-on,mingw-w64-clang-aarch64-cc,
clangarm64,mingw-w64-clang-aarch64-python-tornado,build-depends-on,mingw-w64-clang-aarch64-cc,
clangarm64,mingw-w64-clang-aarch64-python-uharfbuzz,build-depends-on,mingw-w64-clang-aarch64-cc,
clangarm64,mingw-w64-clang-aarch64-python-uharfbuzz,build-depends-on,mingw-w64-clang-aarch64-pkg-config,
clangarm64,mingw-w64-clang-aarch64-python-ujson,build-depends-on,mingw-w64-clang-aarch64-cc,
clangarm64,mingw-w64-clang-aarch64-python-unicorn,build-depends-on,mingw-w64-clang-aarch64-cc,
clangarm64,mingw-w64-clang-aarch64-python-webrtcvad,build-depends-on,mingw-w64-clang-aarch64-cc,
clangarm64,mingw-w64-clang-aarch64-python-websockets,build-depends-on,mingw-w64-clang-aarch64-cc,
clangarm64,mingw-w64-clang-aarch64-python-winkerberos,build-depends-on,mingw-w64-clang-aarch64-cc,
clangarm64,mingw-w64-clang-aarch64-python-winloop,build-depends-on,mingw-w64-clang-aarch64-cc,
clangarm64,mingw-w64-clang-aarch64-python-winsdk,build-depends-on,mingw-w64-clang-aarch64-cc,
clangarm64,mingw-w64-clang-aarch64-python-wordcloud,build-depends-on,mingw-w64-clang-aarch64-cc,
clangarm64,mingw-w64-clang-aarch64-python-wrapt,build-depends-on,mingw-w64-clang-aarch64-cc,
clangarm64,mingw-w64-clang-aarch64-python-xpra,build-depends-on,mingw-w64-clang-aarch64-cc,
clangarm64,mingw-w64-clang-aarch64-python-yaml,build-depends-on,mingw-w64-clang-aarch64-cc,
clangarm64,mingw-w64-clang-aarch64-python-yarl,build-depends-on,mingw-w64-clang-aarch64-cc,
clangarm64,mingw-w64-clang-aarch64-python-zeroconf,build-depends-on,mingw-w64-clang-aarch64-cc,
clangarm64,mingw-w64-clang-aarch64-python-zope.interface,build-depends-on,mingw-w64-clang-aarch64-cc,
clangarm64,mingw-w64-clang-aarch64-python-zstandard,build-depends-on,mingw-w64-clang-aarch64-cc,
clangarm64,mingw-w64-clang-aarch64-python-zxing-cpp,build-depends-on,mingw-w64-clang-aarch64-cc,
clangarm64,mingw-w64-clang-aarch64-qalculate-gtk,build-depends-on,mingw-w64-clang-aarch64-cc,
clangarm64,mingw-w64-clang-aarch64-qalculate-qt,build-depends-on,mingw-w64-clang-aarch64-cc,
clangarm64,mingw-w64-clang-aarch64-qbittorrent,build-depends-on,mingw-w64-clang-aarch64-cc,
clangarm64,mingw-w64-clang-aarch64-qbs,build-depends-on,mingw-w64-clang-aarch64-cc,
clangarm64,mingw-w64-clang-aarch64-qca-qt5,build-depends-on,mingw-w64-clang-aarch64-cc,
clangarm64,mingw-w64-clang-aarch64-qca-qt6,build-depends-on,mingw-w64-clang-aarch64-cc,
clangarm64,mingw-w64-clang-aarch64-qdia,build-depends-on,mingw-w64-clang-aarch64-cc,
clangarm64,mingw-w64-clang-aarch64-qemu,build-depends-on,mingw-w64-clang-aarch64-cc,
clangarm64,mingw-w64-clang-aarch64-qemu-common,build-depends-on,mingw-w64-clang-aarch64-cc,
clangarm64,mingw-w64-clang-aarch64-qemu-guest-agent,build-depends-on,mingw-w64-clang-aarch64-cc,
clangarm64,mingw-w64-clang-aarch64-qemu-image-util,build-depends-on,mingw-w64-clang-aarch64-cc,
clangarm64,mingw-w64-clang-aarch64-qgis,build-depends-on,mingw-w64-clang-aarch64-cc,
clangarm64,mingw-w64-clang-aarch64-qgpgme-qt5,build-depends-on,mingw-w64-clang-aarch64-cc,
clangarm64,mingw-w64-clang-aarch64-qgpgme-qt6,build-depends-on,mingw-w64-clang-aarch64-cc,
clangarm64,mingw-w64-clang-aarch64-qhttpengine,build-depends-on,mingw-w64-clang-aarch64-cc,
clangarm64,mingw-w64-clang-aarch64-qhull,build-depends-on,mingw-w64-clang-aarch64-cc,
clangarm64,mingw-w64-clang-aarch64-qjackctl,build-depends-on,mingw-w64-clang-aarch64-cc,
clangarm64,mingw-w64-clang-aarch64-qmdnsengine,build-depends-on,mingw-w64-clang-aarch64-cc,
clangarm64,mingw-w64-clang-aarch64-qownnotes,build-depends-on,mingw-w64-clang-aarch64-cc,
clangarm64,mingw-w64-clang-aarch64-qpdf,build-depends-on,mingw-w64-clang-aarch64-cc,
clangarm64,mingw-w64-clang-aarch64-qqc2-desktop-style,build-depends-on,mingw-w64-clang-aarch64-cc,
clangarm64,mingw-w64-clang-aarch64-qrencode,build-depends-on,mingw-w64-clang-aarch64-SDL,
clangarm64,mingw-w64-clang-aarch64-qrencode,build-depends-on,mingw-w64-clang-aarch64-cc,
clangarm64,mingw-w64-clang-aarch64-qrupdate,build-depends-on,mingw-w64-clang-aarch64-fc,
clangarm64,mingw-w64-clang-aarch64-qscintilla-qt5,build-depends-on,mingw-w64-clang-aarch64-cc,
clangarm64,mingw-w64-clang-aarch64-qscintilla-qt6,build-depends-on,mingw-w64-clang-aarch64-cc,
clangarm64,mingw-w64-clang-aarch64-qt-advanced-docking-system,build-depends-on,mingw-w64-clang-aarch64-cc,
clangarm64,mingw-w64-clang-aarch64-qt-creator,build-depends-on,mingw-w64-clang-aarch64-cc,
clangarm64,mingw-w64-clang-aarch64-qt-creator-devel,build-depends-on,mingw-w64-clang-aarch64-cc,
clangarm64,mingw-w64-clang-aarch64-qt-creator-docs,build-depends-on,mingw-w64-clang-aarch64-cc,
clangarm64,mingw-w64-clang-aarch64-qt-installer-framework,build-depends-on,mingw-w64-clang-aarch64-cc,
clangarm64,mingw-w64-clang-aarch64-qt5-3d,build-depends-on,mingw-w64-clang-aarch64-cc,
clangarm64,mingw-w64-clang-aarch64-qt5-3d-debug,build-depends-on,mingw-w64-clang-aarch64-cc,
clangarm64,mingw-w64-clang-aarch64-qt5-activeqt,build-depends-on,mingw-w64-clang-aarch64-cc,
clangarm64,mingw-w64-clang-aarch64-qt5-activeqt-debug,build-depends-on,mingw-w64-clang-aarch64-cc,
clangarm64,mingw-w64-clang-aarch64-qt5-base,build-depends-on,mingw-w64-clang-aarch64-cc,
clangarm64,mingw-w64-clang-aarch64-qt5-base,build-depends-on,mingw-w64-clang-aarch64-vulkan,
clangarm64,mingw-w64-clang-aarch64-qt5-base-debug,build-depends-on,mingw-w64-clang-aarch64-cc,
clangarm64,mingw-w64-clang-aarch64-qt5-base-debug,build-depends-on,mingw-w64-clang-aarch64-vulkan,
clangarm64,mingw-w64-clang-aarch64-qt5-charts,build-depends-on,mingw-w64-clang-aarch64-cc,
clangarm64,mingw-w64-clang-aarch64-qt5-charts-debug,build-depends-on,mingw-w64-clang-aarch64-cc,
clangarm64,mingw-w64-clang-aarch64-qt5-connectivity,build-depends-on,mingw-w64-clang-aarch64-cc,
clangarm64,mingw-w64-clang-aarch64-qt5-connectivity-debug,build-depends-on,mingw-w64-clang-aarch64-cc,
clangarm64,mingw-w64-clang-aarch64-qt5-datavis3d,build-depends-on,mingw-w64-clang-aarch64-cc,
clangarm64,mingw-w64-clang-aarch64-qt5-datavis3d-debug,build-depends-on,mingw-w64-clang-aarch64-cc,
clangarm64,mingw-w64-clang-aarch64-qt5-declarative,build-depends-on,mingw-w64-clang-aarch64-cc,
clangarm64,mingw-w64-clang-aarch64-qt5-declarative-debug,build-depends-on,mingw-w64-clang-aarch64-cc,
clangarm64,mingw-w64-clang-aarch64-qt5-gamepad,build-depends-on,mingw-w64-clang-aarch64-SDL2,
clangarm64,mingw-w64-clang-aarch64-qt5-gamepad,build-depends-on,mingw-w64-clang-aarch64-cc,
clangarm64,mingw-w64-clang-aarch64-qt5-gamepad-debug,build-depends-on,mingw-w64-clang-aarch64-SDL2,
clangarm64,mingw-w64-clang-aarch64-qt5-gamepad-debug,build-depends-on,mingw-w64-clang-aarch64-cc,
clangarm64,mingw-w64-clang-aarch64-qt5-graphicaleffects,build-depends-on,mingw-w64-clang-aarch64-cc,
clangarm64,mingw-w64-clang-aarch64-qt5-graphicaleffects-debug,build-depends-on,mingw-w64-clang-aarch64-cc,
clangarm64,mingw-w64-clang-aarch64-qt5-imageformats,build-depends-on,mingw-w64-clang-aarch64-cc,
clangarm64,mingw-w64-clang-aarch64-qt5-imageformats-debug,build-depends-on,mingw-w64-clang-aarch64-cc,
clangarm64,mingw-w64-clang-aarch64-qt5-location,build-depends-on,mingw-w64-clang-aarch64-cc,
clangarm64,mingw-w64-clang-aarch64-qt5-location-debug,build-depends-on,mingw-w64-clang-aarch64-cc,
clangarm64,mingw-w64-clang-aarch64-qt5-lottie,build-depends-on,mingw-w64-clang-aarch64-cc,
clangarm64,mingw-w64-clang-aarch64-qt5-lottie-debug,build-depends-on,mingw-w64-clang-aarch64-cc,
clangarm64,mingw-w64-clang-aarch64-qt5-multimedia,build-depends-on,mingw-w64-clang-aarch64-cc,
clangarm64,mingw-w64-clang-aarch64-qt5-multimedia-debug,build-depends-on,mingw-w64-clang-aarch64-cc,
clangarm64,mingw-w64-clang-aarch64-qt5-networkauth,build-depends-on,mingw-w64-clang-aarch64-cc,
clangarm64,mingw-w64-clang-aarch64-qt5-networkauth-debug,build-depends-on,mingw-w64-clang-aarch64-cc,
clangarm64,mingw-w64-clang-aarch64-qt5-pdf,build-depends-on,mingw-w64-clang-aarch64-cc,
clangarm64,mingw-w64-clang-aarch64-qt5-pdf-debug,build-depends-on,mingw-w64-clang-aarch64-cc,
clangarm64,mingw-w64-clang-aarch64-qt5-purchasing,build-depends-on,mingw-w64-clang-aarch64-cc,
clangarm64,mingw-w64-clang-aarch64-qt5-purchasing-debug,build-depends-on,mingw-w64-clang-aarch64-cc,
clangarm64,mingw-w64-clang-aarch64-qt5-quick3d,build-depends-on,mingw-w64-clang-aarch64-cc,
clangarm64,mingw-w64-clang-aarch64-qt5-quick3d-debug,build-depends-on,mingw-w64-clang-aarch64-cc,
clangarm64,mingw-w64-clang-aarch64-qt5-quickcontrols,build-depends-on,mingw-w64-clang-aarch64-cc,
clangarm64,mingw-w64-clang-aarch64-qt5-quickcontrols-debug,build-depends-on,mingw-w64-clang-aarch64-cc,
clangarm64,mingw-w64-clang-aarch64-qt5-quickcontrols2,build-depends-on,mingw-w64-clang-aarch64-cc,
clangarm64,mingw-w64-clang-aarch64-qt5-quickcontrols2-debug,build-depends-on,mingw-w64-clang-aarch64-cc,
clangarm64,mingw-w64-clang-aarch64-qt5-quicktimeline,build-depends-on,mingw-w64-clang-aarch64-cc,
clangarm64,mingw-w64-clang-aarch64-qt5-quicktimeline-debug,build-depends-on,mingw-w64-clang-aarch64-cc,
clangarm64,mingw-w64-clang-aarch64-qt5-remoteobjects,build-depends-on,mingw-w64-clang-aarch64-cc,
clangarm64,mingw-w64-clang-aarch64-qt5-remoteobjects-debug,build-depends-on,mingw-w64-clang-aarch64-cc,
clangarm64,mingw-w64-clang-aarch64-qt5-script,build-depends-on,mingw-w64-clang-aarch64-cc,
clangarm64,mingw-w64-clang-aarch64-qt5-script-debug,build-depends-on,mingw-w64-clang-aarch64-cc,
clangarm64,mingw-w64-clang-aarch64-qt5-scxml,build-depends-on,mingw-w64-clang-aarch64-cc,
clangarm64,mingw-w64-clang-aarch64-qt5-scxml-debug,build-depends-on,mingw-w64-clang-aarch64-cc,
clangarm64,mingw-w64-clang-aarch64-qt5-sensors,build-depends-on,mingw-w64-clang-aarch64-cc,
clangarm64,mingw-w64-clang-aarch64-qt5-sensors-debug,build-depends-on,mingw-w64-clang-aarch64-cc,
clangarm64,mingw-w64-clang-aarch64-qt5-serialbus,build-depends-on,mingw-w64-clang-aarch64-cc,
clangarm64,mingw-w64-clang-aarch64-qt5-serialbus-debug,build-depends-on,mingw-w64-clang-aarch64-cc,
clangarm64,mingw-w64-clang-aarch64-qt5-serialport,build-depends-on,mingw-w64-clang-aarch64-cc,
clangarm64,mingw-w64-clang-aarch64-qt5-serialport-debug,build-depends-on,mingw-w64-clang-aarch64-cc,
clangarm64,mingw-w64-clang-aarch64-qt5-speech,build-depends-on,mingw-w64-clang-aarch64-cc,
clangarm64,mingw-w64-clang-aarch64-qt5-speech-debug,build-depends-on,mingw-w64-clang-aarch64-cc,
clangarm64,mingw-w64-clang-aarch64-qt5-static,build-depends-on,mingw-w64-clang-aarch64-cc,
clangarm64,mingw-w64-clang-aarch64-qt5-svg,build-depends-on,mingw-w64-clang-aarch64-cc,
clangarm64,mingw-w64-clang-aarch64-qt5-svg-debug,build-depends-on,mingw-w64-clang-aarch64-cc,
clangarm64,mingw-w64-clang-aarch64-qt5-tools,build-depends-on,mingw-w64-clang-aarch64-cc,
clangarm64,mingw-w64-clang-aarch64-qt5-tools-debug,build-depends-on,mingw-w64-clang-aarch64-cc,
clangarm64,mingw-w64-clang-aarch64-qt5-translations,build-depends-on,mingw-w64-clang-aarch64-cc,
clangarm64,mingw-w64-clang-aarch64-qt5-virtualkeyboard,build-depends-on,mingw-w64-clang-aarch64-cc,
clangarm64,mingw-w64-clang-aarch64-qt5-virtualkeyboard-debug,build-depends-on,mingw-w64-clang-aarch64-cc,
clangarm64,mingw-w64-clang-aarch64-qt5-webchannel,build-depends-on,mingw-w64-clang-aarch64-cc,
clangarm64,mingw-w64-clang-aarch64-qt5-webchannel-debug,build-depends-on,mingw-w64-clang-aarch64-cc,
clangarm64,mingw-w64-clang-aarch64-qt5-webglplugin,build-depends-on,mingw-w64-clang-aarch64-cc,
clangarm64,mingw-w64-clang-aarch64-qt5-webglplugin-debug,build-depends-on,mingw-w64-clang-aarch64-cc,
clangarm64,mingw-w64-clang-aarch64-qt5-websockets,build-depends-on,mingw-w64-clang-aarch64-cc,
clangarm64,mingw-w64-clang-aarch64-qt5-websockets-debug,build-depends-on,mingw-w64-clang-aarch64-cc,
clangarm64,mingw-w64-clang-aarch64-qt5-webview,build-depends-on,mingw-w64-clang-aarch64-cc,
clangarm64,mingw-w64-clang-aarch64-qt5-webview-debug,build-depends-on,mingw-w64-clang-aarch64-cc,
clangarm64,mingw-w64-clang-aarch64-qt5-winextras,build-depends-on,mingw-w64-clang-aarch64-cc,
clangarm64,mingw-w64-clang-aarch64-qt5-winextras-debug,build-depends-on,mingw-w64-clang-aarch64-cc,
clangarm64,mingw-w64-clang-aarch64-qt5-xmlpatterns,build-depends-on,mingw-w64-clang-aarch64-cc,
clangarm64,mingw-w64-clang-aarch64-qt5-xmlpatterns-debug,build-depends-on,mingw-w64-clang-aarch64-cc,
clangarm64,mingw-w64-clang-aarch64-qt6-3d,build-depends-on,mingw-w64-clang-aarch64-cc,
clangarm64,mingw-w64-clang-aarch64-qt6-3d-debug,build-depends-on,mingw-w64-clang-aarch64-cc,
clangarm64,mingw-w64-clang-aarch64-qt6-5compat,build-depends-on,mingw-w64-clang-aarch64-cc,
clangarm64,mingw-w64-clang-aarch64-qt6-5compat-debug,build-depends-on,mingw-w64-clang-aarch64-cc,
clangarm64,mingw-w64-clang-aarch64-qt6-activeqt,build-depends-on,mingw-w64-clang-aarch64-cc,
clangarm64,mingw-w64-clang-aarch64-qt6-activeqt-debug,build-depends-on,mingw-w64-clang-aarch64-cc,
clangarm64,mingw-w64-clang-aarch64-qt6-base,build-depends-on,mingw-w64-clang-aarch64-cc,
clangarm64,mingw-w64-clang-aarch64-qt6-base-debug,build-depends-on,mingw-w64-clang-aarch64-cc,
clangarm64,mingw-w64-clang-aarch64-qt6-charts,build-depends-on,mingw-w64-clang-aarch64-cc,
clangarm64,mingw-w64-clang-aarch64-qt6-charts-debug,build-depends-on,mingw-w64-clang-aarch64-cc,
clangarm64,mingw-w64-clang-aarch64-qt6-connectivity,build-depends-on,mingw-w64-clang-aarch64-cc,
clangarm64,mingw-w64-clang-aarch64-qt6-connectivity-debug,build-depends-on,mingw-w64-clang-aarch64-cc,
clangarm64,mingw-w64-clang-aarch64-qt6-datavis3d,build-depends-on,mingw-w64-clang-aarch64-cc,
clangarm64,mingw-w64-clang-aarch64-qt6-datavis3d-debug,build-depends-on,mingw-w64-clang-aarch64-cc,
clangarm64,mingw-w64-clang-aarch64-qt6-declarative,build-depends-on,mingw-w64-clang-aarch64-cc,
clangarm64,mingw-w64-clang-aarch64-qt6-declarative-debug,build-depends-on,mingw-w64-clang-aarch64-cc,
clangarm64,mingw-w64-clang-aarch64-qt6-graphs,build-depends-on,mingw-w64-clang-aarch64-cc,
clangarm64,mingw-w64-clang-aarch64-qt6-graphs-debug,build-depends-on,mingw-w64-clang-aarch64-cc,
clangarm64,mingw-w64-clang-aarch64-qt6-grpc,build-depends-on,mingw-w64-clang-aarch64-cc,
clangarm64,mingw-w64-clang-aarch64-qt6-grpc-debug,build-depends-on,mingw-w64-clang-aarch64-cc,
clangarm64,mingw-w64-clang-aarch64-qt6-httpserver,build-depends-on,mingw-w64-clang-aarch64-cc,
clangarm64,mingw-w64-clang-aarch64-qt6-httpserver-debug,build-depends-on,mingw-w64-clang-aarch64-cc,
clangarm64,mingw-w64-clang-aarch64-qt6-imageformats,build-depends-on,mingw-w64-clang-aarch64-cc,
clangarm64,mingw-w64-clang-aarch64-qt6-imageformats-debug,build-depends-on,mingw-w64-clang-aarch64-cc,
clangarm64,mingw-w64-clang-aarch64-qt6-languageserver,build-depends-on,mingw-w64-clang-aarch64-cc,
clangarm64,mingw-w64-clang-aarch64-qt6-location,build-depends-on,mingw-w64-clang-aarch64-cc,
clangarm64,mingw-w64-clang-aarch64-qt6-location-debug,build-depends-on,mingw-w64-clang-aarch64-cc,
clangarm64,mingw-w64-clang-aarch64-qt6-lottie,build-depends-on,mingw-w64-clang-aarch64-cc,
clangarm64,mingw-w64-clang-aarch64-qt6-lottie-debug,build-depends-on,mingw-w64-clang-aarch64-cc,
clangarm64,mingw-w64-clang-aarch64-qt6-mqtt,build-depends-on,mingw-w64-clang-aarch64-cc,
clangarm64,mingw-w64-clang-aarch64-qt6-mqtt-debug,build-depends-on,mingw-w64-clang-aarch64-cc,
clangarm64,mingw-w64-clang-aarch64-qt6-multimedia,build-depends-on,mingw-w64-clang-aarch64-cc,
clangarm64,mingw-w64-clang-aarch64-qt6-multimedia-debug,build-depends-on,mingw-w64-clang-aarch64-cc,
clangarm64,mingw-w64-clang-aarch64-qt6-multimedia-ffmpeg,build-depends-on,mingw-w64-clang-aarch64-cc,
clangarm64,mingw-w64-clang-aarch64-qt6-multimedia-wmf,build-depends-on,mingw-w64-clang-aarch64-cc,
clangarm64,mingw-w64-clang-aarch64-qt6-networkauth,build-depends-on,mingw-w64-clang-aarch64-cc,
clangarm64,mingw-w64-clang-aarch64-qt6-networkauth-debug,build-depends-on,mingw-w64-clang-aarch64-cc,
clangarm64,mingw-w64-clang-aarch64-qt6-pdf,build-depends-on,mingw-w64-clang-aarch64-cc,
clangarm64,mingw-w64-clang-aarch64-qt6-pdf-debug,build-depends-on,mingw-w64-clang-aarch64-cc,
clangarm64,mingw-w64-clang-aarch64-qt6-positioning,build-depends-on,mingw-w64-clang-aarch64-cc,
clangarm64,mingw-w64-clang-aarch64-qt6-positioning-debug,build-depends-on,mingw-w64-clang-aarch64-cc,
clangarm64,mingw-w64-clang-aarch64-qt6-quick3d,build-depends-on,mingw-w64-clang-aarch64-cc,
clangarm64,mingw-w64-clang-aarch64-qt6-quick3d-debug,build-depends-on,mingw-w64-clang-aarch64-cc,
clangarm64,mingw-w64-clang-aarch64-qt6-quick3dphysics,build-depends-on,mingw-w64-clang-aarch64-cc,
clangarm64,mingw-w64-clang-aarch64-qt6-quick3dphysics-debug,build-depends-on,mingw-w64-clang-aarch64-cc,
clangarm64,mingw-w64-clang-aarch64-qt6-quickeffectmaker,build-depends-on,mingw-w64-clang-aarch64-cc,
clangarm64,mingw-w64-clang-aarch64-qt6-quickeffectmaker-debug,build-depends-on,mingw-w64-clang-aarch64-cc,
clangarm64,mingw-w64-clang-aarch64-qt6-quicktimeline,build-depends-on,mingw-w64-clang-aarch64-cc,
clangarm64,mingw-w64-clang-aarch64-qt6-quicktimeline-debug,build-depends-on,mingw-w64-clang-aarch64-cc,
clangarm64,mingw-w64-clang-aarch64-qt6-remoteobjects,build-depends-on,mingw-w64-clang-aarch64-cc,
clangarm64,mingw-w64-clang-aarch64-qt6-remoteobjects-debug,build-depends-on,mingw-w64-clang-aarch64-cc,
clangarm64,mingw-w64-clang-aarch64-qt6-scxml,build-depends-on,mingw-w64-clang-aarch64-cc,
clangarm64,mingw-w64-clang-aarch64-qt6-scxml-debug,build-depends-on,mingw-w64-clang-aarch64-cc,
clangarm64,mingw-w64-clang-aarch64-qt6-sensors,build-depends-on,mingw-w64-clang-aarch64-cc,
clangarm64,mingw-w64-clang-aarch64-qt6-sensors-debug,build-depends-on,mingw-w64-clang-aarch64-cc,
clangarm64,mingw-w64-clang-aarch64-qt6-serialbus,build-depends-on,mingw-w64-clang-aarch64-cc,
clangarm64,mingw-w64-clang-aarch64-qt6-serialbus-debug,build-depends-on,mingw-w64-clang-aarch64-cc,
clangarm64,mingw-w64-clang-aarch64-qt6-serialport,build-depends-on,mingw-w64-clang-aarch64-cc,
clangarm64,mingw-w64-clang-aarch64-qt6-serialport-debug,build-depends-on,mingw-w64-clang-aarch64-cc,
clangarm64,mingw-w64-clang-aarch64-qt6-shadertools,build-depends-on,mingw-w64-clang-aarch64-cc,
clangarm64,mingw-w64-clang-aarch64-qt6-shadertools-debug,build-depends-on,mingw-w64-clang-aarch64-cc,
clangarm64,mingw-w64-clang-aarch64-qt6-speech,build-depends-on,mingw-w64-clang-aarch64-cc,
clangarm64,mingw-w64-clang-aarch64-qt6-speech-debug,build-depends-on,mingw-w64-clang-aarch64-cc,
clangarm64,mingw-w64-clang-aarch64-qt6-static,build-depends-on,mingw-w64-clang-aarch64-cc,
clangarm64,mingw-w64-clang-aarch64-qt6-svg,build-depends-on,mingw-w64-clang-aarch64-cc,
clangarm64,mingw-w64-clang-aarch64-qt6-svg-debug,build-depends-on,mingw-w64-clang-aarch64-cc,
clangarm64,mingw-w64-clang-aarch64-qt6-tools,build-depends-on,mingw-w64-clang-aarch64-cc,
clangarm64,mingw-w64-clang-aarch64-qt6-tools-debug,build-depends-on,mingw-w64-clang-aarch64-cc,
clangarm64,mingw-w64-clang-aarch64-qt6-translations,build-depends-on,mingw-w64-clang-aarch64-cc,
clangarm64,mingw-w64-clang-aarch64-qt6-virtualkeyboard,build-depends-on,mingw-w64-clang-aarch64-cc,
clangarm64,mingw-w64-clang-aarch64-qt6-virtualkeyboard-debug,build-depends-on,mingw-w64-clang-aarch64-cc,
clangarm64,mingw-w64-clang-aarch64-qt6-webchannel,build-depends-on,mingw-w64-clang-aarch64-cc,
clangarm64,mingw-w64-clang-aarch64-qt6-webchannel-debug,build-depends-on,mingw-w64-clang-aarch64-cc,
clangarm64,mingw-w64-clang-aarch64-qt6-websockets,build-depends-on,mingw-w64-clang-aarch64-cc,
clangarm64,mingw-w64-clang-aarch64-qt6-websockets-debug,build-depends-on,mingw-w64-clang-aarch64-cc,
clangarm64,mingw-w64-clang-aarch64-qt6-webview,build-depends-on,mingw-w64-clang-aarch64-cc,
clangarm64,mingw-w64-clang-aarch64-qt6-webview-debug,build-depends-on,mingw-w64-clang-aarch64-cc,
clangarm64,mingw-w64-clang-aarch64-qtkeychain,build-depends-on,mingw-w64-clang-aarch64-cc,
clangarm64,mingw-w64-clang-aarch64-quantlib,build-depends-on,mingw-w64-clang-aarch64-cc,
clangarm64,mingw-w64-clang-aarch64-quantum-espresso,build-depends-on,mingw-w64-clang-aarch64-cc,
clangarm64,mingw-w64-clang-aarch64-quantum-espresso,build-depends-on,mingw-w64-clang-aarch64-fc,
clangarm64,mingw-w64-clang-aarch64-quarter,build-depends-on,mingw-w64-clang-aarch64-cc,
clangarm64,mingw-w64-clang-aarch64-quassel,build-depends-on,mingw-w64-clang-aarch64-cc,
clangarm64,mingw-w64-clang-aarch64-quazip,build-depends-on,mingw-w64-clang-aarch64-cc,
clangarm64,mingw-w64-clang-aarch64-qucs-s,build-depends-on,mingw-w64-clang-aarch64-cc,
clangarm64,mingw-w64-clang-aarch64-quickjs,build-depends-on,mingw-w64-clang-aarch64-cc,
clangarm64,mingw-w64-clang-aarch64-quickjs-ng,build-depends-on,mingw-w64-clang-aarch64-cc,
clangarm64,mingw-w64-clang-aarch64-qwt-qt5,build-depends-on,mingw-w64-clang-aarch64-cc,
clangarm64,mingw-w64-clang-aarch64-qwt-qt6,build-depends-on,mingw-w64-clang-aarch64-cc,
clangarm64,mingw-w64-clang-aarch64-qxlsx,build-depends-on,mingw-w64-clang-aarch64-cc,
clangarm64,mingw-w64-clang-aarch64-qxmpp,build-depends-on,mingw-w64-clang-aarch64-cc,
clangarm64,mingw-w64-clang-aarch64-qxmpp-docs,build-depends-on,mingw-w64-clang-aarch64-cc,
clangarm64,mingw-w64-clang-aarch64-qxorm,build-depends-on,mingw-w64-clang-aarch64-cc,
clangarm64,mingw-w64-clang-aarch64-qxorm-docs,build-depends-on,mingw-w64-clang-aarch64-cc,
clangarm64,mingw-w64-clang-aarch64-r,build-depends-on,mingw-w64-clang-aarch64-cc,
clangarm64,mingw-w64-clang-aarch64-r,build-depends-on,mingw-w64-clang-aarch64-fc,
clangarm64,mingw-w64-clang-aarch64-rabbitmq-c,build-depends-on,mingw-w64-clang-aarch64-cc,
clangarm64,mingw-w64-clang-aarch64-ragel,build-depends-on,mingw-w64-clang-aarch64-cc,
clangarm64,mingw-w64-clang-aarch64-range-v3,build-depends-on,mingw-w64-clang-aarch64-cc,
clangarm64,mingw-w64-clang-aarch64-rankwidth,build-depends-on,mingw-w64-clang-aarch64-cc,
clangarm64,mingw-w64-clang-aarch64-rapidfuzz-cpp,build-depends-on,mingw-w64-clang-aarch64-cc,
clangarm64,mingw-w64-clang-aarch64-rapidjson,build-depends-on,mingw-w64-clang-aarch64-cc,
clangarm64,mingw-w64-clang-aarch64-raptor,build-depends-on,mingw-w64-clang-aarch64-cc,
clangarm64,mingw-w64-clang-aarch64-rasqal,build-depends-on,mingw-w64-clang-aarch64-cc,
clangarm64,mingw-w64-clang-aarch64-raylib,build-depends-on,mingw-w64-clang-aarch64-cc,
clangarm64,mingw-w64-clang-aarch64-rcedit,build-depends-on,mingw-w64-clang-aarch64-cc,
clangarm64,mingw-w64-clang-aarch64-rclone,build-depends-on,mingw-w64-clang-aarch64-cc,
clangarm64,mingw-w64-clang-aarch64-re2,build-depends-on,mingw-w64-clang-aarch64-cc,
clangarm64,mingw-w64-clang-aarch64-readline,build-depends-on,mingw-w64-clang-aarch64-cc,
clangarm64,mingw-w64-clang-aarch64-readosm,build-depends-on,mingw-w64-clang-aarch64-cc,
clangarm64,mingw-w64-clang-aarch64-readstat,build-depends-on,mingw-w64-clang-aarch64-cc,
clangarm64,mingw-w64-clang-aarch64-recode,build-depends-on,mingw-w64-clang-aarch64-cc,
clangarm64,mingw-w64-clang-aarch64-redis-plus-plus,build-depends-on,mingw-w64-clang-aarch64-cc,
clangarm64,mingw-w64-clang-aarch64-redland,build-depends-on,mingw-w64-clang-aarch64-cc,
clangarm64,mingw-w64-clang-aarch64-reflect-cpp,build-depends-on,mingw-w64-clang-aarch64-cc,
clangarm64,mingw-w64-clang-aarch64-restbed,build-depends-on,mingw-w64-clang-aarch64-cc,
clangarm64,mingw-w64-clang-aarch64-rhash,build-depends-on,mingw-w64-clang-aarch64-cc,
clangarm64,mingw-w64-clang-aarch64-riscv32-unknown-elf-binutils,build-depends-on,mingw-w64-clang-aarch64-cc,
clangarm64,mingw-w64-clang-aarch64-riscv64-unknown-elf-binutils,build-depends-on,mingw-w64-clang-aarch64-cc,
clangarm64,mingw-w64-clang-aarch64-rkcommon,build-depends-on,mingw-w64-clang-aarch64-cc,
clangarm64,mingw-w64-clang-aarch64-rkdeveloptool,build-depends-on,mingw-w64-clang-aarch64-cc,
clangarm64,mingw-w64-clang-aarch64-rnnoise,build-depends-on,mingw-w64-clang-aarch64-cc,
clangarm64,mingw-w64-clang-aarch64-robin-hood-hashing,build-depends-on,mingw-w64-clang-aarch64-cc,
clangarm64,mingw-w64-clang-aarch64-robin-map,build-depends-on,mingw-w64-clang-aarch64-cc,
clangarm64,mingw-w64-clang-aarch64-rocksdb,build-depends-on,mingw-w64-clang-aarch64-cc,
clangarm64,mingw-w64-clang-aarch64-roswell,build-depends-on,mingw-w64-clang-aarch64-cc,
clangarm64,mingw-w64-clang-aarch64-rpi-imager,build-depends-on,mingw-w64-clang-aarch64-cc,
clangarm64,mingw-w64-clang-aarch64-rrdtool,build-depends-on,mingw-w64-clang-aarch64-cc,
clangarm64,mingw-w64-clang-aarch64-rssguard,build-depends-on,mingw-w64-clang-aarch64-cc,
clangarm64,mingw-w64-clang-aarch64-rtaudio,build-depends-on,mingw-w64-clang-aarch64-cc,
clangarm64,mingw-w64-clang-aarch64-rtl-sdr,build-depends-on,mingw-w64-clang-aarch64-cc,
clangarm64,mingw-w64-clang-aarch64-rtl_433,build-depends-on,mingw-w64-clang-aarch64-cc,
clangarm64,mingw-w64-clang-aarch64-rtmidi,build-depends-on,mingw-w64-clang-aarch64-cc,
clangarm64,mingw-w64-clang-aarch64-rtmpdump,build-depends-on,mingw-w64-clang-aarch64-cc,
clangarm64,mingw-w64-clang-aarch64-rubberband,build-depends-on,mingw-w64-clang-aarch64-cc,
clangarm64,mingw-w64-clang-aarch64-ruby,build-depends-on,mingw-w64-clang-aarch64-cc,
clangarm64,mingw-w64-clang-aarch64-ruby-rdiscount,build-depends-on,mingw-w64-clang-aarch64-cc,
clangarm64,mingw-w64-clang-aarch64-ruc,build-depends-on,mingw-w64-clang-aarch64-cc,
clangarm64,mingw-w64-clang-aarch64-ruc-vm,build-depends-on,mingw-w64-clang-aarch64-cc,
clangarm64,mingw-w64-clang-aarch64-rust,build-depends-on,mingw-w64-clang-aarch64-cc,
clangarm64,mingw-w64-clang-aarch64-rust-emscripten,build-depends-on,mingw-w64-clang-aarch64-cc,
clangarm64,mingw-w64-clang-aarch64-rust-src,build-depends-on,mingw-w64-clang-aarch64-cc,
clangarm64,mingw-w64-clang-aarch64-rust-wasm,build-depends-on,mingw-w64-clang-aarch64-cc,
clangarm64,mingw-w64-clang-aarch64-rustfs,build-depends-on,mingw-w64-clang-aarch64-cc,
clangarm64,mingw-w64-clang-aarch64-rxspencer,build-depends-on,mingw-w64-clang-aarch64-cc,
clangarm64,mingw-w64-clang-aarch64-s-dftd3,build-depends-on,mingw-w64-clang-aarch64-fc,
clangarm64,mingw-w64-clang-aarch64-s2geometry,build-depends-on,mingw-w64-clang-aarch64-cc,
clangarm64,mingw-w64-clang-aarch64-samtools,build-depends-on,mingw-w64-clang-aarch64-cc,
clangarm64,mingw-w64-clang-aarch64-sane,build-depends-on,mingw-w64-clang-aarch64-cc,
clangarm64,mingw-w64-clang-aarch64-sassc,build-depends-on,mingw-w64-clang-aarch64-cc,
clangarm64,mingw-w64-clang-aarch64-sbc,build-depends-on,mingw-w64-clang-aarch64-cc,
clangarm64,mingw-w64-clang-aarch64-sbcl,build-depends-on,mingw-w64-clang-aarch64-cc,
clangarm64,mingw-w64-clang-aarch64-scc,build-depends-on,mingw-w64-clang-aarch64-gcc,
clangarm64,mingw-w64-clang-aarch64-scdoc,build-depends-on,mingw-w64-clang-aarch64-cc,
clangarm64,mingw-w64-clang-aarch64-schroedinger,build-depends-on,mingw-w64-clang-aarch64-cc,
clangarm64,mingw-w64-clang-aarch64-scite,build-depends-on,mingw-w64-clang-aarch64-cc,
clangarm64,mingw-w64-clang-aarch64-scite-defaults,build-depends-on,mingw-w64-clang-aarch64-cc,
clangarm64,mingw-w64-clang-aarch64-scnlib,build-depends-on,mingw-w64-clang-aarch64-cc,
clangarm64,mingw-w64-clang-aarch64-scopehal-apps,build-depends-on,mingw-w64-clang-aarch64-cc,
clangarm64,mingw-w64-clang-aarch64-scotch,build-depends-on,mingw-w64-clang-aarch64-cc,
clangarm64,mingw-w64-clang-aarch64-scotch,build-depends-on,mingw-w64-clang-aarch64-fc,
clangarm64,mingw-w64-clang-aarch64-scotch-metis,build-depends-on,mingw-w64-clang-aarch64-cc,
clangarm64,mingw-w64-clang-aarch64-scotch-metis,build-depends-on,mingw-w64-clang-aarch64-fc,
clangarm64,mingw-w64-clang-aarch64-scotch64,build-depends-on,mingw-w64-clang-aarch64-cc,
clangarm64,mingw-w64-clang-aarch64-scotch64,build-depends-on,mingw-w64-clang-aarch64-fc,
clangarm64,mingw-w64-clang-aarch64-scotch64-metis,build-depends-on,mingw-w64-clang-aarch64-cc,
clangarm64,mingw-w64-clang-aarch64-scotch64-metis,build-depends-on,mingw-w64-clang-aarch64-fc,
clangarm64,mingw-w64-clang-aarch64-scrcpy,build-depends-on,mingw-w64-clang-aarch64-cc,
clangarm64,mingw-w64-clang-aarch64-scribus,build-depends-on,mingw-w64-clang-aarch64-cc,
clangarm64,mingw-w64-clang-aarch64-scummvm,build-depends-on,mingw-w64-clang-aarch64-cc,
clangarm64,mingw-w64-clang-aarch64-sdcv,build-depends-on,mingw-w64-clang-aarch64-cc,
clangarm64,mingw-w64-clang-aarch64-sdl12-compat,build-depends-on,mingw-w64-clang-aarch64-cc,
clangarm64,mingw-w64-clang-aarch64-sdl3,build-depends-on,mingw-w64-clang-aarch64-cc,
clangarm64,mingw-w64-clang-aarch64-sdl3-image,build-depends-on,mingw-w64-clang-aarch64-cc,
clangarm64,mingw-w64-clang-aarch64-sdl3-mixer,build-depends-on,mingw-w64-clang-aarch64-cc,
clangarm64,mingw-w64-clang-aarch64-sdl3-net,build-depends-on,mingw-w64-clang-aarch64-cc,
clangarm64,mingw-w64-clang-aarch64-sdl3-ttf,build-depends-on,mingw-w64-clang-aarch64-cc,
clangarm64,mingw-w64-clang-aarch64-seacas,build-depends-on,mingw-w64-clang-aarch64-cc,
clangarm64,mingw-w64-clang-aarch64-sed,build-depends-on,mingw-w64-clang-aarch64-cc,
clangarm64,mingw-w64-clang-aarch64-seexpr,build-depends-on,mingw-w64-clang-aarch64-cc,
clangarm64,mingw-w64-clang-aarch64-sequoia-sq,build-depends-on,mingw-w64-clang-aarch64-cc,
clangarm64,mingw-w64-clang-aarch64-serd,build-depends-on,mingw-w64-clang-aarch64-cc,
clangarm64,mingw-w64-clang-aarch64-serial-studio,build-depends-on,mingw-w64-clang-aarch64-cc,
clangarm64,mingw-w64-clang-aarch64-sfcgal,build-depends-on,mingw-w64-clang-aarch64-cc,
clangarm64,mingw-w64-clang-aarch64-sfml,build-depends-on,mingw-w64-clang-aarch64-cc,
clangarm64,mingw-w64-clang-aarch64-sfml-docs,build-depends-on,mingw-w64-clang-aarch64-cc,
clangarm64,mingw-w64-clang-aarch64-shaderc,build-depends-on,mingw-w64-clang-aarch64-cc,
clangarm64,mingw-w64-clang-aarch64-shapelib,build-depends-on,mingw-w64-clang-aarch64-cc,
clangarm64,mingw-w64-clang-aarch64-shared-mime-info,build-depends-on,mingw-w64-clang-aarch64-cc,
clangarm64,mingw-w64-clang-aarch64-shared-mime-info,build-depends-on,mingw-w64-clang-aarch64-gettext,
clangarm64,mingw-w64-clang-aarch64-shfmt,build-depends-on,mingw-w64-clang-aarch64-cc,
clangarm64,mingw-w64-clang-aarch64-shiboken2,build-depends-on,mingw-w64-clang-aarch64-cc,
clangarm64,mingw-w64-clang-aarch64-shiboken6,build-depends-on,mingw-w64-clang-aarch64-cc,
clangarm64,mingw-w64-clang-aarch64-shim_executable,build-depends-on,mingw-w64-clang-aarch64-cc,
clangarm64,mingw-w64-clang-aarch64-shine,build-depends-on,mingw-w64-clang-aarch64-cc,
clangarm64,mingw-w64-clang-aarch64-shishi,build-depends-on,mingw-w64-clang-aarch64-cc,
clangarm64,mingw-w64-clang-aarch64-shotcut,build-depends-on,mingw-w64-clang-aarch64-cc,
clangarm64,mingw-w64-clang-aarch64-sidplayfp,build-depends-on,mingw-w64-clang-aarch64-cc,
clangarm64,mingw-w64-clang-aarch64-siesta,build-depends-on,mingw-w64-clang-aarch64-cc,
clangarm64,mingw-w64-clang-aarch64-siesta,build-depends-on,mingw-w64-clang-aarch64-fc,
clangarm64,mingw-w64-clang-aarch64-sigutils,build-depends-on,mingw-w64-clang-aarch64-cc,
clangarm64,mingw-w64-clang-aarch64-silc-toolkit,build-depends-on,mingw-w64-clang-aarch64-cc,
clangarm64,mingw-w64-clang-aarch64-simdjson,build-depends-on,mingw-w64-clang-aarch64-cc,
clangarm64,mingw-w64-clang-aarch64-simple-mail,build-depends-on,mingw-w64-clang-aarch64-cc,
clangarm64,mingw-w64-clang-aarch64-simvoleon,build-depends-on,mingw-w64-clang-aarch64-cc,
clangarm64,mingw-w64-clang-aarch64-sirocco,build-depends-on,mingw-w64-clang-aarch64-cc,
clangarm64,mingw-w64-clang-aarch64-skia,build-depends-on,mingw-w64-clang-aarch64-cc,
clangarm64,mingw-w64-clang-aarch64-skyr-url,build-depends-on,mingw-w64-clang-aarch64-cc,
clangarm64,mingw-w64-clang-aarch64-sl,build-depends-on,mingw-w64-clang-aarch64-cc,
clangarm64,mingw-w64-clang-aarch64-sleef,build-depends-on,mingw-w64-clang-aarch64-cc,
clangarm64,mingw-w64-clang-aarch64-slepc,build-depends-on,mingw-w64-clang-aarch64-cc,
clangarm64,mingw-w64-clang-aarch64-slepc,build-depends-on,mingw-w64-clang-aarch64-fc,
clangarm64,mingw-w64-clang-aarch64-smpeg,build-depends-on,mingw-w64-clang-aarch64-cc,
clangarm64,mingw-w64-clang-aarch64-smpeg2,build-depends-on,mingw-w64-clang-aarch64-cc,
clangarm64,mingw-w64-clang-aarch64-snappy,build-depends-on,mingw-w64-clang-aarch64-cc,
clangarm64,mingw-w64-clang-aarch64-snoregrowl,build-depends-on,mingw-w64-clang-aarch64-cc,
clangarm64,mingw-w64-clang-aarch64-snorenotify,build-depends-on,mingw-w64-clang-aarch64-cc,
clangarm64,mingw-w64-clang-aarch64-snowball,build-depends-on,mingw-w64-clang-aarch64-cc,
clangarm64,mingw-w64-clang-aarch64-soapyhackrf,build-depends-on,mingw-w64-clang-aarch64-cc,
clangarm64,mingw-w64-clang-aarch64-soapyrtlsdr,build-depends-on,mingw-w64-clang-aarch64-cc,
clangarm64,mingw-w64-clang-aarch64-soapysdr,build-depends-on,mingw-w64-clang-aarch64-cc,
clangarm64,mingw-w64-clang-aarch64-soci,build-depends-on,mingw-w64-clang-aarch64-cc,
clangarm64,mingw-w64-clang-aarch64-soil,build-depends-on,mingw-w64-clang-aarch64-cc,
clangarm64,mingw-w64-clang-aarch64-sol2,build-depends-on,mingw-w64-clang-aarch64-cc,
clangarm64,mingw-w64-clang-aarch64-solid,build-depends-on,mingw-w64-clang-aarch64-cc,
clangarm64,mingw-w64-clang-aarch64-solid3,build-depends-on,mingw-w64-clang-aarch64-cc,
clangarm64,mingw-w64-clang-aarch64-sonivox,build-depends-on,mingw-w64-clang-aarch64-cc,
clangarm64,mingw-w64-clang-aarch64-sonixflasher,build-depends-on,mingw-w64-clang-aarch64-cc,
clangarm64,mingw-w64-clang-aarch64-sonnet,build-depends-on,mingw-w64-clang-aarch64-cc,
clangarm64,mingw-w64-clang-aarch64-soqt,build-depends-on,mingw-w64-clang-aarch64-cc,
clangarm64,mingw-w64-clang-aarch64-sord,build-depends-on,mingw-w64-clang-aarch64-cc,
clangarm64,mingw-w64-clang-aarch64-soundtouch,build-depends-on,mingw-w64-clang-aarch64-cc,
clangarm64,mingw-w64-clang-aarch64-source-highlight,build-depends-on,mingw-w64-clang-aarch64-cc,
clangarm64,mingw-w64-clang-aarch64-sox,build-depends-on,mingw-w64-clang-aarch64-cc,
clangarm64,mingw-w64-clang-aarch64-sox-ng,build-depends-on,mingw-w64-clang-aarch64-cc,
clangarm64,mingw-w64-clang-aarch64-spandsp,build-depends-on,mingw-w64-clang-aarch64-cc,
clangarm64,mingw-w64-clang-aarch64-sparsehash,build-depends-on,mingw-w64-clang-aarch64-cc,
clangarm64,mingw-w64-clang-aarch64-spatialindex,build-depends-on,mingw-w64-clang-aarch64-cc,
clangarm64,mingw-w64-clang-aarch64-spatialite-gui,build-depends-on,mingw-w64-clang-aarch64-cc,
clangarm64,mingw-w64-clang-aarch64-spatialite-tools,build-depends-on,mingw-w64-clang-aarch64-cc,
clangarm64,mingw-w64-clang-aarch64-spdlog,build-depends-on,mingw-w64-clang-aarch64-cc,
clangarm64,mingw-w64-clang-aarch64-spdylay,build-depends-on,mingw-w64-clang-aarch64-cc,
clangarm64,mingw-w64-clang-aarch64-spectra,build-depends-on,mingw-w64-clang-aarch64-cc,
clangarm64,mingw-w64-clang-aarch64-speex,build-depends-on,mingw-w64-clang-aarch64-cc,
clangarm64,mingw-w64-clang-aarch64-speexdsp,build-depends-on,mingw-w64-clang-aarch64-cc,
clangarm64,mingw-w64-clang-aarch64-spglib,build-depends-on,mingw-w64-clang-aarch64-cc,
clangarm64,mingw-w64-clang-aarch64-spglib,build-depends-on,mingw-w64-clang-aarch64-fc,
clangarm64,mingw-w64-clang-aarch64-spice,build-depends-on,mingw-w64-clang-aarch64-cc,
clangarm64,mingw-w64-clang-aarch64-spice-gtk,build-depends-on,mingw-w64-clang-aarch64-cc,
clangarm64,mingw-w64-clang-aarch64-spice-protocol,build-depends-on,mingw-w64-clang-aarch64-cc,
clangarm64,mingw-w64-clang-aarch64-spirv-cross,build-depends-on,mingw-w64-clang-aarch64-cc,
clangarm64,mingw-w64-clang-aarch64-spirv-headers,build-depends-on,mingw-w64-clang-aarch64-cc,
clangarm64,mingw-w64-clang-aarch64-spirv-llvm-translator,build-depends-on,mingw-w64-clang-aarch64-cc,
clangarm64,mingw-w64-clang-aarch64-spirv-tools,build-depends-on,mingw-w64-clang-aarch64-cc,
clangarm64,mingw-w64-clang-aarch64-spooles,build-depends-on,mingw-w64-clang-aarch64-cc,
clangarm64,mingw-w64-clang-aarch64-sqlcipher,build-depends-on,mingw-w64-clang-aarch64-cc,
clangarm64,mingw-w64-clang-aarch64-sqlite-docs,build-depends-on,mingw-w64-clang-aarch64-cc,
clangarm64,mingw-w64-clang-aarch64-sqlite-orm,build-depends-on,mingw-w64-clang-aarch64-cc,
clangarm64,mingw-w64-clang-aarch64-sqlite3,build-depends-on,mingw-w64-clang-aarch64-cc,
clangarm64,mingw-w64-clang-aarch64-sqlite3mc,build-depends-on,mingw-w64-clang-aarch64-cc,
clangarm64,mingw-w64-clang-aarch64-sqlitebrowser,build-depends-on,mingw-w64-clang-aarch64-cc,
clangarm64,mingw-w64-clang-aarch64-sqlitestudio,build-depends-on,mingw-w64-clang-aarch64-cc,
clangarm64,mingw-w64-clang-aarch64-sqlitestudio-plugins,build-depends-on,mingw-w64-clang-aarch64-cc,
clangarm64,mingw-w64-clang-aarch64-squirrel,build-depends-on,mingw-w64-clang-aarch64-cc,
clangarm64,mingw-w64-clang-aarch64-sratom,build-depends-on,mingw-w64-clang-aarch64-cc,
clangarm64,mingw-w64-clang-aarch64-srecord,build-depends-on,mingw-w64-clang-aarch64-cc,
clangarm64,mingw-w64-clang-aarch64-srt,build-depends-on,mingw-w64-clang-aarch64-cc,
clangarm64,mingw-w64-clang-aarch64-starpu,build-depends-on,mingw-w64-clang-aarch64-cc,
clangarm64,mingw-w64-clang-aarch64-stellarium,build-depends-on,mingw-w64-clang-aarch64-cc,
clangarm64,mingw-w64-clang-aarch64-stk,build-depends-on,mingw-w64-clang-aarch64-cc,
clangarm64,mingw-w64-clang-aarch64-stlink,build-depends-on,mingw-w64-clang-aarch64-cc,
clangarm64,mingw-w64-clang-aarch64-stoken,build-depends-on,mingw-w64-clang-aarch64-cc,
clangarm64,mingw-w64-clang-aarch64-strumpack,build-depends-on,mingw-w64-clang-aarch64-cc,
clangarm64,mingw-w64-clang-aarch64-strumpack,build-depends-on,mingw-w64-clang-aarch64-fc,
clangarm64,mingw-w64-clang-aarch64-stxxl,build-depends-on,mingw-w64-clang-aarch64-cc,
clangarm64,mingw-w64-clang-aarch64-suitesparse,build-depends-on,mingw-w64-clang-aarch64-cc,
clangarm64,mingw-w64-clang-aarch64-sundials,build-depends-on,mingw-w64-clang-aarch64-cc,
clangarm64,mingw-w64-clang-aarch64-sundials,build-depends-on,mingw-w64-clang-aarch64-fc,
clangarm64,mingw-w64-clang-aarch64-supercollider,build-depends-on,mingw-w64-clang-aarch64-cc,
clangarm64,mingw-w64-clang-aarch64-superlu,build-depends-on,mingw-w64-clang-aarch64-cc,
clangarm64,mingw-w64-clang-aarch64-superlu,build-depends-on,mingw-w64-clang-aarch64-fc,
clangarm64,mingw-w64-clang-aarch64-superlu_mt,build-depends-on,mingw-w64-clang-aarch64-cc,
clangarm64,mingw-w64-clang-aarch64-supertux,build-depends-on,mingw-w64-clang-aarch64-cc,
clangarm64,mingw-w64-clang-aarch64-svt-av1,build-depends-on,mingw-w64-clang-aarch64-cc,
clangarm64,mingw-w64-clang-aarch64-swi-prolog-archive,build-depends-on,mingw-w64-clang-aarch64-cc,
clangarm64,mingw-w64-clang-aarch64-swi-prolog-bdb,build-depends-on,mingw-w64-clang-aarch64-cc,
clangarm64,mingw-w64-clang-aarch64-swi-prolog-core,build-depends-on,mingw-w64-clang-aarch64-cc,
clangarm64,mingw-w64-clang-aarch64-swi-prolog-doc,build-depends-on,mingw-w64-clang-aarch64-cc,
clangarm64,mingw-w64-clang-aarch64-swi-prolog-edit,build-depends-on,mingw-w64-clang-aarch64-cc,
clangarm64,mingw-w64-clang-aarch64-swi-prolog-examples,build-depends-on,mingw-w64-clang-aarch64-cc,
clangarm64,mingw-w64-clang-aarch64-swi-prolog-full,build-depends-on,mingw-w64-clang-aarch64-cc,
clangarm64,mingw-w64-clang-aarch64-swi-prolog-json,build-depends-on,mingw-w64-clang-aarch64-cc,
clangarm64,mingw-w64-clang-aarch64-swi-prolog-odbc,build-depends-on,mingw-w64-clang-aarch64-cc,
clangarm64,mingw-w64-clang-aarch64-swi-prolog-packages,build-depends-on,mingw-w64-clang-aarch64-cc,
clangarm64,mingw-w64-clang-aarch64-swi-prolog-pcre2,build-depends-on,mingw-w64-clang-aarch64-cc,
clangarm64,mingw-w64-clang-aarch64-swi-prolog-python,build-depends-on,mingw-w64-clang-aarch64-cc,
clangarm64,mingw-w64-clang-aarch64-swi-prolog-ssl,build-depends-on,mingw-w64-clang-aarch64-cc,
clangarm64,mingw-w64-clang-aarch64-swi-prolog-tests,build-depends-on,mingw-w64-clang-aarch64-cc,
clangarm64,mingw-w64-clang-aarch64-swi-prolog-x,build-depends-on,mingw-w64-clang-aarch64-cc,
clangarm64,mingw-w64-clang-aarch64-swi-prolog-yaml,build-depends-on,mingw-w64-clang-aarch64-cc,
clangarm64,mingw-w64-clang-aarch64-swig,build-depends-on,mingw-w64-clang-aarch64-cc,
clangarm64,mingw-w64-clang-aarch64-symmetrica,build-depends-on,mingw-w64-clang-aarch64-cc,
clangarm64,mingw-w64-clang-aarch64-syndication,build-depends-on,mingw-w64-clang-aarch64-cc,
clangarm64,mingw-w64-clang-aarch64-syntax-highlighting,build-depends-on,mingw-w64-clang-aarch64-cc,
clangarm64,mingw-w64-clang-aarch64-systemc,build-depends-on,mingw-w64-clang-aarch64-cc,
clangarm64,mingw-w64-clang-aarch64-t1utils,build-depends-on,mingw-w64-clang-aarch64-cc,
clangarm64,mingw-w64-clang-aarch64-taglib,build-depends-on,mingw-w64-clang-aarch64-cc,
clangarm64,mingw-w64-clang-aarch64-talkatu,build-depends-on,mingw-w64-clang-aarch64-cc,
clangarm64,mingw-w64-clang-aarch64-taucs,build-depends-on,mingw-w64-clang-aarch64-cc,
clangarm64,mingw-w64-clang-aarch64-taucs,build-depends-on,mingw-w64-clang-aarch64-fc,
clangarm64,mingw-w64-clang-aarch64-tbb,build-depends-on,mingw-w64-clang-aarch64-cc,
clangarm64,mingw-w64-clang-aarch64-tblite,build-depends-on,mingw-w64-clang-aarch64-cc,
clangarm64,mingw-w64-clang-aarch64-tblite,build-depends-on,mingw-w64-clang-aarch64-fc,
clangarm64,mingw-w64-clang-aarch64-tcl,build-depends-on,mingw-w64-clang-aarch64-cc,
clangarm64,mingw-w64-clang-aarch64-tcl-nsf,build-depends-on,mingw-w64-clang-aarch64-cc,
clangarm64,mingw-w64-clang-aarch64-tclvfs-cvs,build-depends-on,mingw-w64-clang-aarch64-cc,
clangarm64,mingw-w64-clang-aarch64-tclx,build-depends-on,mingw-w64-clang-aarch64-cc,
clangarm64,mingw-w64-clang-aarch64-tea,build-depends-on,mingw-w64-clang-aarch64-cc,
clangarm64,mingw-w64-clang-aarch64-teensy-loader-cli,build-depends-on,mingw-w64-clang-aarch64-cc,
clangarm64,mingw-w64-clang-aarch64-template-glib,build-depends-on,mingw-w64-clang-aarch64-cc,
clangarm64,mingw-w64-clang-aarch64-termcap,build-depends-on,mingw-w64-clang-aarch64-cc,
clangarm64,mingw-w64-clang-aarch64-tesseract-ocr,build-depends-on,mingw-w64-clang-aarch64-cc,
clangarm64,mingw-w64-clang-aarch64-testu01,build-depends-on,mingw-w64-clang-aarch64-cc,
clangarm64,mingw-w64-clang-aarch64-tetgen,build-depends-on,mingw-w64-clang-aarch64-cc,
clangarm64,mingw-w64-clang-aarch64-texinfo,build-depends-on,mingw-w64-clang-aarch64-cc,
clangarm64,mingw-w64-clang-aarch64-texlive-bin,build-depends-on,mingw-w64-clang-aarch64-cc,
clangarm64,mingw-w64-clang-aarch64-texlive-core,build-depends-on,mingw-w64-clang-aarch64-cc,
clangarm64,mingw-w64-clang-aarch64-texstudio,build-depends-on,mingw-w64-clang-aarch64-cc,
clangarm64,mingw-w64-clang-aarch64-tfel,build-depends-on,mingw-w64-clang-aarch64-cc,
clangarm64,mingw-w64-clang-aarch64-tfel,build-depends-on,mingw-w64-clang-aarch64-fc,
clangarm64,mingw-w64-clang-aarch64-tgui,build-depends-on,mingw-w64-clang-aarch64-cc,
clangarm64,mingw-w64-clang-aarch64-thorvg,build-depends-on,mingw-w64-clang-aarch64-cc,
clangarm64,mingw-w64-clang-aarch64-threadweaver,build-depends-on,mingw-w64-clang-aarch64-cc,
clangarm64,mingw-w64-clang-aarch64-thrift,build-depends-on,mingw-w64-clang-aarch64-cc,
clangarm64,mingw-w64-clang-aarch64-tidy,build-depends-on,mingw-w64-clang-aarch64-cc,
clangarm64,mingw-w64-clang-aarch64-tigervnc,build-depends-on,mingw-w64-clang-aarch64-cc,
clangarm64,mingw-w64-clang-aarch64-tiledb,build-depends-on,mingw-w64-clang-aarch64-cc,
clangarm64,mingw-w64-clang-aarch64-tiny-dnn,build-depends-on,mingw-w64-clang-aarch64-cc,
clangarm64,mingw-w64-clang-aarch64-tiny-dnn,build-depends-on,mingw-w64-clang-aarch64-pkg-config,
clangarm64,mingw-w64-clang-aarch64-tinyexpr,build-depends-on,mingw-w64-clang-aarch64-cc,
clangarm64,mingw-w64-clang-aarch64-tinyxml,build-depends-on,mingw-w64-clang-aarch64-cc,
clangarm64,mingw-w64-clang-aarch64-tinyxml2,build-depends-on,mingw-w64-clang-aarch64-cc,
clangarm64,mingw-w64-clang-aarch64-tixi,build-depends-on,mingw-w64-clang-aarch64-cc,
clangarm64,mingw-w64-clang-aarch64-tixi,build-depends-on,mingw-w64-clang-aarch64-fc,
clangarm64,mingw-w64-clang-aarch64-tk,build-depends-on,mingw-w64-clang-aarch64-cc,
clangarm64,mingw-w64-clang-aarch64-tkimg,build-depends-on,mingw-w64-clang-aarch64-cc,
clangarm64,mingw-w64-clang-aarch64-tktable,build-depends-on,mingw-w64-clang-aarch64-cc,
clangarm64,mingw-w64-clang-aarch64-tl-expected,build-depends-on,mingw-w64-clang-aarch64-cc,
clangarm64,mingw-w64-clang-aarch64-tlfloat,build-depends-on,mingw-w64-clang-aarch64-cc,
clangarm64,mingw-w64-clang-aarch64-tlfloat,build-depends-on,mingw-w64-clang-aarch64-omp,
clangarm64,mingw-w64-clang-aarch64-tmxlite,build-depends-on,mingw-w64-clang-aarch64-cc,
clangarm64,mingw-w64-clang-aarch64-tmxlite-docs,build-depends-on,mingw-w64-clang-aarch64-cc,
clangarm64,mingw-w64-clang-aarch64-tolua,build-depends-on,mingw-w64-clang-aarch64-cc,
clangarm64,mingw-w64-clang-aarch64-toml-f,build-depends-on,mingw-w64-clang-aarch64-fc,
clangarm64,mingw-w64-clang-aarch64-toml11,build-depends-on,mingw-w64-clang-aarch64-cc,
clangarm64,mingw-w64-clang-aarch64-tomlc17,build-depends-on,mingw-w64-clang-aarch64-cc,
clangarm64,mingw-w64-clang-aarch64-tomlplusplus,build-depends-on,mingw-w64-clang-aarch64-cc,
clangarm64,mingw-w64-clang-aarch64-tools,build-depends-on,mingw-w64-clang-aarch64-cc,
clangarm64,mingw-w64-clang-aarch64-tor,build-depends-on,mingw-w64-clang-aarch64-cc,
clangarm64,mingw-w64-clang-aarch64-totem-pl-parser,build-depends-on,mingw-w64-clang-aarch64-cc,
clangarm64,mingw-w64-clang-aarch64-transmission-cli,build-depends-on,mingw-w64-clang-aarch64-cc,
clangarm64,mingw-w64-clang-aarch64-transmission-gtk,build-depends-on,mingw-w64-clang-aarch64-cc,
clangarm64,mingw-w64-clang-aarch64-transmission-qt,build-depends-on,mingw-w64-clang-aarch64-cc,
clangarm64,mingw-w64-clang-aarch64-tree-sitter,build-depends-on,mingw-w64-clang-aarch64-cc,
clangarm64,mingw-w64-clang-aarch64-tree-sitter-c,build-depends-on,mingw-w64-clang-aarch64-cc,
clangarm64,mingw-w64-clang-aarch64-tree-sitter-lua,build-depends-on,mingw-w64-clang-aarch64-cc,
clangarm64,mingw-w64-clang-aarch64-tree-sitter-markdown,build-depends-on,mingw-w64-clang-aarch64-cc,
clangarm64,mingw-w64-clang-aarch64-tree-sitter-query,build-depends-on,mingw-w64-clang-aarch64-cc,
clangarm64,mingw-w64-clang-aarch64-tree-sitter-vim,build-depends-on,mingw-w64-clang-aarch64-cc,
clangarm64,mingw-w64-clang-aarch64-tree-sitter-vimdoc,build-depends-on,mingw-w64-clang-aarch64-cc,
clangarm64,mingw-w64-clang-aarch64-treedec,build-depends-on,mingw-w64-clang-aarch64-cc,
clangarm64,mingw-w64-clang-aarch64-trilinos,build-depends-on,mingw-w64-clang-aarch64-cc,
clangarm64,mingw-w64-clang-aarch64-trilinos,build-depends-on,mingw-w64-clang-aarch64-fc,
clangarm64,mingw-w64-clang-aarch64-triton,build-depends-on,mingw-w64-clang-aarch64-cc,
clangarm64,mingw-w64-clang-aarch64-trompeloeil,build-depends-on,mingw-w64-clang-aarch64-cc,
clangarm64,mingw-w64-clang-aarch64-tslib,build-depends-on,mingw-w64-clang-aarch64-cc,
clangarm64,mingw-w64-clang-aarch64-ttfautohint,build-depends-on,mingw-w64-clang-aarch64-cc,
clangarm64,mingw-w64-clang-aarch64-ttyd,build-depends-on,mingw-w64-clang-aarch64-cc,
clangarm64,mingw-w64-clang-aarch64-tulip,build-depends-on,mingw-w64-clang-aarch64-cc,
clangarm64,mingw-w64-clang-aarch64-turbo,build-depends-on,mingw-w64-clang-aarch64-cc,
clangarm64,mingw-w64-clang-aarch64-tuxpaint,build-depends-on,mingw-w64-clang-aarch64-cc,
clangarm64,mingw-w64-clang-aarch64-tuxpaint-docs,build-depends-on,mingw-w64-clang-aarch64-cc,
clangarm64,mingw-w64-clang-aarch64-twolame,build-depends-on,mingw-w64-clang-aarch64-cc,
clangarm64,mingw-w64-clang-aarch64-uchardet,build-depends-on,mingw-w64-clang-aarch64-cc,
clangarm64,mingw-w64-clang-aarch64-ucl,build-depends-on,mingw-w64-clang-aarch64-cc,
clangarm64,mingw-w64-clang-aarch64-udis86,build-depends-on,mingw-w64-clang-aarch64-cc,
clangarm64,mingw-w64-clang-aarch64-udunits,build-depends-on,mingw-w64-clang-aarch64-cc,
clangarm64,mingw-w64-clang-aarch64-uhttpmock,build-depends-on,mingw-w64-clang-aarch64-cc,
clangarm64,mingw-w64-clang-aarch64-umbrello,build-depends-on,mingw-w64-clang-aarch64-cc,
clangarm64,mingw-w64-clang-aarch64-unbound,build-depends-on,mingw-w64-clang-aarch64-cc,
clangarm64,mingw-w64-clang-aarch64-uncrustify,build-depends-on,mingw-w64-clang-aarch64-cc,
clangarm64,mingw-w64-clang-aarch64-unibilium,build-depends-on,mingw-w64-clang-aarch64-cc,
clangarm64,mingw-w64-clang-aarch64-unicorn,build-depends-on,mingw-w64-clang-aarch64-cc,
clangarm64,mingw-w64-clang-aarch64-unifdef,build-depends-on,mingw-w64-clang-aarch64-cc,
clangarm64,mingw-w64-clang-aarch64-unittest-cpp,build-depends-on,mingw-w64-clang-aarch64-cc,
clangarm64,mingw-w64-clang-aarch64-unixodbc,build-depends-on,mingw-w64-clang-aarch64-cc,
clangarm64,mingw-w64-clang-aarch64-unordered_dense,build-depends-on,mingw-w64-clang-aarch64-cc,
clangarm64,mingw-w64-clang-aarch64-unpaper,build-depends-on,mingw-w64-clang-aarch64-cc,
clangarm64,mingw-w64-clang-aarch64-unrar,build-depends-on,mingw-w64-clang-aarch64-cc,
clangarm64,mingw-w64-clang-aarch64-upx,build-depends-on,mingw-w64-clang-aarch64-cc,
clangarm64,mingw-w64-clang-aarch64-uriparser,build-depends-on,mingw-w64-clang-aarch64-cc,
clangarm64,mingw-w64-clang-aarch64-usbredir,build-depends-on,mingw-w64-clang-aarch64-cc,
clangarm64,mingw-w64-clang-aarch64-usql,build-depends-on,mingw-w64-clang-aarch64-cc,
clangarm64,mingw-w64-clang-aarch64-usrsctp,build-depends-on,mingw-w64-clang-aarch64-cc,
clangarm64,mingw-w64-clang-aarch64-usrsctp,build-depends-on,mingw-w64-clang-aarch64-pkg-config,
clangarm64,mingw-w64-clang-aarch64-utf8cpp,build-depends-on,mingw-w64-clang-aarch64-cc,
clangarm64,mingw-w64-clang-aarch64-uvatlas,build-depends-on,mingw-w64-clang-aarch64-cc,
clangarm64,mingw-w64-clang-aarch64-v8,build-depends-on,mingw-w64-clang-aarch64-cc,
clangarm64,mingw-w64-clang-aarch64-vala-language-server,build-depends-on,mingw-w64-clang-aarch64-cc,
clangarm64,mingw-w64-clang-aarch64-vamp-plugin-sdk,build-depends-on,mingw-w64-clang-aarch64-cc,
clangarm64,mingw-w64-clang-aarch64-vapoursynth,build-depends-on,mingw-w64-clang-aarch64-cc,
clangarm64,mingw-w64-clang-aarch64-vcdimager,build-depends-on,mingw-w64-clang-aarch64-cc,
clangarm64,mingw-w64-clang-aarch64-vector_blf,build-depends-on,mingw-w64-clang-aarch64-cc,
clangarm64,mingw-w64-clang-aarch64-vera++,build-depends-on,mingw-w64-clang-aarch64-cc,
clangarm64,mingw-w64-clang-aarch64-verdict,build-depends-on,mingw-w64-clang-aarch64-cc,
clangarm64,mingw-w64-clang-aarch64-verilator,build-depends-on,mingw-w64-clang-aarch64-cc,
clangarm64,mingw-w64-clang-aarch64-vhs,build-depends-on,mingw-w64-clang-aarch64-cc,
clangarm64,mingw-w64-clang-aarch64-vid.stab,build-depends-on,mingw-w64-clang-aarch64-cc,
clangarm64,mingw-w64-clang-aarch64-vigra,build-depends-on,mingw-w64-clang-aarch64-cc,
clangarm64,mingw-w64-clang-aarch64-virglrenderer,build-depends-on,mingw-w64-clang-aarch64-cc,
clangarm64,mingw-w64-clang-aarch64-virt-viewer,build-depends-on,mingw-w64-clang-aarch64-cc,
clangarm64,mingw-w64-clang-aarch64-virtualpg,build-depends-on,mingw-w64-clang-aarch64-cc,
clangarm64,mingw-w64-clang-aarch64-viskores,build-depends-on,mingw-w64-clang-aarch64-cc,
clangarm64,mingw-w64-clang-aarch64-visualizationlibrary,build-depends-on,mingw-w64-clang-aarch64-cc,
clangarm64,mingw-w64-clang-aarch64-vk-bootstrap,build-depends-on,mingw-w64-clang-aarch64-cc,
clangarm64,mingw-w64-clang-aarch64-vlc,build-depends-on,mingw-w64-clang-aarch64-cc,
clangarm64,mingw-w64-clang-aarch64-vlfeat,build-depends-on,mingw-w64-clang-aarch64-cc,
clangarm64,mingw-w64-clang-aarch64-vmaf,build-depends-on,mingw-w64-clang-aarch64-cc,
clangarm64,mingw-w64-clang-aarch64-vo-amrwbenc,build-depends-on,mingw-w64-clang-aarch64-cc,
clangarm64,mingw-w64-clang-aarch64-volk,build-depends-on,mingw-w64-clang-aarch64-cc,
clangarm64,mingw-w64-clang-aarch64-vrpn,build-depends-on,mingw-w64-clang-aarch64-cc,
clangarm64,mingw-w64-clang-aarch64-vsgimgui,build-depends-on,mingw-w64-clang-aarch64-cc,
clangarm64,mingw-w64-clang-aarch64-vsgimgui-docs,build-depends-on,mingw-w64-clang-aarch64-cc,
clangarm64,mingw-w64-clang-aarch64-vsgpoints,build-depends-on,mingw-w64-clang-aarch64-cc,
clangarm64,mingw-w64-clang-aarch64-vsgpoints-docs,build-depends-on,mingw-w64-clang-aarch64-cc,
clangarm64,mingw-w64-clang-aarch64-vsgqt,build-depends-on,mingw-w64-clang-aarch64-cc,
clangarm64,mingw-w64-clang-aarch64-vsgqt-docs,build-depends-on,mingw-w64-clang-aarch64-cc,
clangarm64,mingw-w64-clang-aarch64-vsgxchange,build-depends-on,mingw-w64-clang-aarch64-cc,
clangarm64,mingw-w64-clang-aarch64-vsgxchange-docs,build-depends-on,mingw-w64-clang-aarch64-cc,
clangarm64,mingw-w64-clang-aarch64-vtk,build-depends-on,mingw-w64-clang-aarch64-cc,
clangarm64,mingw-w64-clang-aarch64-vulkan-headers,build-depends-on,mingw-w64-clang-aarch64-cc,
clangarm64,mingw-w64-clang-aarch64-vulkan-loader,build-depends-on,mingw-w64-clang-aarch64-cc,
clangarm64,mingw-w64-clang-aarch64-vulkan-utility-libraries,build-depends-on,mingw-w64-clang-aarch64-cc,
clangarm64,mingw-w64-clang-aarch64-vulkan-validation-layers,build-depends-on,mingw-w64-clang-aarch64-cc,
clangarm64,mingw-w64-clang-aarch64-vulkan-volk,build-depends-on,mingw-w64-clang-aarch64-cc,
clangarm64,mingw-w64-clang-aarch64-vulkanscenegraph,build-depends-on,mingw-w64-clang-aarch64-cc,
clangarm64,mingw-w64-clang-aarch64-vulkanscenegraph-docs,build-depends-on,mingw-w64-clang-aarch64-cc,
clangarm64,mingw-w64-clang-aarch64-wabt,build-depends-on,mingw-w64-clang-aarch64-cc,
clangarm64,mingw-w64-clang-aarch64-waf,build-depends-on,mingw-w64-clang-aarch64-cc,
clangarm64,mingw-w64-clang-aarch64-wakatime,build-depends-on,mingw-w64-clang-aarch64-cc,
clangarm64,mingw-w64-clang-aarch64-wannier90,build-depends-on,mingw-w64-clang-aarch64-cc,
clangarm64,mingw-w64-clang-aarch64-wannier90,build-depends-on,mingw-w64-clang-aarch64-fc,
clangarm64,mingw-w64-clang-aarch64-wasm-server-runner,build-depends-on,mingw-w64-clang-aarch64-cc,
clangarm64,mingw-w64-clang-aarch64-wavpack,build-depends-on,mingw-w64-clang-aarch64-cc,
clangarm64,mingw-w64-clang-aarch64-wb32-dfu-updater,build-depends-on,mingw-w64-clang-aarch64-cc,
clangarm64,mingw-w64-clang-aarch64-webp-pixbuf-loader,build-depends-on,mingw-w64-clang-aarch64-cc,
clangarm64,mingw-w64-clang-aarch64-webrtc-audio-processing,build-depends-on,mingw-w64-clang-aarch64-cc,
clangarm64,mingw-w64-clang-aarch64-webrtc-audio-processing-1,build-depends-on,mingw-w64-clang-aarch64-cc,
clangarm64,mingw-w64-clang-aarch64-webview,build-depends-on,mingw-w64-clang-aarch64-cc,
clangarm64,mingw-w64-clang-aarch64-webview-docs,build-depends-on,mingw-w64-clang-aarch64-cc,
clangarm64,mingw-w64-clang-aarch64-wget,build-depends-on,mingw-w64-clang-aarch64-cc,
clangarm64,mingw-w64-clang-aarch64-wget2,build-depends-on,mingw-w64-clang-aarch64-cc,
clangarm64,mingw-w64-clang-aarch64-whisper.cpp,build-depends-on,mingw-w64-clang-aarch64-cc,
clangarm64,mingw-w64-clang-aarch64-widelands,build-depends-on,mingw-w64-clang-aarch64-cc,
clangarm64,mingw-w64-clang-aarch64-wiiuse,build-depends-on,mingw-w64-clang-aarch64-cc,
clangarm64,mingw-w64-clang-aarch64-win7appid,build-depends-on,mingw-w64-clang-aarch64-cc,
clangarm64,mingw-w64-clang-aarch64-windows-default-manifest,build-depends-on,mingw-w64-clang-aarch64-cc,
clangarm64,mingw-w64-clang-aarch64-wined3d,build-depends-on,mingw-w64-clang-aarch64-cc,
clangarm64,mingw-w64-clang-aarch64-wineditline,build-depends-on,mingw-w64-clang-aarch64-cc,
clangarm64,mingw-w64-clang-aarch64-winfile,build-depends-on,mingw-w64-clang-aarch64-cc,
clangarm64,mingw-w64-clang-aarch64-winico,build-depends-on,mingw-w64-clang-aarch64-cc,
clangarm64,mingw-w64-clang-aarch64-winpthreads,build-depends-on,mingw-w64-clang-aarch64-cc,
clangarm64,mingw-w64-clang-aarch64-winpthreads-stub,build-depends-on,mingw-w64-clang-aarch64-binutils,
clangarm64,mingw-w64-clang-aarch64-winpty,build-depends-on,mingw-w64-clang-aarch64-cc,
clangarm64,mingw-w64-clang-aarch64-winsparkle,build-depends-on,mingw-w64-clang-aarch64-cc,
clangarm64,mingw-w64-clang-aarch64-winstorecompat,build-depends-on,mingw-w64-clang-aarch64-cc,
clangarm64,mingw-w64-clang-aarch64-wireshark,build-depends-on,mingw-w64-clang-aarch64-cc,
clangarm64,mingw-w64-clang-aarch64-woff2,build-depends-on,mingw-w64-clang-aarch64-cc,
clangarm64,mingw-w64-clang-aarch64-wolfssl,build-depends-on,mingw-w64-clang-aarch64-cc,
clangarm64,mingw-w64-clang-aarch64-wslay,build-depends-on,mingw-w64-clang-aarch64-cc,
clangarm64,mingw-w64-clang-aarch64-wt,build-depends-on,mingw-w64-clang-aarch64-cc,
clangarm64,mingw-w64-clang-aarch64-wv,build-depends-on,mingw-w64-clang-aarch64-cc,
clangarm64,mingw-w64-clang-aarch64-wxPython,build-depends-on,mingw-w64-clang-aarch64-cc,
clangarm64,mingw-w64-clang-aarch64-wxPython,build-depends-on,mingw-w64-clang-aarch64-doxygen,
clangarm64,mingw-w64-clang-aarch64-wxPython,build-depends-on,mingw-w64-clang-aarch64-python-build,
clangarm64,mingw-w64-clang-aarch64-wxPython,build-depends-on,mingw-w64-clang-aarch64-python-requests,
clangarm64,mingw-w64-clang-aarch64-wxPython,build-depends-on,mingw-w64-clang-aarch64-sip,
clangarm64,mingw-w64-clang-aarch64-wxPython,build-depends-on,mingw-w64-clang-aarch64-waf,
clangarm64,mingw-w64-clang-aarch64-wxPython,build-depends-on,python,
clangarm64,mingw-w64-clang-aarch64-wxPython,build-depends-on,python-setuptools,
clangarm64,mingw-w64-clang-aarch64-wxmacmolplt,build-depends-on,mingw-w64-clang-aarch64-cc,
clangarm64,mingw-w64-clang-aarch64-wxsvg-wx3.2,build-depends-on,mingw-w64-clang-aarch64-cc,
clangarm64,mingw-w64-clang-aarch64-wxwidgets3.2-common,build-depends-on,mingw-w64-clang-aarch64-cc,
clangarm64,mingw-w64-clang-aarch64-wxwidgets3.2-common-libs,build-depends-on,mingw-w64-clang-aarch64-cc,
clangarm64,mingw-w64-clang-aarch64-wxwidgets3.2-gtk3,build-depends-on,mingw-w64-clang-aarch64-cc,
clangarm64,mingw-w64-clang-aarch64-wxwidgets3.2-gtk3-libs,build-depends-on,mingw-w64-clang-aarch64-cc,
clangarm64,mingw-w64-clang-aarch64-wxwidgets3.2-msw,build-depends-on,mingw-w64-clang-aarch64-cc,
clangarm64,mingw-w64-clang-aarch64-wxwidgets3.2-msw-cb_headers,build-depends-on,mingw-w64-clang-aarch64-cc,
clangarm64,mingw-w64-clang-aarch64-wxwidgets3.2-msw-libs,build-depends-on,mingw-w64-clang-aarch64-cc,
clangarm64,mingw-w64-clang-aarch64-wxwidgets3.2-qt,build-depends-on,mingw-w64-clang-aarch64-cc,
clangarm64,mingw-w64-clang-aarch64-wxwidgets3.2-qt-libs,build-depends-on,mingw-w64-clang-aarch64-cc,
clangarm64,mingw-w64-clang-aarch64-wxwidgets3.3-common,build-depends-on,mingw-w64-clang-aarch64-cc,
clangarm64,mingw-w64-clang-aarch64-wxwidgets3.3-common-libs,build-depends-on,mingw-w64-clang-aarch64-cc,
clangarm64,mingw-w64-clang-aarch64-wxwidgets3.3-gtk3,build-depends-on,mingw-w64-clang-aarch64-cc,
clangarm64,mingw-w64-clang-aarch64-wxwidgets3.3-gtk3-libs,build-depends-on,mingw-w64-clang-aarch64-cc,
clangarm64,mingw-w64-clang-aarch64-wxwidgets3.3-msw,build-depends-on,mingw-w64-clang-aarch64-cc,
clangarm64,mingw-w64-clang-aarch64-wxwidgets3.3-msw-cb_headers,build-depends-on,mingw-w64-clang-aarch64-cc,
clangarm64,mingw-w64-clang-aarch64-wxwidgets3.3-msw-libs,build-depends-on,mingw-w64-clang-aarch64-cc,
clangarm64,mingw-w64-clang-aarch64-wxwidgets3.3-qt,build-depends-on,mingw-w64-clang-aarch64-cc,
clangarm64,mingw-w64-clang-aarch64-wxwidgets3.3-qt-libs,build-depends-on,mingw-w64-clang-aarch64-cc,
clangarm64,mingw-w64-clang-aarch64-x264,build-depends-on,mingw-w64-clang-aarch64-cc,
clangarm64,mingw-w64-clang-aarch64-x265,build-depends-on,mingw-w64-clang-aarch64-cc,
clangarm64,mingw-w64-clang-aarch64-xa65,build-depends-on,mingw-w64-clang-aarch64-cc,
clangarm64,mingw-w64-clang-aarch64-xalan-c,build-depends-on,mingw-w64-clang-aarch64-cc,
clangarm64,mingw-w64-clang-aarch64-xapian-core,build-depends-on,mingw-w64-clang-aarch64-cc,
clangarm64,mingw-w64-clang-aarch64-xapian-core-docs,build-depends-on,mingw-w64-clang-aarch64-cc,
clangarm64,mingw-w64-clang-aarch64-xavs,build-depends-on,mingw-w64-clang-aarch64-cc,
clangarm64,mingw-w64-clang-aarch64-xerces-c,build-depends-on,mingw-w64-clang-aarch64-cc,
clangarm64,mingw-w64-clang-aarch64-xevd,build-depends-on,mingw-w64-clang-aarch64-cc,
clangarm64,mingw-w64-clang-aarch64-xeve,build-depends-on,mingw-w64-clang-aarch64-cc,
clangarm64,mingw-w64-clang-aarch64-xlnt,build-depends-on,mingw-w64-clang-aarch64-cc,
clangarm64,mingw-w64-clang-aarch64-xlsxio,build-depends-on,mingw-w64-clang-aarch64-cc,
clangarm64,mingw-w64-clang-aarch64-xmake,build-depends-on,mingw-w64-clang-aarch64-cc,
clangarm64,mingw-w64-clang-aarch64-xmlf90,build-depends-on,mingw-w64-clang-aarch64-fc,
clangarm64,mingw-w64-clang-aarch64-xmlsec,build-depends-on,mingw-w64-clang-aarch64-cc,
clangarm64,mingw-w64-clang-aarch64-xmlstarlet,build-depends-on,mingw-w64-clang-aarch64-cc,
clangarm64,mingw-w64-clang-aarch64-xmlto,build-depends-on,mingw-w64-clang-aarch64-cc,
clangarm64,mingw-w64-clang-aarch64-xournalpp,build-depends-on,mingw-w64-clang-aarch64-cc,
clangarm64,mingw-w64-clang-aarch64-xpdf,build-depends-on,mingw-w64-clang-aarch64-cc,
clangarm64,mingw-w64-clang-aarch64-xpm-nox,build-depends-on,mingw-w64-clang-aarch64-cc,
clangarm64,mingw-w64-clang-aarch64-xsimd,build-depends-on,mingw-w64-clang-aarch64-cc,
clangarm64,mingw-w64-clang-aarch64-xvidcore,build-depends-on,mingw-w64-clang-aarch64-cc,
clangarm64,mingw-w64-clang-aarch64-xxhash,build-depends-on,mingw-w64-clang-aarch64-cc,
clangarm64,mingw-w64-clang-aarch64-xz,build-depends-on,mingw-w64-clang-aarch64-cc,
clangarm64,mingw-w64-clang-aarch64-yajl,build-depends-on,mingw-w64-clang-aarch64-cc,
clangarm64,mingw-w64-clang-aarch64-yaml-cpp,build-depends-on,mingw-w64-clang-aarch64-cc,
clangarm64,mingw-w64-clang-aarch64-yasm,build-depends-on,mingw-w64-clang-aarch64-cc,
clangarm64,mingw-w64-clang-aarch64-yelp-tools,build-depends-on,mingw-w64-clang-aarch64-pkg-config,
clangarm64,mingw-w64-clang-aarch64-yelp-xsl,build-depends-on,mingw-w64-clang-aarch64-cc,
clangarm64,mingw-w64-clang-aarch64-yices,build-depends-on,mingw-w64-clang-aarch64-cc,
clangarm64,mingw-w64-clang-aarch64-yubico-c,build-depends-on,mingw-w64-clang-aarch64-cc,
clangarm64,mingw-w64-clang-aarch64-yubikey-personalization,build-depends-on,mingw-w64-clang-aarch64-cc,
clangarm64,mingw-w64-clang-aarch64-yuview,build-depends-on,mingw-w64-clang-aarch64-cc,
clangarm64,mingw-w64-clang-aarch64-z3,build-depends-on,mingw-w64-clang-aarch64-cc,
clangarm64,mingw-w64-clang-aarch64-zbar,build-depends-on,mingw-w64-clang-aarch64-cc,
clangarm64,mingw-w64-clang-aarch64-zeromq,build-depends-on,mingw-w64-clang-aarch64-cc,
clangarm64,mingw-w64-clang-aarch64-zimg,build-depends-on,mingw-w64-clang-aarch64-cc,
clangarm64,mingw-w64-clang-aarch64-zint,build-depends-on,mingw-w64-clang-aarch64-cc,
clangarm64,mingw-w64-clang-aarch64-zint-qt,build-depends-on,mingw-w64-clang-aarch64-cc,
clangarm64,mingw-w64-clang-aarch64-zix,build-depends-on,mingw-w64-clang-aarch64-cc,
clangarm64,mingw-w64-clang-aarch64-zlib,build-depends-on,mingw-w64-clang-aarch64-cc,
clangarm64,mingw-w64-clang-aarch64-zlib-ng,build-depends-on,mingw-w64-clang-aarch64-cc,
clangarm64,mingw-w64-clang-aarch64-zlib-ng-compat,build-depends-on,mingw-w64-clang-aarch64-cc,
clangarm64,mingw-w64-clang-aarch64-zoitechat,build-depends-on,mingw-w64-clang-aarch64-cc,
clangarm64,mingw-w64-clang-aarch64-zopfli,build-depends-on,mingw-w64-clang-aarch64-cc,
clangarm64,mingw-w64-clang-aarch64-zstd,build-depends-on,mingw-w64-clang-aarch64-cc,
clangarm64,mingw-w64-clang-aarch64-zug,build-depends-on,mingw-w64-clang-aarch64-cc,
clangarm64,mingw-w64-clang-aarch64-zvbi,build-depends-on,mingw-w64-clang-aarch64-cc,
clangarm64,mingw-w64-clang-aarch64-zxcvbn-c,build-depends-on,mingw-w64-clang-aarch64-cc,
clangarm64,mingw-w64-clang-aarch64-zxing-cpp,build-depends-on,mingw-w64-clang-aarch64-cc,
clangarm64,mingw-w64-clang-aarch64-zycore-c,build-depends-on,mingw-w64-clang-aarch64-cc,
clangarm64,mingw-w64-clang-aarch64-zycore-c-docs,build-depends-on,mingw-w64-clang-aarch64-cc,
clangarm64,mingw-w64-clang-aarch64-zydis,build-depends-on,mingw-w64-clang-aarch64-cc,
clangarm64,mingw-w64-clang-aarch64-zydis-docs,build-depends-on,mingw-w64-clang-aarch64-cc,
clangarm64,mingw-w64-clang-aarch64-zziplib,build-depends-on,mingw-w64-clang-aarch64-cc,
clang64,mingw-w64-clang-x86_64-3proxy,build-depends-on,mingw-w64-clang-x86_64-cc,
clang64,mingw-w64-clang-x86_64-4th,build-depends-on,mingw-w64-clang-x86_64-cc,
clang64,mingw-w64-clang-x86_64-4ti2,build-depends-on,mingw-w64-clang-x86_64-cc,
clang64,mingw-w64-clang-x86_64-64tass,build-depends-on,mingw-w64-clang-x86_64-cc,
clang64,mingw-w64-clang-x86_64-7zip,build-depends-on,mingw-w64-clang-x86_64-cc,
clang64,mingw-w64-clang-x86_64-86box,build-depends-on,mingw-w64-clang-x86_64-cc,
clang64,mingw-w64-clang-x86_64-FAudio,build-depends-on,mingw-w64-clang-x86_64-cc,
clang64,mingw-w64-clang-x86_64-FAudio,build-depends-on,mingw-w64-clang-x86_64-cmake,
clang64,mingw-w64-clang-x86_64-FAudio,build-depends-on,mingw-w64-clang-x86_64-ninja,
clang64,mingw-w64-clang-x86_64-MinHook,build-depends-on,mingw-w64-clang-x86_64-cc,
clang64,mingw-w64-clang-x86_64-OpenSceneGraph,build-depends-on,mingw-w64-clang-x86_64-cc,
clang64,mingw-w64-clang-x86_64-OpenSceneGraph,build-depends-on,mingw-w64-clang-x86_64-cmake,
clang64,mingw-w64-clang-x86_64-OpenSceneGraph,build-depends-on,mingw-w64-clang-x86_64-cyrus-sasl,
clang64,mingw-w64-clang-x86_64-OpenSceneGraph,build-depends-on,mingw-w64-clang-x86_64-ninja,
clang64,mingw-w64-clang-x86_64-OpenSceneGraph,build-depends-on,mingw-w64-clang-x86_64-wxwidgets3.2-msw,
clang64,mingw-w64-clang-x86_64-SDL,build-depends-on,git,
clang64,mingw-w64-clang-x86_64-SDL,build-depends-on,mingw-w64-clang-x86_64-autotools,
clang64,mingw-w64-clang-x86_64-SDL,build-depends-on,mingw-w64-clang-x86_64-cc,
clang64,mingw-w64-clang-x86_64-SDL2,build-depends-on,mingw-w64-clang-x86_64-cc,
clang64,mingw-w64-clang-x86_64-SDL2,build-depends-on,mingw-w64-clang-x86_64-cmake,
clang64,mingw-w64-clang-x86_64-SDL2,build-depends-on,mingw-w64-clang-x86_64-ninja,
clang64,mingw-w64-clang-x86_64-SDL2,build-depends-on,mingw-w64-clang-x86_64-pkgconf,
clang64,mingw-w64-clang-x86_64-SDL2_gfx,build-depends-on,mingw-w64-clang-x86_64-autotools,
clang64,mingw-w64-clang-x86_64-SDL2_gfx,build-depends-on,mingw-w64-clang-x86_64-cc,
clang64,mingw-w64-clang-x86_64-SDL2_image,build-depends-on,mingw-w64-clang-x86_64-autotools,
clang64,mingw-w64-clang-x86_64-SDL2_image,build-depends-on,mingw-w64-clang-x86_64-cc,
clang64,mingw-w64-clang-x86_64-SDL2_mixer,build-depends-on,mingw-w64-clang-x86_64-autotools,
clang64,mingw-w64-clang-x86_64-SDL2_mixer,build-depends-on,mingw-w64-clang-x86_64-cc,
clang64,mingw-w64-clang-x86_64-SDL2_net,build-depends-on,mingw-w64-clang-x86_64-autotools,
clang64,mingw-w64-clang-x86_64-SDL2_net,build-depends-on,mingw-w64-clang-x86_64-cc,
clang64,mingw-w64-clang-x86_64-SDL2_pango,build-depends-on,mingw-w64-clang-x86_64-autotools,
clang64,mingw-w64-clang-x86_64-SDL2_pango,build-depends-on,mingw-w64-clang-x86_64-cc,
clang64,mingw-w64-clang-x86_64-SDL2_pango,build-depends-on,mingw-w64-clang-x86_64-gettext-tools,
clang64,mingw-w64-clang-x86_64-SDL2_pango,build-depends-on,mingw-w64-clang-x86_64-pkgconf,
clang64,mingw-w64-clang-x86_64-SDL2_sound,build-depends-on,mingw-w64-clang-x86_64-cc,
clang64,mingw-w64-clang-x86_64-SDL2_sound,build-depends-on,mingw-w64-clang-x86_64-cmake,
clang64,mingw-w64-clang-x86_64-SDL2_sound,build-depends-on,mingw-w64-clang-x86_64-ninja,
clang64,mingw-w64-clang-x86_64-SDL2_ttf,build-depends-on,mingw-w64-clang-x86_64-autotools,
clang64,mingw-w64-clang-x86_64-SDL2_ttf,build-depends-on,mingw-w64-clang-x86_64-cc,
clang64,mingw-w64-clang-x86_64-SDL2_ttf,build-depends-on,mingw-w64-clang-x86_64-cmake,
clang64,mingw-w64-clang-x86_64-SDL_gfx,build-depends-on,mingw-w64-clang-x86_64-autotools,
clang64,mingw-w64-clang-x86_64-SDL_gfx,build-depends-on,mingw-w64-clang-x86_64-cc,
clang64,mingw-w64-clang-x86_64-SDL_image,build-depends-on,mingw-w64-clang-x86_64-autotools,
clang64,mingw-w64-clang-x86_64-SDL_image,build-depends-on,mingw-w64-clang-x86_64-cc,
clang64,mingw-w64-clang-x86_64-SDL_mixer,build-depends-on,mingw-w64-clang-x86_64-autotools,
clang64,mingw-w64-clang-x86_64-SDL_mixer,build-depends-on,mingw-w64-clang-x86_64-cc,
clang64,mingw-w64-clang-x86_64-SDL_mixer,build-depends-on,mingw-w64-clang-x86_64-fluidsynth,
clang64,mingw-w64-clang-x86_64-SDL_mixer,build-depends-on,mingw-w64-clang-x86_64-openal,
clang64,mingw-w64-clang-x86_64-SDL_mixer,build-depends-on,mingw-w64-clang-x86_64-smpeg,
clang64,mingw-w64-clang-x86_64-SDL_net,build-depends-on,mingw-w64-clang-x86_64-autotools,
clang64,mingw-w64-clang-x86_64-SDL_net,build-depends-on,mingw-w64-clang-x86_64-cc,
clang64,mingw-w64-clang-x86_64-SDL_ttf,build-depends-on,mingw-w64-clang-x86_64-autotools,
clang64,mingw-w64-clang-x86_64-SDL_ttf,build-depends-on,mingw-w64-clang-x86_64-cc,
clang64,mingw-w64-clang-x86_64-a52dec,build-depends-on,mingw-w64-clang-x86_64-cc,
clang64,mingw-w64-clang-x86_64-aalib,build-depends-on,mingw-w64-clang-x86_64-cc,
clang64,mingw-w64-clang-x86_64-aas-sign,build-depends-on,mingw-w64-clang-x86_64-cc,
clang64,mingw-w64-clang-x86_64-abinit,build-depends-on,mingw-w64-clang-x86_64-cc,
clang64,mingw-w64-clang-x86_64-abinit,build-depends-on,mingw-w64-clang-x86_64-fc,
clang64,mingw-w64-clang-x86_64-abiword,build-depends-on,mingw-w64-clang-x86_64-cc,
clang64,mingw-w64-clang-x86_64-abseil-cpp,build-depends-on,mingw-w64-clang-x86_64-cc,
clang64,mingw-w64-clang-x86_64-accesskit-c,build-depends-on,mingw-w64-clang-x86_64-cc,
clang64,mingw-w64-clang-x86_64-ada-url,build-depends-on,mingw-w64-clang-x86_64-cc,
clang64,mingw-w64-clang-x86_64-adios2,build-depends-on,mingw-w64-clang-x86_64-cc,
clang64,mingw-w64-clang-x86_64-adios2,build-depends-on,mingw-w64-clang-x86_64-fc,
clang64,mingw-w64-clang-x86_64-adol-c,build-depends-on,mingw-w64-clang-x86_64-cc,
clang64,mingw-w64-clang-x86_64-advancecomp,build-depends-on,mingw-w64-clang-x86_64-cc,
clang64,mingw-w64-clang-x86_64-aegisub,build-depends-on,mingw-w64-clang-x86_64-cc,
clang64,mingw-w64-clang-x86_64-ag,build-depends-on,mingw-w64-clang-x86_64-cc,
clang64,mingw-w64-clang-x86_64-age-plugin-yubikey,build-depends-on,mingw-w64-clang-x86_64-cc,
clang64,mingw-w64-clang-x86_64-akira,build-depends-on,mingw-w64-clang-x86_64-cc,
clang64,mingw-w64-clang-x86_64-alembic,build-depends-on,mingw-w64-clang-x86_64-cc,
clang64,mingw-w64-clang-x86_64-allegro,build-depends-on,mingw-w64-clang-x86_64-cc,
clang64,mingw-w64-clang-x86_64-alure,build-depends-on,mingw-w64-clang-x86_64-cc,
clang64,mingw-w64-clang-x86_64-amgcl,build-depends-on,mingw-w64-clang-x86_64-cc,
clang64,mingw-w64-clang-x86_64-amqp-cpp,build-depends-on,mingw-w64-clang-x86_64-cc,
clang64,mingw-w64-clang-x86_64-anari-sdk,build-depends-on,mingw-w64-clang-x86_64-cc,
clang64,mingw-w64-clang-x86_64-android-tools,build-depends-on,mingw-w64-clang-x86_64-cc,
clang64,mingw-w64-clang-x86_64-angleproject,build-depends-on,mingw-w64-clang-x86_64-cc,
clang64,mingw-w64-clang-x86_64-ansifilter,build-depends-on,mingw-w64-clang-x86_64-cc,
clang64,mingw-w64-clang-x86_64-antiword,build-depends-on,mingw-w64-clang-x86_64-cc,
clang64,mingw-w64-clang-x86_64-antlr3,build-depends-on,mingw-w64-clang-x86_64-cc,
clang64,mingw-w64-clang-x86_64-antlr4-runtime-cpp,build-depends-on,mingw-w64-clang-x86_64-cc,
clang64,mingw-w64-clang-x86_64-aom,build-depends-on,mingw-w64-clang-x86_64-cc,
clang64,mingw-w64-clang-x86_64-appstream,build-depends-on,mingw-w64-clang-x86_64-cc,
clang64,mingw-w64-clang-x86_64-appstream-glib,build-depends-on,mingw-w64-clang-x86_64-cc,
clang64,mingw-w64-clang-x86_64-apr,build-depends-on,mingw-w64-clang-x86_64-cc,
clang64,mingw-w64-clang-x86_64-apr-util,build-depends-on,mingw-w64-clang-x86_64-cc,
clang64,mingw-w64-clang-x86_64-aravis,build-depends-on,mingw-w64-clang-x86_64-cc,
clang64,mingw-w64-clang-x86_64-aravis-gst,build-depends-on,mingw-w64-clang-x86_64-cc,
clang64,mingw-w64-clang-x86_64-argon2,build-depends-on,mingw-w64-clang-x86_64-cc,
clang64,mingw-w64-clang-x86_64-args,build-depends-on,mingw-w64-clang-x86_64-cc,
clang64,mingw-w64-clang-x86_64-argtable,build-depends-on,mingw-w64-clang-x86_64-cc,
clang64,mingw-w64-clang-x86_64-aria2,build-depends-on,mingw-w64-clang-x86_64-cc,
clang64,mingw-w64-clang-x86_64-aribb24,build-depends-on,mingw-w64-clang-x86_64-cc,
clang64,mingw-w64-clang-x86_64-ark,build-depends-on,mingw-w64-clang-x86_64-cc,
clang64,mingw-w64-clang-x86_64-arm-none-eabi-binutils,build-depends-on,mingw-w64-clang-x86_64-cc,
clang64,mingw-w64-clang-x86_64-arm-none-eabi-gcc,build-depends-on,mingw-w64-clang-x86_64-cc,
clang64,mingw-w64-clang-x86_64-arm-none-eabi-newlib,build-depends-on,mingw-w64-clang-x86_64-cc,
clang64,mingw-w64-clang-x86_64-armadillo,build-depends-on,mingw-w64-clang-x86_64-cc,
clang64,mingw-w64-clang-x86_64-arpack,build-depends-on,mingw-w64-clang-x86_64-fc,
clang64,mingw-w64-clang-x86_64-arpack64,build-depends-on,mingw-w64-clang-x86_64-fc,
clang64,mingw-w64-clang-x86_64-arrow,build-depends-on,mingw-w64-clang-x86_64-cc,
clang64,mingw-w64-clang-x86_64-arrow-adbc,build-depends-on,mingw-w64-clang-x86_64-cc,
clang64,mingw-w64-clang-x86_64-arrow-adbc-driver-bigquery,build-depends-on,mingw-w64-clang-x86_64-cc,
clang64,mingw-w64-clang-x86_64-arrow-adbc-driver-flightsql,build-depends-on,mingw-w64-clang-x86_64-cc,
clang64,mingw-w64-clang-x86_64-arrow-adbc-driver-postgresql,build-depends-on,mingw-w64-clang-x86_64-cc,
clang64,mingw-w64-clang-x86_64-arrow-adbc-driver-snowflake,build-depends-on,mingw-w64-clang-x86_64-cc,
clang64,mingw-w64-clang-x86_64-arrow-adbc-driver-sqlite,build-depends-on,mingw-w64-clang-x86_64-cc,
clang64,mingw-w64-clang-x86_64-arrow-adbc-glib,build-depends-on,mingw-w64-clang-x86_64-cc,
clang64,mingw-w64-clang-x86_64-asciidoc,build-depends-on,mingw-w64-clang-x86_64-cc,
clang64,mingw-w64-clang-x86_64-asciidoctor,build-depends-on,mingw-w64-clang-x86_64-cc,
clang64,mingw-w64-clang-x86_64-asio,build-depends-on,mingw-w64-clang-x86_64-cc,
clang64,mingw-w64-clang-x86_64-asmjit,build-depends-on,mingw-w64-clang-x86_64-cc,
clang64,mingw-w64-clang-x86_64-aspell,build-depends-on,mingw-w64-clang-x86_64-cc,
clang64,mingw-w64-clang-x86_64-assimp,build-depends-on,mingw-w64-clang-x86_64-cc,
clang64,mingw-w64-clang-x86_64-astyle,build-depends-on,mingw-w64-clang-x86_64-cc,
clang64,mingw-w64-clang-x86_64-atk,build-depends-on,mingw-w64-clang-x86_64-cc,
clang64,mingw-w64-clang-x86_64-atkmm,build-depends-on,mingw-w64-clang-x86_64-cc,
clang64,mingw-w64-clang-x86_64-atkmm-2.36,build-depends-on,mingw-w64-clang-x86_64-cc,
clang64,mingw-w64-clang-x86_64-attica,build-depends-on,mingw-w64-clang-x86_64-cc,
clang64,mingw-w64-clang-x86_64-aubio,build-depends-on,mingw-w64-clang-x86_64-cc,
clang64,mingw-w64-clang-x86_64-audaspace,build-depends-on,mingw-w64-clang-x86_64-cc,
clang64,mingw-w64-clang-x86_64-autohotkey,build-depends-on,mingw-w64-clang-x86_64-cc,
clang64,mingw-w64-clang-x86_64-avogadroapp,build-depends-on,mingw-w64-clang-x86_64-cc,
clang64,mingw-w64-clang-x86_64-avogadrolibs,build-depends-on,mingw-w64-clang-x86_64-cc,
clang64,mingw-w64-clang-x86_64-avogadrolibs-qt,build-depends-on,mingw-w64-clang-x86_64-cc,
clang64,mingw-w64-clang-x86_64-avr-binutils,build-depends-on,mingw-w64-clang-x86_64-cc,
clang64,mingw-w64-clang-x86_64-avr-gcc,build-depends-on,mingw-w64-clang-x86_64-cc,
clang64,mingw-w64-clang-x86_64-avrdude,build-depends-on,mingw-w64-clang-x86_64-cc,
clang64,mingw-w64-clang-x86_64-awf-gtk3,build-depends-on,mingw-w64-clang-x86_64-cc,
clang64,mingw-w64-clang-x86_64-awf-gtk4,build-depends-on,mingw-w64-clang-x86_64-cc,
clang64,mingw-w64-clang-x86_64-awf-qt5,build-depends-on,mingw-w64-clang-x86_64-cc,
clang64,mingw-w64-clang-x86_64-awf-qt6,build-depends-on,mingw-w64-clang-x86_64-cc,
clang64,mingw-w64-clang-x86_64-aws-c-auth,build-depends-on,mingw-w64-clang-x86_64-cc,
clang64,mingw-w64-clang-x86_64-aws-c-cal,build-depends-on,mingw-w64-clang-x86_64-cc,
clang64,mingw-w64-clang-x86_64-aws-c-common,build-depends-on,mingw-w64-clang-x86_64-cc,
clang64,mingw-w64-clang-x86_64-aws-c-compression,build-depends-on,mingw-w64-clang-x86_64-cc,
clang64,mingw-w64-clang-x86_64-aws-c-event-stream,build-depends-on,mingw-w64-clang-x86_64-cc,
clang64,mingw-w64-clang-x86_64-aws-c-http,build-depends-on,mingw-w64-clang-x86_64-cc,
clang64,mingw-w64-clang-x86_64-aws-c-io,build-depends-on,mingw-w64-clang-x86_64-cc,
clang64,mingw-w64-clang-x86_64-aws-c-mqtt,build-depends-on,mingw-w64-clang-x86_64-cc,
clang64,mingw-w64-clang-x86_64-aws-c-s3,build-depends-on,mingw-w64-clang-x86_64-cc,
clang64,mingw-w64-clang-x86_64-aws-c-sdkutils,build-depends-on,mingw-w64-clang-x86_64-cc,
clang64,mingw-w64-clang-x86_64-aws-checksums,build-depends-on,mingw-w64-clang-x86_64-cc,
clang64,mingw-w64-clang-x86_64-aws-crt-cpp,build-depends-on,mingw-w64-clang-x86_64-cc,
clang64,mingw-w64-clang-x86_64-aws-sdk-cpp,build-depends-on,mingw-w64-clang-x86_64-cc,
clang64,mingw-w64-clang-x86_64-aztecgen,build-depends-on,mingw-w64-clang-x86_64-cc,
clang64,mingw-w64-clang-x86_64-b3sum,build-depends-on,mingw-w64-clang-x86_64-cc,
clang64,mingw-w64-clang-x86_64-babl,build-depends-on,mingw-w64-clang-x86_64-cc,
clang64,mingw-w64-clang-x86_64-badvpn,build-depends-on,mingw-w64-clang-x86_64-cc,
clang64,mingw-w64-clang-x86_64-baobab,build-depends-on,mingw-w64-clang-x86_64-cc,
clang64,mingw-w64-clang-x86_64-bc,build-depends-on,mingw-w64-clang-x86_64-cc,
clang64,mingw-w64-clang-x86_64-bcftools,build-depends-on,mingw-w64-clang-x86_64-cc,
clang64,mingw-w64-clang-x86_64-bcg729,build-depends-on,mingw-w64-clang-x86_64-cc,
clang64,mingw-w64-clang-x86_64-bcunit,build-depends-on,mingw-w64-clang-x86_64-cc,
clang64,mingw-w64-clang-x86_64-benchmark,build-depends-on,mingw-w64-clang-x86_64-cc,
clang64,mingw-w64-clang-x86_64-bin2header,build-depends-on,mingw-w64-clang-x86_64-cc,
clang64,mingw-w64-clang-x86_64-binaryen,build-depends-on,mingw-w64-clang-x86_64-cc,
clang64,mingw-w64-clang-x86_64-bitwise,build-depends-on,mingw-w64-clang-x86_64-binutils,
clang64,mingw-w64-clang-x86_64-bitwise,build-depends-on,mingw-w64-clang-x86_64-cc,
clang64,mingw-w64-clang-x86_64-blas,build-depends-on,mingw-w64-clang-x86_64-cc,
clang64,mingw-w64-clang-x86_64-blas,build-depends-on,mingw-w64-clang-x86_64-fc,
clang64,mingw-w64-clang-x86_64-blas64,build-depends-on,mingw-w64-clang-x86_64-cc,
clang64,mingw-w64-clang-x86_64-blas64,build-depends-on,mingw-w64-clang-x86_64-fc,
clang64,mingw-w64-clang-x86_64-blender,build-depends-on,mingw-w64-clang-x86_64-cc,
clang64,mingw-w64-clang-x86_64-blis,build-depends-on,mingw-w64-clang-x86_64-cc,
clang64,mingw-w64-clang-x86_64-blis,build-depends-on,mingw-w64-clang-x86_64-fc,
clang64,mingw-w64-clang-x86_64-bliss,build-depends-on,mingw-w64-clang-x86_64-cc,
clang64,mingw-w64-clang-x86_64-blosc,build-depends-on,mingw-w64-clang-x86_64-cc,
clang64,mingw-w64-clang-x86_64-blosc2,build-depends-on,mingw-w64-clang-x86_64-cc,
clang64,mingw-w64-clang-x86_64-boost,build-depends-on,mingw-w64-clang-x86_64-cc,
clang64,mingw-w64-clang-x86_64-boost-libs,build-depends-on,mingw-w64-clang-x86_64-cc,
clang64,mingw-w64-clang-x86_64-bootloadhid,build-depends-on,mingw-w64-clang-x86_64-cc,
clang64,mingw-w64-clang-x86_64-box2d,build-depends-on,mingw-w64-clang-x86_64-cc,
clang64,mingw-w64-clang-x86_64-bpmdetect,build-depends-on,mingw-w64-clang-x86_64-cc,
clang64,mingw-w64-clang-x86_64-breakpad,build-depends-on,mingw-w64-clang-x86_64-cc,
clang64,mingw-w64-clang-x86_64-breeze,build-depends-on,mingw-w64-clang-x86_64-cc,
clang64,mingw-w64-clang-x86_64-breeze-icons,build-depends-on,mingw-w64-clang-x86_64-cc,
clang64,mingw-w64-clang-x86_64-brotli,build-depends-on,mingw-w64-clang-x86_64-cc,
clang64,mingw-w64-clang-x86_64-brotli-testdata,build-depends-on,mingw-w64-clang-x86_64-cc,
clang64,mingw-w64-clang-x86_64-bsdfprocessor,build-depends-on,mingw-w64-clang-x86_64-cc,
clang64,mingw-w64-clang-x86_64-btyacc,build-depends-on,mingw-w64-clang-x86_64-cc,
clang64,mingw-w64-clang-x86_64-bullet,build-depends-on,mingw-w64-clang-x86_64-cc,
clang64,mingw-w64-clang-x86_64-bullet-dp,build-depends-on,mingw-w64-clang-x86_64-cc,
clang64,mingw-w64-clang-x86_64-bzip2,build-depends-on,mingw-w64-clang-x86_64-cc,
clang64,mingw-w64-clang-x86_64-bzip3,build-depends-on,mingw-w64-clang-x86_64-cc,
clang64,mingw-w64-clang-x86_64-c-ares,build-depends-on,mingw-w64-clang-x86_64-cc,
clang64,mingw-w64-clang-x86_64-c4core,build-depends-on,mingw-w64-clang-x86_64-cc,
clang64,mingw-w64-clang-x86_64-cabextract,build-depends-on,mingw-w64-clang-x86_64-cc,
clang64,mingw-w64-clang-x86_64-cairo,build-depends-on,mingw-w64-clang-x86_64-cc,
clang64,mingw-w64-clang-x86_64-cairomm,build-depends-on,mingw-w64-clang-x86_64-cc,
clang64,mingw-w64-clang-x86_64-cairomm-1.16,build-depends-on,mingw-w64-clang-x86_64-cc,
clang64,mingw-w64-clang-x86_64-calceph,build-depends-on,mingw-w64-clang-x86_64-cc,
clang64,mingw-w64-clang-x86_64-calceph,build-depends-on,mingw-w64-clang-x86_64-fc,
clang64,mingw-w64-clang-x86_64-calcmysky,build-depends-on,mingw-w64-clang-x86_64-cc,
clang64,mingw-w64-clang-x86_64-calculix-ccx,build-depends-on,mingw-w64-clang-x86_64-fc,
clang64,mingw-w64-clang-x86_64-cantarell-fonts,build-depends-on,mingw-w64-clang-x86_64-cc,
clang64,mingw-w64-clang-x86_64-capnproto,build-depends-on,mingw-w64-clang-x86_64-cc,
clang64,mingw-w64-clang-x86_64-capstone,build-depends-on,mingw-w64-clang-x86_64-cc,
clang64,mingw-w64-clang-x86_64-cargo-msrv,build-depends-on,mingw-w64-clang-x86_64-cc,
clang64,mingw-w64-clang-x86_64-cas-offinder,build-depends-on,mingw-w64-clang-x86_64-cc,
clang64,mingw-w64-clang-x86_64-castxml,build-depends-on,mingw-w64-clang-x86_64-cc,
clang64,mingw-w64-clang-x86_64-catch,build-depends-on,mingw-w64-clang-x86_64-cc,
clang64,mingw-w64-clang-x86_64-cava,build-depends-on,mingw-w64-clang-x86_64-cc,
clang64,mingw-w64-clang-x86_64-cblas,build-depends-on,mingw-w64-clang-x86_64-cc,
clang64,mingw-w64-clang-x86_64-cblas,build-depends-on,mingw-w64-clang-x86_64-fc,
clang64,mingw-w64-clang-x86_64-cblas64,build-depends-on,mingw-w64-clang-x86_64-cc,
clang64,mingw-w64-clang-x86_64-cblas64,build-depends-on,mingw-w64-clang-x86_64-fc,
clang64,mingw-w64-clang-x86_64-ccache,build-depends-on,mingw-w64-clang-x86_64-cc,
clang64,mingw-w64-clang-x86_64-ccmake,build-depends-on,mingw-w64-clang-x86_64-cc,
clang64,mingw-w64-clang-x86_64-cddlib,build-depends-on,mingw-w64-clang-x86_64-cc,
clang64,mingw-w64-clang-x86_64-cego,build-depends-on,mingw-w64-clang-x86_64-cc,
clang64,mingw-w64-clang-x86_64-cereal,build-depends-on,mingw-w64-clang-x86_64-cc,
clang64,mingw-w64-clang-x86_64-ceres-solver,build-depends-on,mingw-w64-clang-x86_64-cc,
clang64,mingw-w64-clang-x86_64-cfitsio,build-depends-on,mingw-w64-clang-x86_64-cc,
clang64,mingw-w64-clang-x86_64-cgal,build-depends-on,mingw-w64-clang-x86_64-cc,
clang64,mingw-w64-clang-x86_64-cglm,build-depends-on,mingw-w64-clang-x86_64-cc,
clang64,mingw-w64-clang-x86_64-cglm-docs,build-depends-on,mingw-w64-clang-x86_64-cc,
clang64,mingw-w64-clang-x86_64-cgns,build-depends-on,mingw-w64-clang-x86_64-cc,
clang64,mingw-w64-clang-x86_64-cgns,build-depends-on,mingw-w64-clang-x86_64-fc,
clang64,mingw-w64-clang-x86_64-chafa,build-depends-on,mingw-w64-clang-x86_64-cc,
clang64,mingw-w64-clang-x86_64-charls,build-depends-on,mingw-w64-clang-x86_64-cc,
clang64,mingw-w64-clang-x86_64-check,build-depends-on,mingw-w64-clang-x86_64-cc,
clang64,mingw-w64-clang-x86_64-chicken,build-depends-on,mingw-w64-clang-x86_64-cc,
clang64,mingw-w64-clang-x86_64-chipmunk,build-depends-on,mingw-w64-clang-x86_64-cc,
clang64,mingw-w64-clang-x86_64-chmlib,build-depends-on,mingw-w64-clang-x86_64-cc,
clang64,mingw-w64-clang-x86_64-chromaprint,build-depends-on,mingw-w64-clang-x86_64-cc,
clang64,mingw-w64-clang-x86_64-chrono-date,build-depends-on,mingw-w64-clang-x86_64-cc,
clang64,mingw-w64-clang-x86_64-civetweb,build-depends-on,mingw-w64-clang-x86_64-cc,
clang64,mingw-w64-clang-x86_64-cjose,build-depends-on,mingw-w64-clang-x86_64-cc,
clang64,mingw-w64-clang-x86_64-cjson,build-depends-on,mingw-w64-clang-x86_64-cc,
clang64,mingw-w64-clang-x86_64-clang-21,build-depends-on,mingw-w64-clang-x86_64-cc,
clang64,mingw-w64-clang-x86_64-clazy,build-depends-on,mingw-w64-clang-x86_64-cc,
clang64,mingw-w64-clang-x86_64-clblast,build-depends-on,mingw-w64-clang-x86_64-cc,
clang64,mingw-w64-clang-x86_64-cli11,build-depends-on,mingw-w64-clang-x86_64-cc,
clang64,mingw-w64-clang-x86_64-clip,build-depends-on,mingw-w64-clang-x86_64-cc,
clang64,mingw-w64-clang-x86_64-clipper2,build-depends-on,mingw-w64-clang-x86_64-cc,
clang64,mingw-w64-clang-x86_64-cliquer,build-depends-on,mingw-w64-clang-x86_64-cc,
clang64,mingw-w64-clang-x86_64-clucene,build-depends-on,mingw-w64-clang-x86_64-cc,
clang64,mingw-w64-clang-x86_64-clustal-omega,build-depends-on,mingw-w64-clang-x86_64-cc,
clang64,mingw-w64-clang-x86_64-cmake,build-depends-on,mingw-w64-clang-x86_64-cc,
clang64,mingw-w64-clang-x86_64-cmake-bootstrap,build-depends-on,mingw-w64-clang-x86_64-cc,
clang64,mingw-w64-clang-x86_64-cmake-cmcldeps,build-depends-on,mingw-w64-clang-x86_64-cc,
clang64,mingw-w64-clang-x86_64-cmake-docs,build-depends-on,mingw-w64-clang-x86_64-cc,
clang64,mingw-w64-clang-x86_64-cmake-gui,build-depends-on,mingw-w64-clang-x86_64-cc,
clang64,mingw-w64-clang-x86_64-cmakerc,build-depends-on,mingw-w64-clang-x86_64-cc,
clang64,mingw-w64-clang-x86_64-cmark,build-depends-on,mingw-w64-clang-x86_64-cc,
clang64,mingw-w64-clang-x86_64-cmdpack,build-depends-on,mingw-w64-clang-x86_64-cc,
clang64,mingw-w64-clang-x86_64-cmocka,build-depends-on,mingw-w64-clang-x86_64-cc,
clang64,mingw-w64-clang-x86_64-cmr,build-depends-on,mingw-w64-clang-x86_64-cc,
clang64,mingw-w64-clang-x86_64-cninja,build-depends-on,mingw-w64-clang-x86_64-cc,
clang64,mingw-w64-clang-x86_64-codeblocks,build-depends-on,mingw-w64-clang-x86_64-cc,
clang64,mingw-w64-clang-x86_64-codeblocks-fortranproject,build-depends-on,mingw-w64-clang-x86_64-cc,
clang64,mingw-w64-clang-x86_64-codec2,build-depends-on,mingw-w64-clang-x86_64-cc,
clang64,mingw-w64-clang-x86_64-codelite,build-depends-on,mingw-w64-clang-x86_64-cc,
clang64,mingw-w64-clang-x86_64-coin,build-depends-on,mingw-w64-clang-x86_64-cc,
clang64,mingw-w64-clang-x86_64-coin-docs,build-depends-on,mingw-w64-clang-x86_64-cc,
clang64,mingw-w64-clang-x86_64-coin-or-asl,build-depends-on,mingw-w64-clang-x86_64-cc,
clang64,mingw-w64-clang-x86_64-coin-or-cbc,build-depends-on,mingw-w64-clang-x86_64-cc,
clang64,mingw-w64-clang-x86_64-coin-or-cgl,build-depends-on,mingw-w64-clang-x86_64-cc,
clang64,mingw-w64-clang-x86_64-coin-or-clp,build-depends-on,mingw-w64-clang-x86_64-cc,
clang64,mingw-w64-clang-x86_64-coin-or-coinutils,build-depends-on,mingw-w64-clang-x86_64-cc,
clang64,mingw-w64-clang-x86_64-coin-or-coinutils,build-depends-on,mingw-w64-clang-x86_64-fc,
clang64,mingw-w64-clang-x86_64-coin-or-mp,build-depends-on,mingw-w64-clang-x86_64-cc,
clang64,mingw-w64-clang-x86_64-coin-or-osi,build-depends-on,mingw-w64-clang-x86_64-cc,
clang64,mingw-w64-clang-x86_64-collada-dom,build-depends-on,mingw-w64-clang-x86_64-cc,
clang64,mingw-w64-clang-x86_64-compiler-rt-21,build-depends-on,mingw-w64-clang-x86_64-cc,
clang64,mingw-w64-clang-x86_64-concurrentqueue,build-depends-on,mingw-w64-clang-x86_64-cc,
clang64,mingw-w64-clang-x86_64-confuse,build-depends-on,mingw-w64-clang-x86_64-cc,
clang64,mingw-w64-clang-x86_64-connect,build-depends-on,mingw-w64-clang-x86_64-cc,
clang64,mingw-w64-clang-x86_64-coordgen,build-depends-on,mingw-w64-clang-x86_64-cc,
clang64,mingw-w64-clang-x86_64-corrade,build-depends-on,mingw-w64-clang-x86_64-cc,
clang64,mingw-w64-clang-x86_64-cppcheck,build-depends-on,mingw-w64-clang-x86_64-cc,
clang64,mingw-w64-clang-x86_64-cppdap,build-depends-on,mingw-w64-clang-x86_64-cc,
clang64,mingw-w64-clang-x86_64-cpptest,build-depends-on,mingw-w64-clang-x86_64-cc,
clang64,mingw-w64-clang-x86_64-cppunit,build-depends-on,mingw-w64-clang-x86_64-cc,
clang64,mingw-w64-clang-x86_64-cpputest,build-depends-on,mingw-w64-clang-x86_64-cc,
clang64,mingw-w64-clang-x86_64-cppwinrt,build-depends-on,mingw-w64-clang-x86_64-cc,
clang64,mingw-w64-clang-x86_64-cppzmq,build-depends-on,mingw-w64-clang-x86_64-cc,
clang64,mingw-w64-clang-x86_64-cpr,build-depends-on,mingw-w64-clang-x86_64-cc,
clang64,mingw-w64-clang-x86_64-creduce,build-depends-on,mingw-w64-clang-x86_64-cc,
clang64,mingw-w64-clang-x86_64-croc,build-depends-on,mingw-w64-clang-x86_64-cc,
clang64,mingw-w64-clang-x86_64-crt,build-depends-on,mingw-w64-clang-x86_64-cc,
clang64,mingw-w64-clang-x86_64-crypto++,build-depends-on,mingw-w64-clang-x86_64-cc,
clang64,mingw-w64-clang-x86_64-csfml,build-depends-on,mingw-w64-clang-x86_64-cc,
clang64,mingw-w64-clang-x86_64-csfml-docs,build-depends-on,mingw-w64-clang-x86_64-cc,
clang64,mingw-w64-clang-x86_64-ctags,build-depends-on,mingw-w64-clang-x86_64-cc,
clang64,mingw-w64-clang-x86_64-ctpl,build-depends-on,mingw-w64-clang-x86_64-cc,
clang64,mingw-w64-clang-x86_64-cubature,build-depends-on,mingw-w64-clang-x86_64-cc,
clang64,mingw-w64-clang-x86_64-cubelib,build-depends-on,mingw-w64-clang-x86_64-cc,
clang64,mingw-w64-clang-x86_64-cubelib,build-depends-on,mingw-w64-clang-x86_64-fc,
clang64,mingw-w64-clang-x86_64-cubew,build-depends-on,mingw-w64-clang-x86_64-cc,
clang64,mingw-w64-clang-x86_64-cubew,build-depends-on,mingw-w64-clang-x86_64-fc,
clang64,mingw-w64-clang-x86_64-cunit,build-depends-on,mingw-w64-clang-x86_64-cc,
clang64,mingw-w64-clang-x86_64-curl,build-depends-on,mingw-w64-clang-x86_64-cc,
clang64,mingw-w64-clang-x86_64-curl-gnutls,build-depends-on,mingw-w64-clang-x86_64-cc,
clang64,mingw-w64-clang-x86_64-curl-winssl,build-depends-on,mingw-w64-clang-x86_64-cc,
clang64,mingw-w64-clang-x86_64-cvise,build-depends-on,mingw-w64-clang-x86_64-cc,
clang64,mingw-w64-clang-x86_64-cxxopts,build-depends-on,mingw-w64-clang-x86_64-cc,
clang64,mingw-w64-clang-x86_64-cyrus-sasl,build-depends-on,mingw-w64-clang-x86_64-cc,
clang64,mingw-w64-clang-x86_64-cython,build-depends-on,mingw-w64-clang-x86_64-cc,
clang64,mingw-w64-clang-x86_64-daala,build-depends-on,mingw-w64-clang-x86_64-cc,
clang64,mingw-w64-clang-x86_64-darktable,build-depends-on,mingw-w64-clang-x86_64-cc,
clang64,mingw-w64-clang-x86_64-dav1d,build-depends-on,mingw-w64-clang-x86_64-cc,
clang64,mingw-w64-clang-x86_64-dav2d,build-depends-on,mingw-w64-clang-x86_64-cc,
clang64,mingw-w64-clang-x86_64-db,build-depends-on,mingw-w64-clang-x86_64-cc,
clang64,mingw-w64-clang-x86_64-db-docs,build-depends-on,mingw-w64-clang-x86_64-cc,
clang64,mingw-w64-clang-x86_64-dbc_parser_cpp,build-depends-on,mingw-w64-clang-x86_64-cc,
clang64,mingw-w64-clang-x86_64-dbus,build-depends-on,mingw-w64-clang-x86_64-cc,
clang64,mingw-w64-clang-x86_64-dbus-c++,build-depends-on,mingw-w64-clang-x86_64-cc,
clang64,mingw-w64-clang-x86_64-dbus-doc,build-depends-on,mingw-w64-clang-x86_64-cc,
clang64,mingw-w64-clang-x86_64-dbus-doc,build-depends-on,mingw-w64-clang-x86_64-cmake,
clang64,mingw-w64-clang-x86_64-dbus-doc,build-depends-on,mingw-w64-clang-x86_64-doxygen,
clang64,mingw-w64-clang-x86_64-dbus-doc,build-depends-on,mingw-w64-clang-x86_64-expat,
clang64,mingw-w64-clang-x86_64-dbus-doc,build-depends-on,mingw-w64-clang-x86_64-glib2,
clang64,mingw-w64-clang-x86_64-dbus-doc,build-depends-on,mingw-w64-clang-x86_64-ninja,
clang64,mingw-w64-clang-x86_64-dbus-doc,build-depends-on,mingw-w64-clang-x86_64-pkgconf,
clang64,mingw-w64-clang-x86_64-dbus-glib,build-depends-on,mingw-w64-clang-x86_64-cc,
clang64,mingw-w64-clang-x86_64-dcadec,build-depends-on,mingw-w64-clang-x86_64-cc,
clang64,mingw-w64-clang-x86_64-dcmtk,build-depends-on,mingw-w64-clang-x86_64-cc,
clang64,mingw-w64-clang-x86_64-dcraw,build-depends-on,mingw-w64-clang-x86_64-cc,
clang64,mingw-w64-clang-x86_64-desktop-file-utils,build-depends-on,mingw-w64-clang-x86_64-cc,
clang64,mingw-w64-clang-x86_64-devcon,build-depends-on,mingw-w64-clang-x86_64-cc,
clang64,mingw-w64-clang-x86_64-devil,build-depends-on,mingw-w64-clang-x86_64-cc,
clang64,mingw-w64-clang-x86_64-dftd4,build-depends-on,mingw-w64-clang-x86_64-cc,
clang64,mingw-w64-clang-x86_64-dftd4,build-depends-on,mingw-w64-clang-x86_64-fc,
clang64,mingw-w64-clang-x86_64-dfu-programmer,build-depends-on,mingw-w64-clang-x86_64-cc,
clang64,mingw-w64-clang-x86_64-dfu-util,build-depends-on,mingw-w64-clang-x86_64-cc,
clang64,mingw-w64-clang-x86_64-dht,build-depends-on,mingw-w64-clang-x86_64-cc,
clang64,mingw-w64-clang-x86_64-dia,build-depends-on,mingw-w64-clang-x86_64-cc,
clang64,mingw-w64-clang-x86_64-diffutils,build-depends-on,mingw-w64-clang-x86_64-cc,
clang64,mingw-w64-clang-x86_64-directx-headers,build-depends-on,mingw-w64-clang-x86_64-cc,
clang64,mingw-w64-clang-x86_64-directxmath,build-depends-on,mingw-w64-clang-x86_64-cc,
clang64,mingw-w64-clang-x86_64-directxmesh,build-depends-on,mingw-w64-clang-x86_64-cc,
clang64,mingw-w64-clang-x86_64-directxtex,build-depends-on,mingw-w64-clang-x86_64-cc,
clang64,mingw-w64-clang-x86_64-directxtk,build-depends-on,mingw-w64-clang-x86_64-cc,
clang64,mingw-w64-clang-x86_64-discount,build-depends-on,mingw-w64-clang-x86_64-cc,
clang64,mingw-w64-clang-x86_64-distorm,build-depends-on,mingw-w64-clang-x86_64-cc,
clang64,mingw-w64-clang-x86_64-djview,build-depends-on,mingw-w64-clang-x86_64-cc,
clang64,mingw-w64-clang-x86_64-djvulibre,build-depends-on,mingw-w64-clang-x86_64-cc,
clang64,mingw-w64-clang-x86_64-dlfcn,build-depends-on,mingw-w64-clang-x86_64-cc,
clang64,mingw-w64-clang-x86_64-dlib,build-depends-on,mingw-w64-clang-x86_64-cc,
clang64,mingw-w64-clang-x86_64-dnscrypt-proxy,build-depends-on,mingw-w64-clang-x86_64-cc,
clang64,mingw-w64-clang-x86_64-dnslookup,build-depends-on,mingw-w64-clang-x86_64-cc,
clang64,mingw-w64-clang-x86_64-doctest,build-depends-on,mingw-w64-clang-x86_64-cc,
clang64,mingw-w64-clang-x86_64-dosbox-staging,build-depends-on,mingw-w64-clang-x86_64-cc,
clang64,mingw-w64-clang-x86_64-double-conversion,build-depends-on,mingw-w64-clang-x86_64-cc,
clang64,mingw-w64-clang-x86_64-doxygen,build-depends-on,mingw-w64-clang-x86_64-cc,
clang64,mingw-w64-clang-x86_64-draco,build-depends-on,mingw-w64-clang-x86_64-cc,
clang64,mingw-w64-clang-x86_64-dragon,build-depends-on,mingw-w64-clang-x86_64-cc,
clang64,mingw-w64-clang-x86_64-dragonbox,build-depends-on,mingw-w64-clang-x86_64-cc,
clang64,mingw-w64-clang-x86_64-drmingw,build-depends-on,mingw-w64-clang-x86_64-cc,
clang64,mingw-w64-clang-x86_64-dsdp,build-depends-on,mingw-w64-clang-x86_64-cc,
clang64,mingw-w64-clang-x86_64-dtc,build-depends-on,mingw-w64-clang-x86_64-cc,
clang64,mingw-w64-clang-x86_64-ducible,build-depends-on,mingw-w64-clang-x86_64-cc,
clang64,mingw-w64-clang-x86_64-ducible,build-depends-on,mingw-w64-clang-x86_64-python3,
clang64,mingw-w64-clang-x86_64-duckdb,build-depends-on,mingw-w64-clang-x86_64-cc,
clang64,mingw-w64-clang-x86_64-duktape,build-depends-on,mingw-w64-clang-x86_64-cc,
clang64,mingw-w64-clang-x86_64-dumb,build-depends-on,mingw-w64-clang-x86_64-cc,
clang64,mingw-w64-clang-x86_64-dwarfstack,build-depends-on,mingw-w64-clang-x86_64-cc,
clang64,mingw-w64-clang-x86_64-dxvk,build-depends-on,mingw-w64-clang-x86_64-cc,
clang64,mingw-w64-clang-x86_64-ebook-tools,build-depends-on,mingw-w64-clang-x86_64-cc,
clang64,mingw-w64-clang-x86_64-eccodes,build-depends-on,mingw-w64-clang-x86_64-cc,
clang64,mingw-w64-clang-x86_64-eccodes,build-depends-on,mingw-w64-clang-x86_64-fc,
clang64,mingw-w64-clang-x86_64-ecpprog,build-depends-on,mingw-w64-clang-x86_64-cc,
clang64,mingw-w64-clang-x86_64-editorconfig-core-c,build-depends-on,mingw-w64-clang-x86_64-cc,
clang64,mingw-w64-clang-x86_64-editrights,build-depends-on,mingw-w64-clang-x86_64-cc,
clang64,mingw-w64-clang-x86_64-edyn,build-depends-on,mingw-w64-clang-x86_64-cc,
clang64,mingw-w64-clang-x86_64-efl,build-depends-on,mingw-w64-clang-x86_64-cc,
clang64,mingw-w64-clang-x86_64-efxc2,build-depends-on,mingw-w64-clang-x86_64-cc,
clang64,mingw-w64-clang-x86_64-eigen3,build-depends-on,mingw-w64-clang-x86_64-cc,
clang64,mingw-w64-clang-x86_64-eigen3,build-depends-on,mingw-w64-clang-x86_64-fc,
clang64,mingw-w64-clang-x86_64-elisa,build-depends-on,mingw-w64-clang-x86_64-cc,
clang64,mingw-w64-clang-x86_64-emacs,build-depends-on,mingw-w64-clang-x86_64-cc,
clang64,mingw-w64-clang-x86_64-emacs-pdf-tools-server,build-depends-on,mingw-w64-clang-x86_64-cc,
clang64,mingw-w64-clang-x86_64-embree,build-depends-on,mingw-w64-clang-x86_64-cc,
clang64,mingw-w64-clang-x86_64-emscripten,build-depends-on,mingw-w64-clang-x86_64-cc,
clang64,mingw-w64-clang-x86_64-enca,build-depends-on,mingw-w64-clang-x86_64-cc,
clang64,mingw-w64-clang-x86_64-enchant,build-depends-on,mingw-w64-clang-x86_64-cc,
clang64,mingw-w64-clang-x86_64-enet,build-depends-on,mingw-w64-clang-x86_64-cc,
clang64,mingw-w64-clang-x86_64-engauge-digitizer,build-depends-on,mingw-w64-clang-x86_64-cc,
clang64,mingw-w64-clang-x86_64-ensmallen,build-depends-on,mingw-w64-clang-x86_64-cc,
clang64,mingw-w64-clang-x86_64-enter-tex,build-depends-on,mingw-w64-clang-x86_64-cc,
clang64,mingw-w64-clang-x86_64-entt,build-depends-on,mingw-w64-clang-x86_64-cc,
clang64,mingw-w64-clang-x86_64-entt-docs,build-depends-on,mingw-w64-clang-x86_64-cc,
clang64,mingw-w64-clang-x86_64-eog,build-depends-on,mingw-w64-clang-x86_64-cc,
clang64,mingw-w64-clang-x86_64-eog-plugins,build-depends-on,mingw-w64-clang-x86_64-cc,
clang64,mingw-w64-clang-x86_64-epstool,build-depends-on,mingw-w64-clang-x86_64-cc,
clang64,mingw-w64-clang-x86_64-esbuild,build-depends-on,mingw-w64-clang-x86_64-cc,
clang64,mingw-w64-clang-x86_64-espeak-ng,build-depends-on,mingw-w64-clang-x86_64-cc,
clang64,mingw-w64-clang-x86_64-evince,build-depends-on,mingw-w64-clang-x86_64-cc,
clang64,mingw-w64-clang-x86_64-exiv2,build-depends-on,mingw-w64-clang-x86_64-cc,
clang64,mingw-w64-clang-x86_64-expat,build-depends-on,mingw-w64-clang-x86_64-cc,
clang64,mingw-w64-clang-x86_64-expresscpp,build-depends-on,mingw-w64-clang-x86_64-cc,
clang64,mingw-w64-clang-x86_64-extra-cmake-modules,build-depends-on,mingw-w64-clang-x86_64-cc,
clang64,mingw-w64-clang-x86_64-extremetuxracer,build-depends-on,mingw-w64-clang-x86_64-cc,
clang64,mingw-w64-clang-x86_64-f2c,build-depends-on,mingw-w64-clang-x86_64-cc,
clang64,mingw-w64-clang-x86_64-f2cblaslapack,build-depends-on,mingw-w64-clang-x86_64-cc,
clang64,mingw-w64-clang-x86_64-faac,build-depends-on,mingw-w64-clang-x86_64-cc,
clang64,mingw-w64-clang-x86_64-faad2,build-depends-on,mingw-w64-clang-x86_64-cc,
clang64,mingw-w64-clang-x86_64-fann,build-depends-on,mingw-w64-clang-x86_64-cc,
clang64,mingw-w64-clang-x86_64-farstream,build-depends-on,mingw-w64-clang-x86_64-cc,
clang64,mingw-w64-clang-x86_64-fast_float,build-depends-on,mingw-w64-clang-x86_64-cc,
clang64,mingw-w64-clang-x86_64-fastfetch,build-depends-on,mingw-w64-clang-x86_64-cc,
clang64,mingw-w64-clang-x86_64-fastgltf,build-depends-on,mingw-w64-clang-x86_64-cc,
clang64,mingw-w64-clang-x86_64-fastjar,build-depends-on,mingw-w64-clang-x86_64-cc,
clang64,mingw-w64-clang-x86_64-fcrackzip,build-depends-on,mingw-w64-clang-x86_64-cc,
clang64,mingw-w64-clang-x86_64-fdk-aac,build-depends-on,mingw-w64-clang-x86_64-cc,
clang64,mingw-w64-clang-x86_64-ffcall,build-depends-on,mingw-w64-clang-x86_64-cc,
clang64,mingw-w64-clang-x86_64-ffmpeg,build-depends-on,mingw-w64-clang-x86_64-cc,
clang64,mingw-w64-clang-x86_64-ffms2,build-depends-on,mingw-w64-clang-x86_64-cc,
clang64,mingw-w64-clang-x86_64-ffts,build-depends-on,mingw-w64-clang-x86_64-cc,
clang64,mingw-w64-clang-x86_64-fftw,build-depends-on,mingw-w64-clang-x86_64-cc,
clang64,mingw-w64-clang-x86_64-file,build-depends-on,mingw-w64-clang-x86_64-cc,
clang64,mingw-w64-clang-x86_64-filezilla,build-depends-on,mingw-w64-clang-x86_64-cc,
clang64,mingw-w64-clang-x86_64-firebird,build-depends-on,mingw-w64-clang-x86_64-cc,
clang64,mingw-w64-clang-x86_64-flac,build-depends-on,mingw-w64-clang-x86_64-cc,
clang64,mingw-w64-clang-x86_64-flameshot,build-depends-on,mingw-w64-clang-x86_64-cc,
clang64,mingw-w64-clang-x86_64-flann,build-depends-on,mingw-w64-clang-x86_64-cc,
clang64,mingw-w64-clang-x86_64-flashrom,build-depends-on,mingw-w64-clang-x86_64-cc,
clang64,mingw-w64-clang-x86_64-flatbuffers,build-depends-on,mingw-w64-clang-x86_64-cc,
clang64,mingw-w64-clang-x86_64-flecs,build-depends-on,mingw-w64-clang-x86_64-cc,
clang64,mingw-w64-clang-x86_64-flecs-docs,build-depends-on,mingw-w64-clang-x86_64-cc,
clang64,mingw-w64-clang-x86_64-flickcurl,build-depends-on,mingw-w64-clang-x86_64-cc,
clang64,mingw-w64-clang-x86_64-flif,build-depends-on,mingw-w64-clang-x86_64-cc,
clang64,mingw-w64-clang-x86_64-flint,build-depends-on,mingw-w64-clang-x86_64-cc,
clang64,mingw-w64-clang-x86_64-fltk,build-depends-on,mingw-w64-clang-x86_64-cc,
clang64,mingw-w64-clang-x86_64-fltk1.3,build-depends-on,mingw-w64-clang-x86_64-cc,
clang64,mingw-w64-clang-x86_64-fluidsynth,build-depends-on,mingw-w64-clang-x86_64-cc,
clang64,mingw-w64-clang-x86_64-fmt,build-depends-on,mingw-w64-clang-x86_64-cc,
clang64,mingw-w64-clang-x86_64-folly,build-depends-on,mingw-w64-clang-x86_64-cc,
clang64,mingw-w64-clang-x86_64-fontconfig,build-depends-on,mingw-w64-clang-x86_64-cc,
clang64,mingw-w64-clang-x86_64-fontforge,build-depends-on,mingw-w64-clang-x86_64-cc,
clang64,mingw-w64-clang-x86_64-fortune-mod,build-depends-on,mingw-w64-clang-x86_64-cc,
clang64,mingw-w64-clang-x86_64-fossil,build-depends-on,mingw-w64-clang-x86_64-cc,
clang64,mingw-w64-clang-x86_64-fox,build-depends-on,mingw-w64-clang-x86_64-cc,
clang64,mingw-w64-clang-x86_64-fq,build-depends-on,mingw-w64-clang-x86_64-cc,
clang64,mingw-w64-clang-x86_64-freealut,build-depends-on,mingw-w64-clang-x86_64-cc,
clang64,mingw-w64-clang-x86_64-freecad,build-depends-on,mingw-w64-clang-x86_64-cc,
clang64,mingw-w64-clang-x86_64-freeglut,build-depends-on,mingw-w64-clang-x86_64-cc,
clang64,mingw-w64-clang-x86_64-freeimage,build-depends-on,mingw-w64-clang-x86_64-cc,
clang64,mingw-w64-clang-x86_64-freerdp,build-depends-on,mingw-w64-clang-x86_64-cc,
clang64,mingw-w64-clang-x86_64-freetds,build-depends-on,mingw-w64-clang-x86_64-cc,
clang64,mingw-w64-clang-x86_64-freetype,build-depends-on,mingw-w64-clang-x86_64-cc,
clang64,mingw-w64-clang-x86_64-frei0r-plugins,build-depends-on,mingw-w64-clang-x86_64-cc,
clang64,mingw-w64-clang-x86_64-fribidi,build-depends-on,mingw-w64-clang-x86_64-cc,
clang64,mingw-w64-clang-x86_64-fritzing,build-depends-on,mingw-w64-clang-x86_64-cc,
clang64,mingw-w64-clang-x86_64-frontistr,build-depends-on,mingw-w64-clang-x86_64-cc,
clang64,mingw-w64-clang-x86_64-frontistr,build-depends-on,mingw-w64-clang-x86_64-fc,
clang64,mingw-w64-clang-x86_64-frozen,build-depends-on,mingw-w64-clang-x86_64-cc,
clang64,mingw-w64-clang-x86_64-fswatch,build-depends-on,mingw-w64-clang-x86_64-cc,
clang64,mingw-w64-clang-x86_64-ftgl,build-depends-on,mingw-w64-clang-x86_64-cc,
clang64,mingw-w64-clang-x86_64-ftxui,build-depends-on,mingw-w64-clang-x86_64-cc,
clang64,mingw-w64-clang-x86_64-fxc2,build-depends-on,mingw-w64-clang-x86_64-cc,
clang64,mingw-w64-clang-x86_64-fzf,build-depends-on,mingw-w64-clang-x86_64-cc,
clang64,mingw-w64-clang-x86_64-fzssh,build-depends-on,mingw-w64-clang-x86_64-cc,
clang64,mingw-w64-clang-x86_64-gammaray,build-depends-on,mingw-w64-clang-x86_64-cc,
clang64,mingw-w64-clang-x86_64-gau2grid,build-depends-on,mingw-w64-clang-x86_64-cc,
clang64,mingw-w64-clang-x86_64-gavl,build-depends-on,mingw-w64-clang-x86_64-cc,
clang64,mingw-w64-clang-x86_64-gc,build-depends-on,mingw-w64-clang-x86_64-cc,
clang64,mingw-w64-clang-x86_64-gcab,build-depends-on,mingw-w64-clang-x86_64-cc,
clang64,mingw-w64-clang-x86_64-gdal,build-depends-on,mingw-w64-clang-x86_64-cc,
clang64,mingw-w64-clang-x86_64-gdb,build-depends-on,mingw-w64-clang-x86_64-cc,
clang64,mingw-w64-clang-x86_64-gdb-multiarch,build-depends-on,mingw-w64-clang-x86_64-cc,
clang64,mingw-w64-clang-x86_64-gdbm,build-depends-on,mingw-w64-clang-x86_64-cc,
clang64,mingw-w64-clang-x86_64-gdcm,build-depends-on,mingw-w64-clang-x86_64-cc,
clang64,mingw-w64-clang-x86_64-gdk-pixbuf2,build-depends-on,mingw-w64-clang-x86_64-cc,
clang64,mingw-w64-clang-x86_64-gdk-pixbuf2-docs,build-depends-on,mingw-w64-clang-x86_64-cc,
clang64,mingw-w64-clang-x86_64-gdl,build-depends-on,mingw-w64-clang-x86_64-cc,
clang64,mingw-w64-clang-x86_64-gdu,build-depends-on,mingw-w64-clang-x86_64-cc,
clang64,mingw-w64-clang-x86_64-geany,build-depends-on,mingw-w64-clang-x86_64-cc,
clang64,mingw-w64-clang-x86_64-geany,build-depends-on,mingw-w64-clang-x86_64-perl-xml-parser,
clang64,mingw-w64-clang-x86_64-geany-plugins,build-depends-on,mingw-w64-clang-x86_64-cc,
clang64,mingw-w64-clang-x86_64-gedit,build-depends-on,mingw-w64-clang-x86_64-cc,
clang64,mingw-w64-clang-x86_64-gedit-plugins,build-depends-on,mingw-w64-clang-x86_64-cc,
clang64,mingw-w64-clang-x86_64-gegl,build-depends-on,mingw-w64-clang-x86_64-cc,
clang64,mingw-w64-clang-x86_64-gegl-docs,build-depends-on,mingw-w64-clang-x86_64-cc,
clang64,mingw-w64-clang-x86_64-gemini-cli,build-depends-on,mingw-w64-clang-x86_64-cc,
clang64,mingw-w64-clang-x86_64-genromfs,build-depends-on,mingw-w64-clang-x86_64-cc,
clang64,mingw-w64-clang-x86_64-geocode-glib,build-depends-on,mingw-w64-clang-x86_64-cc,
clang64,mingw-w64-clang-x86_64-geographiclib,build-depends-on,mingw-w64-clang-x86_64-cc,
clang64,mingw-w64-clang-x86_64-geoip,build-depends-on,mingw-w64-clang-x86_64-cc,
clang64,mingw-w64-clang-x86_64-geos,build-depends-on,mingw-w64-clang-x86_64-cc,
clang64,mingw-w64-clang-x86_64-gettext-libtextstyle,build-depends-on,mingw-w64-clang-x86_64-cc,
clang64,mingw-w64-clang-x86_64-gettext-runtime,build-depends-on,mingw-w64-clang-x86_64-cc,
clang64,mingw-w64-clang-x86_64-gettext-tools,build-depends-on,mingw-w64-clang-x86_64-cc,
clang64,mingw-w64-clang-x86_64-gexiv2,build-depends-on,mingw-w64-clang-x86_64-cc,
clang64,mingw-w64-clang-x86_64-gf2x,build-depends-on,mingw-w64-clang-x86_64-cc,
clang64,mingw-w64-clang-x86_64-gflags,build-depends-on,mingw-w64-clang-x86_64-cc,
clang64,mingw-w64-clang-x86_64-ggml,build-depends-on,mingw-w64-clang-x86_64-cc,
clang64,mingw-w64-clang-x86_64-ghex,build-depends-on,mingw-w64-clang-x86_64-cc,
clang64,mingw-w64-clang-x86_64-ghostscript,build-depends-on,mingw-w64-clang-x86_64-cc,
clang64,mingw-w64-clang-x86_64-gi-docgen,build-depends-on,mingw-w64-clang-x86_64-cc,
clang64,mingw-w64-clang-x86_64-giflib,build-depends-on,mingw-w64-clang-x86_64-cc,
clang64,mingw-w64-clang-x86_64-gimp,build-depends-on,mingw-w64-clang-x86_64-cc,
clang64,mingw-w64-clang-x86_64-ginkgo,build-depends-on,mingw-w64-clang-x86_64-cc,
clang64,mingw-w64-clang-x86_64-git,build-depends-on,mingw-w64-clang-x86_64-cc,
clang64,mingw-w64-clang-x86_64-git-archimport,build-depends-on,mingw-w64-clang-x86_64-cc,
clang64,mingw-w64-clang-x86_64-git-credential-wincred,build-depends-on,mingw-w64-clang-x86_64-cc,
clang64,mingw-w64-clang-x86_64-git-cvs,build-depends-on,mingw-w64-clang-x86_64-cc,
clang64,mingw-w64-clang-x86_64-git-doc-html,build-depends-on,mingw-w64-clang-x86_64-cc,
clang64,mingw-w64-clang-x86_64-git-doc-man,build-depends-on,mingw-w64-clang-x86_64-cc,
clang64,mingw-w64-clang-x86_64-git-for-windows-addons,build-depends-on,mingw-w64-clang-x86_64-cc,
clang64,mingw-w64-clang-x86_64-git-gui,build-depends-on,mingw-w64-clang-x86_64-cc,
clang64,mingw-w64-clang-x86_64-git-p4,build-depends-on,mingw-w64-clang-x86_64-cc,
clang64,mingw-w64-clang-x86_64-git-perl,build-depends-on,mingw-w64-clang-x86_64-cc,
clang64,mingw-w64-clang-x86_64-git-send-email,build-depends-on,mingw-w64-clang-x86_64-cc,
clang64,mingw-w64-clang-x86_64-git-subtree,build-depends-on,mingw-w64-clang-x86_64-cc,
clang64,mingw-w64-clang-x86_64-git-svn,build-depends-on,mingw-w64-clang-x86_64-cc,
clang64,mingw-w64-clang-x86_64-gitg,build-depends-on,mingw-w64-clang-x86_64-cc,
clang64,mingw-w64-clang-x86_64-github-cli,build-depends-on,mingw-w64-clang-x86_64-cc,
clang64,mingw-w64-clang-x86_64-gitk,build-depends-on,mingw-w64-clang-x86_64-cc,
clang64,mingw-w64-clang-x86_64-gitweb,build-depends-on,mingw-w64-clang-x86_64-cc,
clang64,mingw-w64-clang-x86_64-gl2ps,build-depends-on,mingw-w64-clang-x86_64-cc,
clang64,mingw-w64-clang-x86_64-glab,build-depends-on,mingw-w64-clang-x86_64-cc,
clang64,mingw-w64-clang-x86_64-glade,build-depends-on,mingw-w64-clang-x86_64-cc,
clang64,mingw-w64-clang-x86_64-glaze,build-depends-on,mingw-w64-clang-x86_64-cc,
clang64,mingw-w64-clang-x86_64-glbinding,build-depends-on,mingw-w64-clang-x86_64-cc,
clang64,mingw-w64-clang-x86_64-glew,build-depends-on,mingw-w64-clang-x86_64-cc,
clang64,mingw-w64-clang-x86_64-glfw,build-depends-on,mingw-w64-clang-x86_64-cc,
clang64,mingw-w64-clang-x86_64-glfw-docs,build-depends-on,mingw-w64-clang-x86_64-cc,
clang64,mingw-w64-clang-x86_64-glib-networking,build-depends-on,mingw-w64-clang-x86_64-cc,
clang64,mingw-w64-clang-x86_64-glib2,build-depends-on,mingw-w64-clang-x86_64-cc,
clang64,mingw-w64-clang-x86_64-glibmm,build-depends-on,mingw-w64-clang-x86_64-cc,
clang64,mingw-w64-clang-x86_64-glibmm-2.68,build-depends-on,mingw-w64-clang-x86_64-cc,
clang64,mingw-w64-clang-x86_64-glm,build-depends-on,mingw-w64-clang-x86_64-cc,
clang64,mingw-w64-clang-x86_64-global,build-depends-on,mingw-w64-clang-x86_64-cc,
clang64,mingw-w64-clang-x86_64-globjects,build-depends-on,mingw-w64-clang-x86_64-cc,
clang64,mingw-w64-clang-x86_64-glog,build-depends-on,mingw-w64-clang-x86_64-cc,
clang64,mingw-w64-clang-x86_64-glpk,build-depends-on,mingw-w64-clang-x86_64-cc,
clang64,mingw-w64-clang-x86_64-glsl-optimizer,build-depends-on,mingw-w64-clang-x86_64-cc,
clang64,mingw-w64-clang-x86_64-glslang,build-depends-on,mingw-w64-clang-x86_64-cc,
clang64,mingw-w64-clang-x86_64-glslviewer,build-depends-on,mingw-w64-clang-x86_64-cc,
clang64,mingw-w64-clang-x86_64-gmic,build-depends-on,mingw-w64-clang-x86_64-cc,
clang64,mingw-w64-clang-x86_64-gmime,build-depends-on,mingw-w64-clang-x86_64-cc,
clang64,mingw-w64-clang-x86_64-gmp,build-depends-on,mingw-w64-clang-x86_64-cc,
clang64,mingw-w64-clang-x86_64-gmsh,build-depends-on,mingw-w64-clang-x86_64-cc,
clang64,mingw-w64-clang-x86_64-gn,build-depends-on,mingw-w64-clang-x86_64-cc,
clang64,mingw-w64-clang-x86_64-gnome-calculator,build-depends-on,mingw-w64-clang-x86_64-cc,
clang64,mingw-w64-clang-x86_64-gnome-text-editor,build-depends-on,mingw-w64-clang-x86_64-cc,
clang64,mingw-w64-clang-x86_64-gnumeric,build-depends-on,mingw-w64-clang-x86_64-cc,
clang64,mingw-w64-clang-x86_64-gnupg,build-depends-on,mingw-w64-clang-x86_64-cc,
clang64,mingw-w64-clang-x86_64-gnuplot,build-depends-on,mingw-w64-clang-x86_64-cc,
clang64,mingw-w64-clang-x86_64-gnuradio,build-depends-on,mingw-w64-clang-x86_64-cc,
clang64,mingw-w64-clang-x86_64-gnutls,build-depends-on,mingw-w64-clang-x86_64-cc,
clang64,mingw-w64-clang-x86_64-go,build-depends-on,mingw-w64-clang-x86_64-cc,
clang64,mingw-w64-clang-x86_64-gobject-introspection,build-depends-on,mingw-w64-clang-x86_64-cc,
clang64,mingw-w64-clang-x86_64-gobject-introspection-runtime,build-depends-on,mingw-w64-clang-x86_64-cc,
clang64,mingw-w64-clang-x86_64-godot,build-depends-on,mingw-w64-clang-x86_64-cc,
clang64,mingw-w64-clang-x86_64-godot-cpp,build-depends-on,mingw-w64-clang-x86_64-cc,
clang64,mingw-w64-clang-x86_64-goffice,build-depends-on,mingw-w64-clang-x86_64-cc,
clang64,mingw-w64-clang-x86_64-gojq,build-depends-on,mingw-w64-clang-x86_64-cc,
clang64,mingw-w64-clang-x86_64-goocanvas,build-depends-on,mingw-w64-clang-x86_64-cc,
clang64,mingw-w64-clang-x86_64-goxel,build-depends-on,mingw-w64-clang-x86_64-cc,
clang64,mingw-w64-clang-x86_64-gperf,build-depends-on,mingw-w64-clang-x86_64-cc,
clang64,mingw-w64-clang-x86_64-gpgme,build-depends-on,mingw-w64-clang-x86_64-cc,
clang64,mingw-w64-clang-x86_64-gphoto2,build-depends-on,mingw-w64-clang-x86_64-cc,
clang64,mingw-w64-clang-x86_64-gplugin,build-depends-on,mingw-w64-clang-x86_64-cc,
clang64,mingw-w64-clang-x86_64-gplugin,build-depends-on,mingw-w64-clang-x86_64-gettext,
clang64,mingw-w64-clang-x86_64-gputils,build-depends-on,mingw-w64-clang-x86_64-cc,
clang64,mingw-w64-clang-x86_64-gr,build-depends-on,mingw-w64-clang-x86_64-cc,
clang64,mingw-w64-clang-x86_64-granite,build-depends-on,mingw-w64-clang-x86_64-cc,
clang64,mingw-w64-clang-x86_64-granite7,build-depends-on,mingw-w64-clang-x86_64-cc,
clang64,mingw-w64-clang-x86_64-grantlee,build-depends-on,mingw-w64-clang-x86_64-cc,
clang64,mingw-w64-clang-x86_64-graphene,build-depends-on,mingw-w64-clang-x86_64-cc,
clang64,mingw-w64-clang-x86_64-graphicsmagick,build-depends-on,mingw-w64-clang-x86_64-cc,
clang64,mingw-w64-clang-x86_64-graphite2,build-depends-on,mingw-w64-clang-x86_64-cc,
clang64,mingw-w64-clang-x86_64-graphviz,build-depends-on,mingw-w64-clang-x86_64-cc,
clang64,mingw-w64-clang-x86_64-graphviz-docs,build-depends-on,mingw-w64-clang-x86_64-cc,
clang64,mingw-w64-clang-x86_64-grep,build-depends-on,mingw-w64-clang-x86_64-cc,
clang64,mingw-w64-clang-x86_64-gromacs,build-depends-on,mingw-w64-clang-x86_64-cc,
clang64,mingw-w64-clang-x86_64-groonga,build-depends-on,mingw-w64-clang-x86_64-cc,
clang64,mingw-w64-clang-x86_64-groonga,build-depends-on,mingw-w64-clang-x86_64-omp,
clang64,mingw-w64-clang-x86_64-grpc,build-depends-on,mingw-w64-clang-x86_64-cc,
clang64,mingw-w64-clang-x86_64-grype,build-depends-on,mingw-w64-clang-x86_64-cc,
clang64,mingw-w64-clang-x86_64-gsasl,build-depends-on,mingw-w64-clang-x86_64-cc,
clang64,mingw-w64-clang-x86_64-gsettings-desktop-schemas,build-depends-on,mingw-w64-clang-x86_64-cc,
clang64,mingw-w64-clang-x86_64-gsl,build-depends-on,mingw-w64-clang-x86_64-cc,
clang64,mingw-w64-clang-x86_64-gsl-lite,build-depends-on,mingw-w64-clang-x86_64-cc,
clang64,mingw-w64-clang-x86_64-gsm,build-depends-on,mingw-w64-clang-x86_64-cc,
clang64,mingw-w64-clang-x86_64-gsoap,build-depends-on,mingw-w64-clang-x86_64-cc,
clang64,mingw-w64-clang-x86_64-gspell,build-depends-on,mingw-w64-clang-x86_64-cc,
clang64,mingw-w64-clang-x86_64-gss,build-depends-on,mingw-w64-clang-x86_64-cc,
clang64,mingw-w64-clang-x86_64-gssdp,build-depends-on,mingw-w64-clang-x86_64-cc,
clang64,mingw-w64-clang-x86_64-gssdp-docs,build-depends-on,mingw-w64-clang-x86_64-cc,
clang64,mingw-w64-clang-x86_64-gst-devtools,build-depends-on,mingw-w64-clang-x86_64-cc,
clang64,mingw-w64-clang-x86_64-gst-editing-services,build-depends-on,mingw-w64-clang-x86_64-cc,
clang64,mingw-w64-clang-x86_64-gst-libav,build-depends-on,mingw-w64-clang-x86_64-cc,
clang64,mingw-w64-clang-x86_64-gst-plugin-gtk,build-depends-on,mingw-w64-clang-x86_64-cc,
clang64,mingw-w64-clang-x86_64-gst-plugin-opencv,build-depends-on,mingw-w64-clang-x86_64-cc,
clang64,mingw-w64-clang-x86_64-gst-plugin-opencv,build-depends-on,mingw-w64-clang-x86_64-libjpeg,
clang64,mingw-w64-clang-x86_64-gst-plugins-bad,build-depends-on,mingw-w64-clang-x86_64-cc,
clang64,mingw-w64-clang-x86_64-gst-plugins-bad,build-depends-on,mingw-w64-clang-x86_64-libjpeg,
clang64,mingw-w64-clang-x86_64-gst-plugins-bad-libs,build-depends-on,mingw-w64-clang-x86_64-cc,
clang64,mingw-w64-clang-x86_64-gst-plugins-bad-libs,build-depends-on,mingw-w64-clang-x86_64-libjpeg,
clang64,mingw-w64-clang-x86_64-gst-plugins-base,build-depends-on,mingw-w64-clang-x86_64-cc,
clang64,mingw-w64-clang-x86_64-gst-plugins-good,build-depends-on,mingw-w64-clang-x86_64-cc,
clang64,mingw-w64-clang-x86_64-gst-plugins-ugly,build-depends-on,mingw-w64-clang-x86_64-cc,
clang64,mingw-w64-clang-x86_64-gst-python,build-depends-on,mingw-w64-clang-x86_64-cc,
clang64,mingw-w64-clang-x86_64-gst-rtsp-server,build-depends-on,mingw-w64-clang-x86_64-cc,
clang64,mingw-w64-clang-x86_64-gstreamer,build-depends-on,mingw-w64-clang-x86_64-cc,
clang64,mingw-w64-clang-x86_64-gtest,build-depends-on,mingw-w64-clang-x86_64-cc,
clang64,mingw-w64-clang-x86_64-gtk-doc,build-depends-on,mingw-w64-clang-x86_64-cc,
clang64,mingw-w64-clang-x86_64-gtk-update-icon-cache,build-depends-on,mingw-w64-clang-x86_64-cc,
clang64,mingw-w64-clang-x86_64-gtk-vnc,build-depends-on,mingw-w64-clang-x86_64-cc,
clang64,mingw-w64-clang-x86_64-gtk2,build-depends-on,mingw-w64-clang-x86_64-cc,
clang64,mingw-w64-clang-x86_64-gtk3,build-depends-on,mingw-w64-clang-x86_64-cc,
clang64,mingw-w64-clang-x86_64-gtk4,build-depends-on,mingw-w64-clang-x86_64-cc,
clang64,mingw-w64-clang-x86_64-gtkdatabox,build-depends-on,mingw-w64-clang-x86_64-cc,
clang64,mingw-w64-clang-x86_64-gtkmm-4.0,build-depends-on,mingw-w64-clang-x86_64-cc,
clang64,mingw-w64-clang-x86_64-gtkmm3,build-depends-on,mingw-w64-clang-x86_64-cc,
clang64,mingw-w64-clang-x86_64-gtksourceview3,build-depends-on,mingw-w64-clang-x86_64-cc,
clang64,mingw-w64-clang-x86_64-gtksourceview4,build-depends-on,mingw-w64-clang-x86_64-cc,
clang64,mingw-w64-clang-x86_64-gtksourceview5,build-depends-on,mingw-w64-clang-x86_64-cc,
clang64,mingw-w64-clang-x86_64-gtksourceviewmm3,build-depends-on,mingw-w64-clang-x86_64-cc,
clang64,mingw-w64-clang-x86_64-gtkspell3,build-depends-on,mingw-w64-clang-x86_64-cc,
clang64,mingw-w64-clang-x86_64-gtkwave,build-depends-on,mingw-w64-clang-x86_64-cc,
clang64,mingw-w64-clang-x86_64-gtkwave,build-depends-on,perlxml,
clang64,mingw-w64-clang-x86_64-gts,build-depends-on,mingw-w64-clang-x86_64-cc,
clang64,mingw-w64-clang-x86_64-gumbo-parser,build-depends-on,mingw-w64-clang-x86_64-cc,
clang64,mingw-w64-clang-x86_64-gw,build-depends-on,mingw-w64-clang-x86_64-gcc,
clang64,mingw-w64-clang-x86_64-gxml,build-depends-on,mingw-w64-clang-x86_64-cc,
clang64,mingw-w64-clang-x86_64-hackrf,build-depends-on,mingw-w64-clang-x86_64-cc,
clang64,mingw-w64-clang-x86_64-handbrake,build-depends-on,mingw-w64-clang-x86_64-cc,
clang64,mingw-w64-clang-x86_64-harfbuzz,build-depends-on,mingw-w64-clang-x86_64-cc,
clang64,mingw-w64-clang-x86_64-harfbuzz-cairo,build-depends-on,mingw-w64-clang-x86_64-cc,
clang64,mingw-w64-clang-x86_64-harfbuzz-docs,build-depends-on,mingw-w64-clang-x86_64-cc,
clang64,mingw-w64-clang-x86_64-harfbuzz-icu,build-depends-on,mingw-w64-clang-x86_64-cc,
clang64,mingw-w64-clang-x86_64-harfbuzz-utils,build-depends-on,mingw-w64-clang-x86_64-cc,
clang64,mingw-w64-clang-x86_64-hclient,build-depends-on,mingw-w64-clang-x86_64-cc,
clang64,mingw-w64-clang-x86_64-hdf4,build-depends-on,mingw-w64-clang-x86_64-cc,
clang64,mingw-w64-clang-x86_64-hdf4,build-depends-on,mingw-w64-clang-x86_64-fc,
clang64,mingw-w64-clang-x86_64-hdf5,build-depends-on,mingw-w64-clang-x86_64-cc,
clang64,mingw-w64-clang-x86_64-heimdall,build-depends-on,mingw-w64-clang-x86_64-cc,
clang64,mingw-w64-clang-x86_64-helics,build-depends-on,mingw-w64-clang-x86_64-cc,
clang64,mingw-w64-clang-x86_64-hexchat,build-depends-on,mingw-w64-clang-x86_64-cc,
clang64,mingw-w64-clang-x86_64-hid-bootloader-cli,build-depends-on,mingw-w64-clang-x86_64-cc,
clang64,mingw-w64-clang-x86_64-hidapi,build-depends-on,mingw-w64-clang-x86_64-cc,
clang64,mingw-w64-clang-x86_64-hidapitester,build-depends-on,mingw-w64-clang-x86_64-cc,
clang64,mingw-w64-clang-x86_64-highfive,build-depends-on,mingw-w64-clang-x86_64-cc,
clang64,mingw-w64-clang-x86_64-highlight,build-depends-on,mingw-w64-clang-x86_64-cc,
clang64,mingw-w64-clang-x86_64-highs,build-depends-on,mingw-w64-clang-x86_64-cc,
clang64,mingw-w64-clang-x86_64-highs,build-depends-on,mingw-w64-clang-x86_64-fc,
clang64,mingw-w64-clang-x86_64-highway,build-depends-on,mingw-w64-clang-x86_64-cc,
clang64,mingw-w64-clang-x86_64-hiredis,build-depends-on,mingw-w64-clang-x86_64-cc,
clang64,mingw-w64-clang-x86_64-hlsl2glsl,build-depends-on,mingw-w64-clang-x86_64-cc,
clang64,mingw-w64-clang-x86_64-htslib,build-depends-on,mingw-w64-clang-x86_64-cc,
clang64,mingw-w64-clang-x86_64-http-parser,build-depends-on,mingw-w64-clang-x86_64-cc,
clang64,mingw-w64-clang-x86_64-hugo,build-depends-on,mingw-w64-clang-x86_64-cc,
clang64,mingw-w64-clang-x86_64-hunspell,build-depends-on,mingw-w64-clang-x86_64-cc,
clang64,mingw-w64-clang-x86_64-hwloc,build-depends-on,mingw-w64-clang-x86_64-cc,
clang64,mingw-w64-clang-x86_64-hyphen,build-depends-on,mingw-w64-clang-x86_64-cc,
clang64,mingw-w64-clang-x86_64-hyphen-en,build-depends-on,mingw-w64-clang-x86_64-cc,
clang64,mingw-w64-clang-x86_64-hypre,build-depends-on,mingw-w64-clang-x86_64-cc,
clang64,mingw-w64-clang-x86_64-i2pd,build-depends-on,mingw-w64-clang-x86_64-cc,
clang64,mingw-w64-clang-x86_64-icesprog,build-depends-on,mingw-w64-clang-x86_64-cc,
clang64,mingw-w64-clang-x86_64-icestorm,build-depends-on,mingw-w64-clang-x86_64-cc,
clang64,mingw-w64-clang-x86_64-iconv,build-depends-on,mingw-w64-clang-x86_64-cc,
clang64,mingw-w64-clang-x86_64-icoutils,build-depends-on,mingw-w64-clang-x86_64-cc,
clang64,mingw-w64-clang-x86_64-icu,build-depends-on,mingw-w64-clang-x86_64-cc,
clang64,mingw-w64-clang-x86_64-id3lib,build-depends-on,mingw-w64-clang-x86_64-cc,
clang64,mingw-w64-clang-x86_64-ideviceinstaller,build-depends-on,mingw-w64-clang-x86_64-cc,
clang64,mingw-w64-clang-x86_64-idevicerestore,build-depends-on,mingw-w64-clang-x86_64-cc,
clang64,mingw-w64-clang-x86_64-ifcopenshell,build-depends-on,mingw-w64-clang-x86_64-cc,
clang64,mingw-w64-clang-x86_64-igraph,build-depends-on,mingw-w64-clang-x86_64-cc,
clang64,mingw-w64-clang-x86_64-iir,build-depends-on,mingw-w64-clang-x86_64-cc,
clang64,mingw-w64-clang-x86_64-imagemagick,build-depends-on,mingw-w64-clang-x86_64-cc,
clang64,mingw-w64-clang-x86_64-imagemagick-docs,build-depends-on,mingw-w64-clang-x86_64-cc,
clang64,mingw-w64-clang-x86_64-imath,build-depends-on,mingw-w64-clang-x86_64-cc,
clang64,mingw-w64-clang-x86_64-iml,build-depends-on,mingw-w64-clang-x86_64-cc,
clang64,mingw-w64-clang-x86_64-immer,build-depends-on,mingw-w64-clang-x86_64-cc,
clang64,mingw-w64-clang-x86_64-include-what-you-use,build-depends-on,mingw-w64-clang-x86_64-cc,
clang64,mingw-w64-clang-x86_64-indent,build-depends-on,mingw-w64-clang-x86_64-cc,
clang64,mingw-w64-clang-x86_64-inja,build-depends-on,mingw-w64-clang-x86_64-cc,
clang64,mingw-w64-clang-x86_64-inkscape,build-depends-on,mingw-w64-clang-x86_64-cc,
clang64,mingw-w64-clang-x86_64-innoextract,build-depends-on,mingw-w64-clang-x86_64-cc,
clang64,mingw-w64-clang-x86_64-intel-xed,build-depends-on,mingw-w64-clang-x86_64-cc,
clang64,mingw-w64-clang-x86_64-irrlicht,build-depends-on,mingw-w64-clang-x86_64-cc,
clang64,mingw-w64-clang-x86_64-is_utf8,build-depends-on,mingw-w64-clang-x86_64-cc,
clang64,mingw-w64-clang-x86_64-isa-l,build-depends-on,mingw-w64-clang-x86_64-cc,
clang64,mingw-w64-clang-x86_64-isl,build-depends-on,mingw-w64-clang-x86_64-cc,
clang64,mingw-w64-clang-x86_64-ispc,build-depends-on,mingw-w64-clang-x86_64-cc,
clang64,mingw-w64-clang-x86_64-itk,build-depends-on,mingw-w64-clang-x86_64-cc,
clang64,mingw-w64-clang-x86_64-itstool,build-depends-on,mingw-w64-clang-x86_64-cc,
clang64,mingw-w64-clang-x86_64-iverilog,build-depends-on,mingw-w64-clang-x86_64-cc,
clang64,mingw-w64-clang-x86_64-ixion,build-depends-on,mingw-w64-clang-x86_64-cc,
clang64,mingw-w64-clang-x86_64-jack2,build-depends-on,mingw-w64-clang-x86_64-cc,
clang64,mingw-w64-clang-x86_64-jansson,build-depends-on,mingw-w64-clang-x86_64-cc,
clang64,mingw-w64-clang-x86_64-jasper,build-depends-on,mingw-w64-clang-x86_64-cc,
clang64,mingw-w64-clang-x86_64-jasper-docs,build-depends-on,mingw-w64-clang-x86_64-cc,
clang64,mingw-w64-clang-x86_64-jbig2dec,build-depends-on,mingw-w64-clang-x86_64-cc,
clang64,mingw-w64-clang-x86_64-jbigkit,build-depends-on,mingw-w64-clang-x86_64-cc,
clang64,mingw-w64-clang-x86_64-jemalloc,build-depends-on,mingw-w64-clang-x86_64-cc,
clang64,mingw-w64-clang-x86_64-jkqtplotter,build-depends-on,mingw-w64-clang-x86_64-cc,
clang64,mingw-w64-clang-x86_64-jo,build-depends-on,mingw-w64-clang-x86_64-cc,
clang64,mingw-w64-clang-x86_64-jolt-physics,build-depends-on,mingw-w64-clang-x86_64-cc,
clang64,mingw-w64-clang-x86_64-jom,build-depends-on,mingw-w64-clang-x86_64-cc,
clang64,mingw-w64-clang-x86_64-jp2-pixbuf-loader,build-depends-on,mingw-w64-clang-x86_64-cc,
clang64,mingw-w64-clang-x86_64-jpegoptim,build-depends-on,mingw-w64-clang-x86_64-cc,
clang64,mingw-w64-clang-x86_64-jq,build-depends-on,mingw-w64-clang-x86_64-cc,
clang64,mingw-w64-clang-x86_64-jq-lsp,build-depends-on,mingw-w64-clang-x86_64-cc,
clang64,mingw-w64-clang-x86_64-json-c,build-depends-on,mingw-w64-clang-x86_64-cc,
clang64,mingw-w64-clang-x86_64-json-fortran,build-depends-on,mingw-w64-clang-x86_64-fc,
clang64,mingw-w64-clang-x86_64-json-glib,build-depends-on,mingw-w64-clang-x86_64-cc,
clang64,mingw-w64-clang-x86_64-json-schema-validator,build-depends-on,mingw-w64-clang-x86_64-cc,
clang64,mingw-w64-clang-x86_64-jsoncpp,build-depends-on,mingw-w64-clang-x86_64-cc,
clang64,mingw-w64-clang-x86_64-jsonnet,build-depends-on,mingw-w64-clang-x86_64-cc,
clang64,mingw-w64-clang-x86_64-jsonrpc-glib,build-depends-on,mingw-w64-clang-x86_64-cc,
clang64,mingw-w64-clang-x86_64-jsonrpc-glib-docs,build-depends-on,mingw-w64-clang-x86_64-cc,
clang64,mingw-w64-clang-x86_64-judy,build-depends-on,mingw-w64-clang-x86_64-cc,
clang64,mingw-w64-clang-x86_64-jxrlib,build-depends-on,mingw-w64-clang-x86_64-cc,
clang64,mingw-w64-clang-x86_64-karchive,build-depends-on,mingw-w64-clang-x86_64-cc,
clang64,mingw-w64-clang-x86_64-kate,build-depends-on,mingw-w64-clang-x86_64-cc,
clang64,mingw-w64-clang-x86_64-kate-wakatime,build-depends-on,mingw-w64-clang-x86_64-cc,
clang64,mingw-w64-clang-x86_64-kbookmarks,build-depends-on,mingw-w64-clang-x86_64-cc,
clang64,mingw-w64-clang-x86_64-kcachegrind,build-depends-on,mingw-w64-clang-x86_64-cc,
clang64,mingw-w64-clang-x86_64-kcmutils,build-depends-on,mingw-w64-clang-x86_64-cc,
clang64,mingw-w64-clang-x86_64-kcodecs,build-depends-on,mingw-w64-clang-x86_64-cc,
clang64,mingw-w64-clang-x86_64-kcolorscheme,build-depends-on,mingw-w64-clang-x86_64-cc,
clang64,mingw-w64-clang-x86_64-kcompletion,build-depends-on,mingw-w64-clang-x86_64-cc,
clang64,mingw-w64-clang-x86_64-kconfig,build-depends-on,mingw-w64-clang-x86_64-cc,
clang64,mingw-w64-clang-x86_64-kconfigwidgets,build-depends-on,mingw-w64-clang-x86_64-cc,
clang64,mingw-w64-clang-x86_64-kcontacts,build-depends-on,mingw-w64-clang-x86_64-cc,
clang64,mingw-w64-clang-x86_64-kcoreaddons,build-depends-on,mingw-w64-clang-x86_64-cc,
clang64,mingw-w64-clang-x86_64-kcrash,build-depends-on,mingw-w64-clang-x86_64-cc,
clang64,mingw-w64-clang-x86_64-kdbusaddons,build-depends-on,mingw-w64-clang-x86_64-cc,
clang64,mingw-w64-clang-x86_64-kddockwidgets,build-depends-on,mingw-w64-clang-x86_64-cc,
clang64,mingw-w64-clang-x86_64-kdeclarative,build-depends-on,mingw-w64-clang-x86_64-cc,
clang64,mingw-w64-clang-x86_64-kdeconnect,build-depends-on,mingw-w64-clang-x86_64-cc,
clang64,mingw-w64-clang-x86_64-kdegraphics-mobipocket,build-depends-on,mingw-w64-clang-x86_64-cc,
clang64,mingw-w64-clang-x86_64-kdenlive,build-depends-on,mingw-w64-clang-x86_64-cc,
clang64,mingw-w64-clang-x86_64-kdiagram,build-depends-on,mingw-w64-clang-x86_64-cc,
clang64,mingw-w64-clang-x86_64-kdiff3,build-depends-on,mingw-w64-clang-x86_64-cc,
clang64,mingw-w64-clang-x86_64-kdnssd,build-depends-on,mingw-w64-clang-x86_64-cc,
clang64,mingw-w64-clang-x86_64-kdoctools,build-depends-on,mingw-w64-clang-x86_64-cc,
clang64,mingw-w64-clang-x86_64-kdsingleapplication,build-depends-on,mingw-w64-clang-x86_64-cc,
clang64,mingw-w64-clang-x86_64-kdstatemachineeditor,build-depends-on,mingw-w64-clang-x86_64-cc,
clang64,mingw-w64-clang-x86_64-keepassxc,build-depends-on,mingw-w64-clang-x86_64-cc,
clang64,mingw-w64-clang-x86_64-keystone,build-depends-on,mingw-w64-clang-x86_64-cc,
clang64,mingw-w64-clang-x86_64-kfilemetadata,build-depends-on,mingw-w64-clang-x86_64-cc,
clang64,mingw-w64-clang-x86_64-kglobalaccel,build-depends-on,mingw-w64-clang-x86_64-cc,
clang64,mingw-w64-clang-x86_64-kguiaddons,build-depends-on,mingw-w64-clang-x86_64-cc,
clang64,mingw-w64-clang-x86_64-kholidays,build-depends-on,mingw-w64-clang-x86_64-cc,
clang64,mingw-w64-clang-x86_64-ki18n,build-depends-on,mingw-w64-clang-x86_64-cc,
clang64,mingw-w64-clang-x86_64-kicad,build-depends-on,mingw-w64-clang-x86_64-cc,
clang64,mingw-w64-clang-x86_64-kicad-demos,build-depends-on,mingw-w64-clang-x86_64-cc,
clang64,mingw-w64-clang-x86_64-kicad-meta,build-depends-on,mingw-w64-clang-x86_64-cc,
clang64,mingw-w64-clang-x86_64-kicad-packages3D,build-depends-on,mingw-w64-clang-x86_64-cmake,
clang64,mingw-w64-clang-x86_64-kicad-packages3D,build-depends-on,mingw-w64-clang-x86_64-ninja,
clang64,mingw-w64-clang-x86_64-kiconthemes,build-depends-on,mingw-w64-clang-x86_64-cc,
clang64,mingw-w64-clang-x86_64-kidletime,build-depends-on,mingw-w64-clang-x86_64-cc,
clang64,mingw-w64-clang-x86_64-kimageformats,build-depends-on,mingw-w64-clang-x86_64-cc,
clang64,mingw-w64-clang-x86_64-kio,build-depends-on,mingw-w64-clang-x86_64-cc,
clang64,mingw-w64-clang-x86_64-kirigami,build-depends-on,mingw-w64-clang-x86_64-cc,
clang64,mingw-w64-clang-x86_64-kirigami-addons,build-depends-on,mingw-w64-clang-x86_64-cc,
clang64,mingw-w64-clang-x86_64-kiss_fft,build-depends-on,mingw-w64-clang-x86_64-cc,
clang64,mingw-w64-clang-x86_64-kitemmodels,build-depends-on,mingw-w64-clang-x86_64-cc,
clang64,mingw-w64-clang-x86_64-kitemviews,build-depends-on,mingw-w64-clang-x86_64-cc,
clang64,mingw-w64-clang-x86_64-kjobwidgets,build-depends-on,mingw-w64-clang-x86_64-cc,
clang64,mingw-w64-clang-x86_64-knewstuff,build-depends-on,mingw-w64-clang-x86_64-cc,
clang64,mingw-w64-clang-x86_64-knotifications,build-depends-on,mingw-w64-clang-x86_64-cc,
clang64,mingw-w64-clang-x86_64-knotifyconfig,build-depends-on,mingw-w64-clang-x86_64-cc,
clang64,mingw-w64-clang-x86_64-koboldcpp,build-depends-on,mingw-w64-clang-x86_64-cc,
clang64,mingw-w64-clang-x86_64-konsole,build-depends-on,mingw-w64-clang-x86_64-cc,
clang64,mingw-w64-clang-x86_64-konversation,build-depends-on,mingw-w64-clang-x86_64-cc,
clang64,mingw-w64-clang-x86_64-kpackage,build-depends-on,mingw-w64-clang-x86_64-cc,
clang64,mingw-w64-clang-x86_64-kparts,build-depends-on,mingw-w64-clang-x86_64-cc,
clang64,mingw-w64-clang-x86_64-kpeople,build-depends-on,mingw-w64-clang-x86_64-cc,
clang64,mingw-w64-clang-x86_64-kplotting,build-depends-on,mingw-w64-clang-x86_64-cc,
clang64,mingw-w64-clang-x86_64-kqtquickcharts,build-depends-on,mingw-w64-clang-x86_64-cc,
clang64,mingw-w64-clang-x86_64-krita,build-depends-on,mingw-w64-clang-x86_64-cc,
clang64,mingw-w64-clang-x86_64-krpc-cpp,build-depends-on,mingw-w64-clang-x86_64-cc,
clang64,mingw-w64-clang-x86_64-kseexpr,build-depends-on,mingw-w64-clang-x86_64-cc,
clang64,mingw-w64-clang-x86_64-kservice,build-depends-on,mingw-w64-clang-x86_64-cc,
clang64,mingw-w64-clang-x86_64-kstatusnotifieritem,build-depends-on,mingw-w64-clang-x86_64-cc,
clang64,mingw-w64-clang-x86_64-ktexteditor,build-depends-on,mingw-w64-clang-x86_64-cc,
clang64,mingw-w64-clang-x86_64-ktextwidgets,build-depends-on,mingw-w64-clang-x86_64-cc,
clang64,mingw-w64-clang-x86_64-ktouch,build-depends-on,mingw-w64-clang-x86_64-cc,
clang64,mingw-w64-clang-x86_64-ktx-software,build-depends-on,mingw-w64-clang-x86_64-cc,
clang64,mingw-w64-clang-x86_64-kunitconversion,build-depends-on,mingw-w64-clang-x86_64-cc,
clang64,mingw-w64-clang-x86_64-kuserfeedback,build-depends-on,mingw-w64-clang-x86_64-cc,
clang64,mingw-w64-clang-x86_64-kvazaar,build-depends-on,mingw-w64-clang-x86_64-cc,
clang64,mingw-w64-clang-x86_64-kwallet,build-depends-on,mingw-w64-clang-x86_64-cc,
clang64,mingw-w64-clang-x86_64-kwidgetsaddons,build-depends-on,mingw-w64-clang-x86_64-cc,
clang64,mingw-w64-clang-x86_64-kwindowsystem,build-depends-on,mingw-w64-clang-x86_64-cc,
clang64,mingw-w64-clang-x86_64-kxmlgui,build-depends-on,mingw-w64-clang-x86_64-cc,
clang64,mingw-w64-clang-x86_64-l-smash,build-depends-on,mingw-w64-clang-x86_64-cc,
clang64,mingw-w64-clang-x86_64-labplot,build-depends-on,mingw-w64-clang-x86_64-cc,
clang64,mingw-w64-clang-x86_64-lager,build-depends-on,mingw-w64-clang-x86_64-cc,
clang64,mingw-w64-clang-x86_64-lame,build-depends-on,mingw-w64-clang-x86_64-cc,
clang64,mingw-w64-clang-x86_64-lammps,build-depends-on,mingw-w64-clang-x86_64-cc,
clang64,mingw-w64-clang-x86_64-lammps,build-depends-on,mingw-w64-clang-x86_64-fc,
clang64,mingw-w64-clang-x86_64-lapack,build-depends-on,mingw-w64-clang-x86_64-cc,
clang64,mingw-w64-clang-x86_64-lapack,build-depends-on,mingw-w64-clang-x86_64-fc,
clang64,mingw-w64-clang-x86_64-lapack64,build-depends-on,mingw-w64-clang-x86_64-cc,
clang64,mingw-w64-clang-x86_64-lapack64,build-depends-on,mingw-w64-clang-x86_64-fc,
clang64,mingw-w64-clang-x86_64-lapacke,build-depends-on,mingw-w64-clang-x86_64-cc,
clang64,mingw-w64-clang-x86_64-lapacke,build-depends-on,mingw-w64-clang-x86_64-fc,
clang64,mingw-w64-clang-x86_64-lapacke64,build-depends-on,mingw-w64-clang-x86_64-cc,
clang64,mingw-w64-clang-x86_64-lapacke64,build-depends-on,mingw-w64-clang-x86_64-fc,
clang64,mingw-w64-clang-x86_64-lasem,build-depends-on,mingw-w64-clang-x86_64-cc,
clang64,mingw-w64-clang-x86_64-laszip,build-depends-on,mingw-w64-clang-x86_64-cc,
clang64,mingw-w64-clang-x86_64-lcms2,build-depends-on,mingw-w64-clang-x86_64-cc,
clang64,mingw-w64-clang-x86_64-ldns,build-depends-on,mingw-w64-clang-x86_64-cc,
clang64,mingw-w64-clang-x86_64-ledger,build-depends-on,mingw-w64-clang-x86_64-cc,
clang64,mingw-w64-clang-x86_64-lensfun,build-depends-on,mingw-w64-clang-x86_64-cc,
clang64,mingw-w64-clang-x86_64-leocad,build-depends-on,mingw-w64-clang-x86_64-cc,
clang64,mingw-w64-clang-x86_64-leptonica,build-depends-on,mingw-w64-clang-x86_64-cc,
clang64,mingw-w64-clang-x86_64-lerc,build-depends-on,mingw-w64-clang-x86_64-cc,
clang64,mingw-w64-clang-x86_64-level-zero-headers,build-depends-on,mingw-w64-clang-x86_64-cc,
clang64,mingw-w64-clang-x86_64-level-zero-loader,build-depends-on,mingw-w64-clang-x86_64-cc,
clang64,mingw-w64-clang-x86_64-leveldb,build-depends-on,mingw-w64-clang-x86_64-cc,
clang64,mingw-w64-clang-x86_64-lexbor,build-depends-on,mingw-w64-clang-x86_64-cc,
clang64,mingw-w64-clang-x86_64-lf,build-depends-on,mingw-w64-clang-x86_64-cc,
clang64,mingw-w64-clang-x86_64-lfcbase,build-depends-on,mingw-w64-clang-x86_64-cc,
clang64,mingw-w64-clang-x86_64-lfcxml,build-depends-on,mingw-w64-clang-x86_64-cc,
clang64,mingw-w64-clang-x86_64-lfortran,build-depends-on,mingw-w64-clang-x86_64-cc,
clang64,mingw-w64-clang-x86_64-lib2geom,build-depends-on,mingw-w64-clang-x86_64-cc,
clang64,mingw-w64-clang-x86_64-lib3mf,build-depends-on,mingw-w64-clang-x86_64-cc,
clang64,mingw-w64-clang-x86_64-libaacs,build-depends-on,mingw-w64-clang-x86_64-cc,
clang64,mingw-w64-clang-x86_64-libabw,build-depends-on,mingw-w64-clang-x86_64-cc,
clang64,mingw-w64-clang-x86_64-libad9361-iio,build-depends-on,mingw-w64-clang-x86_64-cc,
clang64,mingw-w64-clang-x86_64-libadwaita,build-depends-on,mingw-w64-clang-x86_64-cc,
clang64,mingw-w64-clang-x86_64-libaec,build-depends-on,mingw-w64-clang-x86_64-cc,
clang64,mingw-w64-clang-x86_64-libao,build-depends-on,mingw-w64-clang-x86_64-gcc,
clang64,mingw-w64-clang-x86_64-libarchive,build-depends-on,mingw-w64-clang-x86_64-cc,
clang64,mingw-w64-clang-x86_64-libaribcaption,build-depends-on,mingw-w64-clang-x86_64-cc,
clang64,mingw-w64-clang-x86_64-libart_lgpl,build-depends-on,mingw-w64-clang-x86_64-cc,
clang64,mingw-w64-clang-x86_64-libass,build-depends-on,mingw-w64-clang-x86_64-cc,
clang64,mingw-w64-clang-x86_64-libassuan,build-depends-on,mingw-w64-clang-x86_64-cc,
clang64,mingw-w64-clang-x86_64-libatomic_ops,build-depends-on,mingw-w64-clang-x86_64-cc,
clang64,mingw-w64-clang-x86_64-libavif,build-depends-on,mingw-w64-clang-x86_64-cc,
clang64,mingw-w64-clang-x86_64-libavro,build-depends-on,mingw-w64-clang-x86_64-cc,
clang64,mingw-w64-clang-x86_64-libb2,build-depends-on,mingw-w64-clang-x86_64-cc,
clang64,mingw-w64-clang-x86_64-libb64,build-depends-on,mingw-w64-clang-x86_64-cc,
clang64,mingw-w64-clang-x86_64-libbacktrace,build-depends-on,mingw-w64-clang-x86_64-cc,
clang64,mingw-w64-clang-x86_64-libbdplus,build-depends-on,mingw-w64-clang-x86_64-cc,
clang64,mingw-w64-clang-x86_64-libblake3,build-depends-on,mingw-w64-clang-x86_64-cc,
clang64,mingw-w64-clang-x86_64-libbluray,build-depends-on,mingw-w64-clang-x86_64-cc,
clang64,mingw-w64-clang-x86_64-libbotan,build-depends-on,mingw-w64-clang-x86_64-cc,
clang64,mingw-w64-clang-x86_64-libbraiding,build-depends-on,mingw-w64-clang-x86_64-cc,
clang64,mingw-w64-clang-x86_64-libbs2b,build-depends-on,mingw-w64-clang-x86_64-cc,
clang64,mingw-w64-clang-x86_64-libbsdf,build-depends-on,mingw-w64-clang-x86_64-cc,
clang64,mingw-w64-clang-x86_64-libcaca,build-depends-on,mingw-w64-clang-x86_64-cc,
clang64,mingw-w64-clang-x86_64-libcacard,build-depends-on,mingw-w64-clang-x86_64-cc,
clang64,mingw-w64-clang-x86_64-libcbor,build-depends-on,mingw-w64-clang-x86_64-cc,
clang64,mingw-w64-clang-x86_64-libcddb,build-depends-on,mingw-w64-clang-x86_64-cc,
clang64,mingw-w64-clang-x86_64-libcdio,build-depends-on,mingw-w64-clang-x86_64-cc,
clang64,mingw-w64-clang-x86_64-libcdio-paranoia,build-depends-on,mingw-w64-clang-x86_64-cc,
clang64,mingw-w64-clang-x86_64-libcdr,build-depends-on,mingw-w64-clang-x86_64-cc,
clang64,mingw-w64-clang-x86_64-libcello,build-depends-on,mingw-w64-clang-x86_64-cc,
clang64,mingw-w64-clang-x86_64-libcerf,build-depends-on,mingw-w64-clang-x86_64-cc,
clang64,mingw-w64-clang-x86_64-libcloudproviders,build-depends-on,mingw-w64-clang-x86_64-cc,
clang64,mingw-w64-clang-x86_64-libcmis,build-depends-on,mingw-w64-clang-x86_64-cc,
clang64,mingw-w64-clang-x86_64-libconfig,build-depends-on,mingw-w64-clang-x86_64-cc,
clang64,mingw-w64-clang-x86_64-libconfini,build-depends-on,mingw-w64-clang-x86_64-cc,
clang64,mingw-w64-clang-x86_64-libcue,build-depends-on,mingw-w64-clang-x86_64-cc,
clang64,mingw-w64-clang-x86_64-libdatrie,build-depends-on,mingw-w64-clang-x86_64-cc,
clang64,mingw-w64-clang-x86_64-libdatrie-docs,build-depends-on,mingw-w64-clang-x86_64-cc,
clang64,mingw-w64-clang-x86_64-libdazzle,build-depends-on,mingw-w64-clang-x86_64-cc,
clang64,mingw-w64-clang-x86_64-libdca,build-depends-on,mingw-w64-clang-x86_64-cc,
clang64,mingw-w64-clang-x86_64-libde265,build-depends-on,mingw-w64-clang-x86_64-SDL2,
clang64,mingw-w64-clang-x86_64-libde265,build-depends-on,mingw-w64-clang-x86_64-cc,
clang64,mingw-w64-clang-x86_64-libdeflate,build-depends-on,mingw-w64-clang-x86_64-cc,
clang64,mingw-w64-clang-x86_64-libdex,build-depends-on,mingw-w64-clang-x86_64-cc,
clang64,mingw-w64-clang-x86_64-libdicom,build-depends-on,mingw-w64-clang-x86_64-cc,
clang64,mingw-w64-clang-x86_64-libdiscid,build-depends-on,mingw-w64-clang-x86_64-cc,
clang64,mingw-w64-clang-x86_64-libdmtx,build-depends-on,mingw-w64-clang-x86_64-cc,
clang64,mingw-w64-clang-x86_64-libdsm,build-depends-on,mingw-w64-clang-x86_64-cc,
clang64,mingw-w64-clang-x86_64-libdvbpsi,build-depends-on,mingw-w64-clang-x86_64-cc,
clang64,mingw-w64-clang-x86_64-libdvdcss,build-depends-on,mingw-w64-clang-x86_64-cc,
clang64,mingw-w64-clang-x86_64-libdvdnav,build-depends-on,mingw-w64-clang-x86_64-cc,
clang64,mingw-w64-clang-x86_64-libdvdread,build-depends-on,mingw-w64-clang-x86_64-cc,
clang64,mingw-w64-clang-x86_64-libdwarf,build-depends-on,mingw-w64-clang-x86_64-cc,
clang64,mingw-w64-clang-x86_64-libe-book,build-depends-on,mingw-w64-clang-x86_64-cc,
clang64,mingw-w64-clang-x86_64-libebml,build-depends-on,mingw-w64-clang-x86_64-cc,
clang64,mingw-w64-clang-x86_64-libebur128,build-depends-on,mingw-w64-clang-x86_64-cc,
clang64,mingw-w64-clang-x86_64-libelf,build-depends-on,mingw-w64-clang-x86_64-cc,
clang64,mingw-w64-clang-x86_64-libepoxy,build-depends-on,mingw-w64-clang-x86_64-cc,
clang64,mingw-w64-clang-x86_64-libepubgen,build-depends-on,mingw-w64-clang-x86_64-cc,
clang64,mingw-w64-clang-x86_64-liberime,build-depends-on,mingw-w64-clang-x86_64-cc,
clang64,mingw-w64-clang-x86_64-libetonyek,build-depends-on,mingw-w64-clang-x86_64-cc,
clang64,mingw-w64-clang-x86_64-libevent,build-depends-on,mingw-w64-clang-x86_64-cc,
clang64,mingw-w64-clang-x86_64-libexif,build-depends-on,mingw-w64-clang-x86_64-cc,
clang64,mingw-w64-clang-x86_64-libexttextcat,build-depends-on,mingw-w64-clang-x86_64-cc,
clang64,mingw-w64-clang-x86_64-libfdf,build-depends-on,mingw-w64-clang-x86_64-fc,
clang64,mingw-w64-clang-x86_64-libffi,build-depends-on,mingw-w64-clang-x86_64-cc,
clang64,mingw-w64-clang-x86_64-libfido2,build-depends-on,mingw-w64-clang-x86_64-cc,
clang64,mingw-w64-clang-x86_64-libfilezilla,build-depends-on,mingw-w64-clang-x86_64-cc,
clang64,mingw-w64-clang-x86_64-libfilezilla,build-depends-on,mingw-w64-clang-x86_64-gettext,
clang64,mingw-w64-clang-x86_64-libfixmath,build-depends-on,mingw-w64-clang-x86_64-cc,
clang64,mingw-w64-clang-x86_64-libfreehand,build-depends-on,mingw-w64-clang-x86_64-cc,
clang64,mingw-w64-clang-x86_64-libfreexl,build-depends-on,mingw-w64-clang-x86_64-cc,
clang64,mingw-w64-clang-x86_64-libftdi,build-depends-on,mingw-w64-clang-x86_64-cc,
clang64,mingw-w64-clang-x86_64-libfyaml,build-depends-on,mingw-w64-clang-x86_64-cc,
clang64,mingw-w64-clang-x86_64-libgadu,build-depends-on,mingw-w64-clang-x86_64-cc,
clang64,mingw-w64-clang-x86_64-libgcrypt,build-depends-on,mingw-w64-clang-x86_64-cc,
clang64,mingw-w64-clang-x86_64-libgd,build-depends-on,mingw-w64-clang-x86_64-cc,
clang64,mingw-w64-clang-x86_64-libgda,build-depends-on,mingw-w64-clang-x86_64-cc,
clang64,mingw-w64-clang-x86_64-libgdiplus,build-depends-on,mingw-w64-clang-x86_64-cc,
clang64,mingw-w64-clang-x86_64-libgedit-amtk,build-depends-on,mingw-w64-clang-x86_64-cc,
clang64,mingw-w64-clang-x86_64-libgedit-amtk-docs,build-depends-on,mingw-w64-clang-x86_64-cc,
clang64,mingw-w64-clang-x86_64-libgedit-gfls,build-depends-on,mingw-w64-clang-x86_64-cc,
clang64,mingw-w64-clang-x86_64-libgedit-gfls-docs,build-depends-on,mingw-w64-clang-x86_64-cc,
clang64,mingw-w64-clang-x86_64-libgedit-gtksourceview,build-depends-on,mingw-w64-clang-x86_64-cc,
clang64,mingw-w64-clang-x86_64-libgedit-tepl,build-depends-on,mingw-w64-clang-x86_64-cc,
clang64,mingw-w64-clang-x86_64-libgedit-tepl-docs,build-depends-on,mingw-w64-clang-x86_64-cc,
clang64,mingw-w64-clang-x86_64-libgee,build-depends-on,mingw-w64-clang-x86_64-cc,
clang64,mingw-w64-clang-x86_64-libgeotiff,build-depends-on,mingw-w64-clang-x86_64-cc,
clang64,mingw-w64-clang-x86_64-libgig,build-depends-on,mingw-w64-clang-x86_64-cc,
clang64,mingw-w64-clang-x86_64-libgit2,build-depends-on,mingw-w64-clang-x86_64-cc,
clang64,mingw-w64-clang-x86_64-libgit2-glib,build-depends-on,mingw-w64-clang-x86_64-cc,
clang64,mingw-w64-clang-x86_64-libgit2-glib-docs,build-depends-on,mingw-w64-clang-x86_64-cc,
clang64,mingw-w64-clang-x86_64-libgit2-winhttp,build-depends-on,mingw-w64-clang-x86_64-cc,
clang64,mingw-w64-clang-x86_64-libgme,build-depends-on,mingw-w64-clang-x86_64-cc,
clang64,mingw-w64-clang-x86_64-libgnurx,build-depends-on,mingw-w64-clang-x86_64-cc,
clang64,mingw-w64-clang-x86_64-libgoom2,build-depends-on,mingw-w64-clang-x86_64-cc,
clang64,mingw-w64-clang-x86_64-libgovirt,build-depends-on,mingw-w64-clang-x86_64-cc,
clang64,mingw-w64-clang-x86_64-libgpg-error,build-depends-on,mingw-w64-clang-x86_64-cc,
clang64,mingw-w64-clang-x86_64-libgphoto2,build-depends-on,mingw-w64-clang-x86_64-cc,
clang64,mingw-w64-clang-x86_64-libgridxc,build-depends-on,mingw-w64-clang-x86_64-fc,
clang64,mingw-w64-clang-x86_64-libgsf,build-depends-on,mingw-w64-clang-x86_64-cc,
clang64,mingw-w64-clang-x86_64-libguess,build-depends-on,mingw-w64-clang-x86_64-cc,
clang64,mingw-w64-clang-x86_64-libgusb,build-depends-on,mingw-w64-clang-x86_64-cc,
clang64,mingw-w64-clang-x86_64-libgweather,build-depends-on,mingw-w64-clang-x86_64-cc,
clang64,mingw-w64-clang-x86_64-libgxps,build-depends-on,mingw-w64-clang-x86_64-cc,
clang64,mingw-w64-clang-x86_64-libhandy,build-depends-on,mingw-w64-clang-x86_64-cc,
clang64,mingw-w64-clang-x86_64-libhandy-docs,build-depends-on,mingw-w64-clang-x86_64-cc,
clang64,mingw-w64-clang-x86_64-libharu,build-depends-on,mingw-w64-clang-x86_64-cc,
clang64,mingw-w64-clang-x86_64-libheif,build-depends-on,mingw-w64-clang-x86_64-cc,
clang64,mingw-w64-clang-x86_64-libhomfly,build-depends-on,mingw-w64-clang-x86_64-cc,
clang64,mingw-w64-clang-x86_64-libical,build-depends-on,mingw-w64-clang-x86_64-cc,
clang64,mingw-w64-clang-x86_64-libiconv,build-depends-on,mingw-w64-clang-x86_64-cc,
clang64,mingw-w64-clang-x86_64-libicsneo,build-depends-on,mingw-w64-clang-x86_64-cc,
clang64,mingw-w64-clang-x86_64-libid3tag,build-depends-on,mingw-w64-clang-x86_64-cc,
clang64,mingw-w64-clang-x86_64-libidl2,build-depends-on,mingw-w64-clang-x86_64-cc,
clang64,mingw-w64-clang-x86_64-libidn,build-depends-on,mingw-w64-clang-x86_64-cc,
clang64,mingw-w64-clang-x86_64-libidn2,build-depends-on,mingw-w64-clang-x86_64-cc,
clang64,mingw-w64-clang-x86_64-libieee1284,build-depends-on,mingw-w64-clang-x86_64-cc,
clang64,mingw-w64-clang-x86_64-libiff,build-depends-on,mingw-w64-clang-x86_64-cc,
clang64,mingw-w64-clang-x86_64-libiio,build-depends-on,mingw-w64-clang-x86_64-cc,
clang64,mingw-w64-clang-x86_64-libilbc,build-depends-on,mingw-w64-clang-x86_64-cc,
clang64,mingw-w64-clang-x86_64-libilbm,build-depends-on,mingw-w64-clang-x86_64-cc,
clang64,mingw-w64-clang-x86_64-libimobiledevice,build-depends-on,mingw-w64-clang-x86_64-cc,
clang64,mingw-w64-clang-x86_64-libimobiledevice-glue,build-depends-on,mingw-w64-clang-x86_64-cc,
clang64,mingw-w64-clang-x86_64-libinih,build-depends-on,mingw-w64-clang-x86_64-cc,
clang64,mingw-w64-clang-x86_64-libint2,build-depends-on,mingw-w64-clang-x86_64-cc,
clang64,mingw-w64-clang-x86_64-libint2,build-depends-on,mingw-w64-clang-x86_64-fc,
clang64,mingw-w64-clang-x86_64-libipt,build-depends-on,mingw-w64-clang-x86_64-cc,
clang64,mingw-w64-clang-x86_64-libiptcdata,build-depends-on,mingw-w64-clang-x86_64-cc,
clang64,mingw-w64-clang-x86_64-libirecovery,build-depends-on,mingw-w64-clang-x86_64-cc,
clang64,mingw-w64-clang-x86_64-libjaylink,build-depends-on,mingw-w64-clang-x86_64-cc,
clang64,mingw-w64-clang-x86_64-libjpeg-turbo,build-depends-on,mingw-w64-clang-x86_64-cc,
clang64,mingw-w64-clang-x86_64-libjxl,build-depends-on,mingw-w64-clang-x86_64-cc,
clang64,mingw-w64-clang-x86_64-libkexiv2,build-depends-on,mingw-w64-clang-x86_64-cc,
clang64,mingw-w64-clang-x86_64-libkml,build-depends-on,mingw-w64-clang-x86_64-cc,
clang64,mingw-w64-clang-x86_64-libkqueue,build-depends-on,mingw-w64-clang-x86_64-cc,
clang64,mingw-w64-clang-x86_64-libksba,build-depends-on,mingw-w64-clang-x86_64-cc,
clang64,mingw-w64-clang-x86_64-liblangtag,build-depends-on,mingw-w64-clang-x86_64-cc,
clang64,mingw-w64-clang-x86_64-liblas,build-depends-on,mingw-w64-clang-x86_64-cc,
clang64,mingw-w64-clang-x86_64-liblastfm,build-depends-on,mingw-w64-clang-x86_64-cc,
clang64,mingw-w64-clang-x86_64-liblc3,build-depends-on,mingw-w64-clang-x86_64-cc,
clang64,mingw-w64-clang-x86_64-liblcf,build-depends-on,mingw-w64-clang-x86_64-cc,
clang64,mingw-w64-clang-x86_64-liblo,build-depends-on,mingw-w64-clang-x86_64-cc,
clang64,mingw-w64-clang-x86_64-liblqr,build-depends-on,mingw-w64-clang-x86_64-cc,
clang64,mingw-w64-clang-x86_64-libltdl,build-depends-on,mingw-w64-clang-x86_64-cc,
clang64,mingw-w64-clang-x86_64-libluv,build-depends-on,mingw-w64-clang-x86_64-cc,
clang64,mingw-w64-clang-x86_64-libmad,build-depends-on,mingw-w64-clang-x86_64-cc,
clang64,mingw-w64-clang-x86_64-libmangle,build-depends-on,mingw-w64-clang-x86_64-cc,
clang64,mingw-w64-clang-x86_64-libmariadbclient,build-depends-on,mingw-w64-clang-x86_64-cc,
clang64,mingw-w64-clang-x86_64-libmatroska,build-depends-on,mingw-w64-clang-x86_64-cc,
clang64,mingw-w64-clang-x86_64-libmaxminddb,build-depends-on,mingw-w64-clang-x86_64-cc,
clang64,mingw-w64-clang-x86_64-libmbd,build-depends-on,mingw-w64-clang-x86_64-cc,
clang64,mingw-w64-clang-x86_64-libmbd,build-depends-on,mingw-w64-clang-x86_64-fc,
clang64,mingw-w64-clang-x86_64-libmd,build-depends-on,mingw-w64-clang-x86_64-cc,
clang64,mingw-w64-clang-x86_64-libmediainfo,build-depends-on,mingw-w64-clang-x86_64-cc,
clang64,mingw-w64-clang-x86_64-libmem,build-depends-on,mingw-w64-clang-x86_64-cc,
clang64,mingw-w64-clang-x86_64-libmfx,build-depends-on,mingw-w64-clang-x86_64-cc,
clang64,mingw-w64-clang-x86_64-libmicrodns,build-depends-on,mingw-w64-clang-x86_64-cc,
clang64,mingw-w64-clang-x86_64-libmicrohttpd,build-depends-on,mingw-w64-clang-x86_64-cc,
clang64,mingw-w64-clang-x86_64-libmikmod,build-depends-on,mingw-w64-clang-x86_64-cc,
clang64,mingw-w64-clang-x86_64-libmimic,build-depends-on,mingw-w64-clang-x86_64-cc,
clang64,mingw-w64-clang-x86_64-libminpack,build-depends-on,mingw-w64-clang-x86_64-fc,
clang64,mingw-w64-clang-x86_64-libmng,build-depends-on,mingw-w64-clang-x86_64-cc,
clang64,mingw-w64-clang-x86_64-libmodbus,build-depends-on,mingw-w64-clang-x86_64-cc,
clang64,mingw-w64-clang-x86_64-libmodplug,build-depends-on,mingw-w64-clang-x86_64-cc,
clang64,mingw-w64-clang-x86_64-libmongocrypt,build-depends-on,mingw-w64-clang-x86_64-cc,
clang64,mingw-w64-clang-x86_64-libmongoose,build-depends-on,mingw-w64-clang-x86_64-cc,
clang64,mingw-w64-clang-x86_64-libmongoose-docs,build-depends-on,mingw-w64-clang-x86_64-cc,
clang64,mingw-w64-clang-x86_64-libmowgli,build-depends-on,mingw-w64-clang-x86_64-cc,
clang64,mingw-w64-clang-x86_64-libmpack,build-depends-on,mingw-w64-clang-x86_64-cc,
clang64,mingw-w64-clang-x86_64-libmpcdec,build-depends-on,mingw-w64-clang-x86_64-cc,
clang64,mingw-w64-clang-x86_64-libmpeg2,build-depends-on,mingw-w64-clang-x86_64-cc,
clang64,mingw-w64-clang-x86_64-libmspack,build-depends-on,mingw-w64-clang-x86_64-cc,
clang64,mingw-w64-clang-x86_64-libmspub,build-depends-on,mingw-w64-clang-x86_64-cc,
clang64,mingw-w64-clang-x86_64-libmsym,build-depends-on,mingw-w64-clang-x86_64-cc,
clang64,mingw-w64-clang-x86_64-libmupdf,build-depends-on,mingw-w64-clang-x86_64-gcc,
clang64,mingw-w64-clang-x86_64-libmwaw,build-depends-on,mingw-w64-clang-x86_64-cc,
clang64,mingw-w64-clang-x86_64-libmypaint,build-depends-on,mingw-w64-clang-x86_64-cc,
clang64,mingw-w64-clang-x86_64-libmysofa,build-depends-on,mingw-w64-clang-x86_64-cc,
clang64,mingw-w64-clang-x86_64-libnatpmp,build-depends-on,mingw-w64-clang-x86_64-cc,
clang64,mingw-w64-clang-x86_64-libnegf,build-depends-on,mingw-w64-clang-x86_64-cc,
clang64,mingw-w64-clang-x86_64-libnegf,build-depends-on,mingw-w64-clang-x86_64-fc,
clang64,mingw-w64-clang-x86_64-libnegf,build-depends-on,mingw-w64-clang-x86_64-omp,
clang64,mingw-w64-clang-x86_64-libnfs,build-depends-on,mingw-w64-clang-x86_64-cc,
clang64,mingw-w64-clang-x86_64-libnice,build-depends-on,mingw-w64-clang-x86_64-cc,
clang64,mingw-w64-clang-x86_64-libnotify,build-depends-on,mingw-w64-clang-x86_64-cc,
clang64,mingw-w64-clang-x86_64-libnova,build-depends-on,mingw-w64-clang-x86_64-cc,
clang64,mingw-w64-clang-x86_64-libnpupnp,build-depends-on,mingw-w64-clang-x86_64-cc,
clang64,mingw-w64-clang-x86_64-libntlm,build-depends-on,mingw-w64-clang-x86_64-cc,
clang64,mingw-w64-clang-x86_64-libnumbertext,build-depends-on,mingw-w64-clang-x86_64-cc,
clang64,mingw-w64-clang-x86_64-liboauth,build-depends-on,mingw-w64-clang-x86_64-cc,
clang64,mingw-w64-clang-x86_64-libodfgen,build-depends-on,mingw-w64-clang-x86_64-cc,
clang64,mingw-w64-clang-x86_64-libogg,build-depends-on,mingw-w64-clang-x86_64-cc,
clang64,mingw-w64-clang-x86_64-libomemo-c,build-depends-on,mingw-w64-clang-x86_64-cc,
clang64,mingw-w64-clang-x86_64-libopenmpt,build-depends-on,mingw-w64-clang-x86_64-cc,
clang64,mingw-w64-clang-x86_64-libopenmpt-modplug,build-depends-on,mingw-w64-clang-x86_64-cc,
clang64,mingw-w64-clang-x86_64-libopusenc,build-depends-on,mingw-w64-clang-x86_64-cc,
clang64,mingw-w64-clang-x86_64-liboqs,build-depends-on,mingw-w64-clang-x86_64-cc,
clang64,mingw-w64-clang-x86_64-liborigin,build-depends-on,mingw-w64-clang-x86_64-cc,
clang64,mingw-w64-clang-x86_64-libosmpbf,build-depends-on,mingw-w64-clang-x86_64-cc,
clang64,mingw-w64-clang-x86_64-libosmscout,build-depends-on,mingw-w64-clang-x86_64-cc,
clang64,mingw-w64-clang-x86_64-libotr,build-depends-on,mingw-w64-clang-x86_64-cc,
clang64,mingw-w64-clang-x86_64-libp11,build-depends-on,mingw-w64-clang-x86_64-cc,
clang64,mingw-w64-clang-x86_64-libpagemaker,build-depends-on,mingw-w64-clang-x86_64-cc,
clang64,mingw-w64-clang-x86_64-libpanel,build-depends-on,mingw-w64-clang-x86_64-cc,
clang64,mingw-w64-clang-x86_64-libpanel-docs,build-depends-on,mingw-w64-clang-x86_64-cc,
clang64,mingw-w64-clang-x86_64-libpaper,build-depends-on,mingw-w64-clang-x86_64-cc,
clang64,mingw-w64-clang-x86_64-libpcap,build-depends-on,mingw-w64-clang-x86_64-cc,
clang64,mingw-w64-clang-x86_64-libpeas,build-depends-on,mingw-w64-clang-x86_64-cc,
clang64,mingw-w64-clang-x86_64-libpeas-docs,build-depends-on,mingw-w64-clang-x86_64-cc,
clang64,mingw-w64-clang-x86_64-libpeas2,build-depends-on,mingw-w64-clang-x86_64-cc,
clang64,mingw-w64-clang-x86_64-libpeas2-docs,build-depends-on,mingw-w64-clang-x86_64-cc,
clang64,mingw-w64-clang-x86_64-libplacebo,build-depends-on,mingw-w64-clang-x86_64-cc,
clang64,mingw-w64-clang-x86_64-libplacebo-demos,build-depends-on,mingw-w64-clang-x86_64-cc,
clang64,mingw-w64-clang-x86_64-libplist,build-depends-on,mingw-w64-clang-x86_64-cc,
clang64,mingw-w64-clang-x86_64-libpng,build-depends-on,mingw-w64-clang-x86_64-cc,
clang64,mingw-w64-clang-x86_64-libpqxx,build-depends-on,mingw-w64-clang-x86_64-cc,
clang64,mingw-w64-clang-x86_64-libprojectm,build-depends-on,mingw-w64-clang-x86_64-cc,
clang64,mingw-w64-clang-x86_64-libproxy,build-depends-on,mingw-w64-clang-x86_64-cc,
clang64,mingw-w64-clang-x86_64-libpsl,build-depends-on,mingw-w64-clang-x86_64-cc,
clang64,mingw-w64-clang-x86_64-libpsml,build-depends-on,mingw-w64-clang-x86_64-fc,
clang64,mingw-w64-clang-x86_64-libpst,build-depends-on,mingw-w64-clang-x86_64-cc,
clang64,mingw-w64-clang-x86_64-libqalculate,build-depends-on,mingw-w64-clang-x86_64-cc,
clang64,mingw-w64-clang-x86_64-libqxp,build-depends-on,mingw-w64-clang-x86_64-cc,
clang64,mingw-w64-clang-x86_64-libraqm,build-depends-on,mingw-w64-clang-x86_64-cc,
clang64,mingw-w64-clang-x86_64-librasterlite2,build-depends-on,mingw-w64-clang-x86_64-cc,
clang64,mingw-w64-clang-x86_64-libraw,build-depends-on,mingw-w64-clang-x86_64-cc,
clang64,mingw-w64-clang-x86_64-librclone,build-depends-on,mingw-w64-clang-x86_64-cc,
clang64,mingw-w64-clang-x86_64-librdata,build-depends-on,mingw-w64-clang-x86_64-cc,
clang64,mingw-w64-clang-x86_64-librdkafka,build-depends-on,mingw-w64-clang-x86_64-cc,
clang64,mingw-w64-clang-x86_64-libreplaygain,build-depends-on,mingw-w64-clang-x86_64-cc,
clang64,mingw-w64-clang-x86_64-libresidfp,build-depends-on,mingw-w64-clang-x86_64-cc,
clang64,mingw-w64-clang-x86_64-libresprite,build-depends-on,mingw-w64-clang-x86_64-cc,
clang64,mingw-w64-clang-x86_64-libressl,build-depends-on,mingw-w64-clang-x86_64-cc,
clang64,mingw-w64-clang-x86_64-librest,build-depends-on,mingw-w64-clang-x86_64-cc,
clang64,mingw-w64-clang-x86_64-librevenge,build-depends-on,mingw-w64-clang-x86_64-cc,
clang64,mingw-w64-clang-x86_64-librime,build-depends-on,mingw-w64-clang-x86_64-cc,
clang64,mingw-w64-clang-x86_64-librist,build-depends-on,mingw-w64-clang-x86_64-cc,
clang64,mingw-w64-clang-x86_64-librsvg,build-depends-on,mingw-w64-clang-x86_64-cc,
clang64,mingw-w64-clang-x86_64-librsvg-docs,build-depends-on,mingw-w64-clang-x86_64-cc,
clang64,mingw-w64-clang-x86_64-librsync,build-depends-on,mingw-w64-clang-x86_64-cc,
clang64,mingw-w64-clang-x86_64-librttopo,build-depends-on,mingw-w64-clang-x86_64-cc,
clang64,mingw-w64-clang-x86_64-libsamplerate,build-depends-on,mingw-w64-clang-x86_64-cc,
clang64,mingw-w64-clang-x86_64-libsass,build-depends-on,mingw-w64-clang-x86_64-cc,
clang64,mingw-w64-clang-x86_64-libsbml,build-depends-on,mingw-w64-clang-x86_64-cc,
clang64,mingw-w64-clang-x86_64-libsbsms,build-depends-on,mingw-w64-clang-x86_64-cc,
clang64,mingw-w64-clang-x86_64-libsecret,build-depends-on,mingw-w64-clang-x86_64-cc,
clang64,mingw-w64-clang-x86_64-libserdes,build-depends-on,mingw-w64-clang-x86_64-cc,
clang64,mingw-w64-clang-x86_64-libserialport,build-depends-on,mingw-w64-clang-x86_64-cc,
clang64,mingw-w64-clang-x86_64-libshout,build-depends-on,mingw-w64-clang-x86_64-cc,
clang64,mingw-w64-clang-x86_64-libshumate,build-depends-on,mingw-w64-clang-x86_64-cc,
clang64,mingw-w64-clang-x86_64-libshumate-docs,build-depends-on,mingw-w64-clang-x86_64-cc,
clang64,mingw-w64-clang-x86_64-libsidplayfp,build-depends-on,mingw-w64-clang-x86_64-cc,
clang64,mingw-w64-clang-x86_64-libsigc++,build-depends-on,mingw-w64-clang-x86_64-cc,
clang64,mingw-w64-clang-x86_64-libsigc++-3.0,build-depends-on,mingw-w64-clang-x86_64-cc,
clang64,mingw-w64-clang-x86_64-libsignal-protocol-c,build-depends-on,mingw-w64-clang-x86_64-cc,
clang64,mingw-w64-clang-x86_64-libsigsegv,build-depends-on,mingw-w64-clang-x86_64-cc,
clang64,mingw-w64-clang-x86_64-libslirp,build-depends-on,mingw-w64-clang-x86_64-cc,
clang64,mingw-w64-clang-x86_64-libsmi,build-depends-on,mingw-w64-clang-x86_64-cc,
clang64,mingw-w64-clang-x86_64-libsndfile,build-depends-on,mingw-w64-clang-x86_64-cc,
clang64,mingw-w64-clang-x86_64-libsodium,build-depends-on,mingw-w64-clang-x86_64-cc,
clang64,mingw-w64-clang-x86_64-libsoundio,build-depends-on,mingw-w64-clang-x86_64-cc,
clang64,mingw-w64-clang-x86_64-libsoup3,build-depends-on,mingw-w64-clang-x86_64-cc,
clang64,mingw-w64-clang-x86_64-libsoup3-docs,build-depends-on,mingw-w64-clang-x86_64-cc,
clang64,mingw-w64-clang-x86_64-libsoxr,build-depends-on,mingw-w64-clang-x86_64-cc,
clang64,mingw-w64-clang-x86_64-libspatialaudio,build-depends-on,mingw-w64-clang-x86_64-cc,
clang64,mingw-w64-clang-x86_64-libspatialite,build-depends-on,mingw-w64-clang-x86_64-cc,
clang64,mingw-w64-clang-x86_64-libspectre,build-depends-on,mingw-w64-clang-x86_64-cc,
clang64,mingw-w64-clang-x86_64-libspelling,build-depends-on,mingw-w64-clang-x86_64-cc,
clang64,mingw-w64-clang-x86_64-libspiro,build-depends-on,mingw-w64-clang-x86_64-cc,
clang64,mingw-w64-clang-x86_64-libspng,build-depends-on,mingw-w64-clang-x86_64-cc,
clang64,mingw-w64-clang-x86_64-libsquish,build-depends-on,mingw-w64-clang-x86_64-cc,
clang64,mingw-w64-clang-x86_64-libsrtp,build-depends-on,mingw-w64-clang-x86_64-cc,
clang64,mingw-w64-clang-x86_64-libssh,build-depends-on,mingw-w64-clang-x86_64-cc,
clang64,mingw-w64-clang-x86_64-libssh2,build-depends-on,mingw-w64-clang-x86_64-cc,
clang64,mingw-w64-clang-x86_64-libssh2-wincng,build-depends-on,mingw-w64-clang-x86_64-cc,
clang64,mingw-w64-clang-x86_64-libstaroffice,build-depends-on,mingw-w64-clang-x86_64-cc,
clang64,mingw-w64-clang-x86_64-libstemmer,build-depends-on,mingw-w64-clang-x86_64-cc,
clang64,mingw-w64-clang-x86_64-libsynctex,build-depends-on,mingw-w64-clang-x86_64-cc,
clang64,mingw-w64-clang-x86_64-libsystre,build-depends-on,mingw-w64-clang-x86_64-cc,
clang64,mingw-w64-clang-x86_64-libtasn1,build-depends-on,mingw-w64-clang-x86_64-cc,
clang64,mingw-w64-clang-x86_64-libtermkey,build-depends-on,mingw-w64-clang-x86_64-cc,
clang64,mingw-w64-clang-x86_64-libthai,build-depends-on,mingw-w64-clang-x86_64-cc,
clang64,mingw-w64-clang-x86_64-libthai-docs,build-depends-on,mingw-w64-clang-x86_64-cc,
clang64,mingw-w64-clang-x86_64-libtheora,build-depends-on,mingw-w64-clang-x86_64-SDL,
clang64,mingw-w64-clang-x86_64-libtheora,build-depends-on,mingw-w64-clang-x86_64-cc,
clang64,mingw-w64-clang-x86_64-libtiff,build-depends-on,mingw-w64-clang-x86_64-cc,
clang64,mingw-w64-clang-x86_64-libtiff-docs,build-depends-on,mingw-w64-clang-x86_64-cc,
clang64,mingw-w64-clang-x86_64-libtimidity,build-depends-on,mingw-w64-clang-x86_64-cc,
clang64,mingw-w64-clang-x86_64-libtomcrypt,build-depends-on,mingw-w64-clang-x86_64-cc,
clang64,mingw-w64-clang-x86_64-libtommath,build-depends-on,mingw-w64-clang-x86_64-cc,
clang64,mingw-w64-clang-x86_64-libtool,build-depends-on,mingw-w64-clang-x86_64-cc,
clang64,mingw-w64-clang-x86_64-libtorrent-rasterbar,build-depends-on,mingw-w64-clang-x86_64-cc,
clang64,mingw-w64-clang-x86_64-libtre,build-depends-on,mingw-w64-clang-x86_64-cc,
clang64,mingw-w64-clang-x86_64-libtree-sitter,build-depends-on,mingw-w64-clang-x86_64-cc,
clang64,mingw-w64-clang-x86_64-libu2f-emu,build-depends-on,mingw-w64-clang-x86_64-cc,
clang64,mingw-w64-clang-x86_64-libuhd,build-depends-on,mingw-w64-clang-x86_64-cc,
clang64,mingw-w64-clang-x86_64-libultrahdr,build-depends-on,mingw-w64-clang-x86_64-cc,
clang64,mingw-w64-clang-x86_64-libunibreak,build-depends-on,mingw-w64-clang-x86_64-cc,
clang64,mingw-w64-clang-x86_64-libunifex,build-depends-on,mingw-w64-clang-x86_64-cc,
clang64,mingw-w64-clang-x86_64-libuninameslist,build-depends-on,mingw-w64-clang-x86_64-cc,
clang64,mingw-w64-clang-x86_64-libunistring,build-depends-on,mingw-w64-clang-x86_64-cc,
clang64,mingw-w64-clang-x86_64-libusb,build-depends-on,mingw-w64-clang-x86_64-cc,
clang64,mingw-w64-clang-x86_64-libusb-compat,build-depends-on,mingw-w64-clang-x86_64-cc,
clang64,mingw-w64-clang-x86_64-libusb-win32,build-depends-on,mingw-w64-clang-x86_64-cc,
clang64,mingw-w64-clang-x86_64-libusbmuxd,build-depends-on,mingw-w64-clang-x86_64-cc,
clang64,mingw-w64-clang-x86_64-libutf8proc,build-depends-on,mingw-w64-clang-x86_64-cc,
clang64,mingw-w64-clang-x86_64-libutp,build-depends-on,mingw-w64-clang-x86_64-cc,
clang64,mingw-w64-clang-x86_64-libuv,build-depends-on,mingw-w64-clang-x86_64-cc,
clang64,mingw-w64-clang-x86_64-libva,build-depends-on,mingw-w64-clang-x86_64-cc,
clang64,mingw-w64-clang-x86_64-libva-utils,build-depends-on,mingw-w64-clang-x86_64-cc,
clang64,mingw-w64-clang-x86_64-libvips,build-depends-on,mingw-w64-clang-x86_64-cc,
clang64,mingw-w64-clang-x86_64-libvips,build-depends-on,mingw-w64-clang-x86_64-omp,
clang64,mingw-w64-clang-x86_64-libvirt,build-depends-on,mingw-w64-clang-x86_64-cc,
clang64,mingw-w64-clang-x86_64-libvirt-glib,build-depends-on,mingw-w64-clang-x86_64-cc,
clang64,mingw-w64-clang-x86_64-libvisio,build-depends-on,mingw-w64-clang-x86_64-cc,
clang64,mingw-w64-clang-x86_64-libvmime,build-depends-on,mingw-w64-clang-x86_64-cc,
clang64,mingw-w64-clang-x86_64-libvncserver,build-depends-on,mingw-w64-clang-x86_64-SDL2,
clang64,mingw-w64-clang-x86_64-libvncserver,build-depends-on,mingw-w64-clang-x86_64-cc,
clang64,mingw-w64-clang-x86_64-libvoikko,build-depends-on,mingw-w64-clang-x86_64-cc,
clang64,mingw-w64-clang-x86_64-libvorbis,build-depends-on,mingw-w64-clang-x86_64-cc,
clang64,mingw-w64-clang-x86_64-libvpl,build-depends-on,mingw-w64-clang-x86_64-cc,
clang64,mingw-w64-clang-x86_64-libvpx,build-depends-on,mingw-w64-clang-x86_64-cc,
clang64,mingw-w64-clang-x86_64-libvterm,build-depends-on,mingw-w64-clang-x86_64-cc,
clang64,mingw-w64-clang-x86_64-libwebm,build-depends-on,mingw-w64-clang-x86_64-cc,
clang64,mingw-w64-clang-x86_64-libwebp,build-depends-on,mingw-w64-clang-x86_64-cc,
clang64,mingw-w64-clang-x86_64-libwebsockets,build-depends-on,mingw-w64-clang-x86_64-cc,
clang64,mingw-w64-clang-x86_64-libwinpthread,build-depends-on,mingw-w64-clang-x86_64-cc,
clang64,mingw-w64-clang-x86_64-libwmf,build-depends-on,mingw-w64-clang-x86_64-cc,
clang64,mingw-w64-clang-x86_64-libwpd,build-depends-on,mingw-w64-clang-x86_64-cc,
clang64,mingw-w64-clang-x86_64-libwpg,build-depends-on,mingw-w64-clang-x86_64-cc,
clang64,mingw-w64-clang-x86_64-libwps,build-depends-on,mingw-w64-clang-x86_64-cc,
clang64,mingw-w64-clang-x86_64-libx264,build-depends-on,mingw-w64-clang-x86_64-cc,
clang64,mingw-w64-clang-x86_64-libxc,build-depends-on,mingw-w64-clang-x86_64-cc,
clang64,mingw-w64-clang-x86_64-libxc,build-depends-on,mingw-w64-clang-x86_64-fc,
clang64,mingw-w64-clang-x86_64-libxisf,build-depends-on,mingw-w64-clang-x86_64-cc,
clang64,mingw-w64-clang-x86_64-libxlsxwriter,build-depends-on,mingw-w64-clang-x86_64-cc,
clang64,mingw-w64-clang-x86_64-libxml++,build-depends-on,mingw-w64-clang-x86_64-cc,
clang64,mingw-w64-clang-x86_64-libxml++-5.0,build-depends-on,mingw-w64-clang-x86_64-cc,
clang64,mingw-w64-clang-x86_64-libxml++2.6,build-depends-on,mingw-w64-clang-x86_64-cc,
clang64,mingw-w64-clang-x86_64-libxml2,build-depends-on,mingw-w64-clang-x86_64-cc,
clang64,mingw-w64-clang-x86_64-libxml2-docs,build-depends-on,mingw-w64-clang-x86_64-cc,
clang64,mingw-w64-clang-x86_64-libxmlb,build-depends-on,mingw-w64-clang-x86_64-cc,
clang64,mingw-w64-clang-x86_64-libxmp,build-depends-on,mingw-w64-clang-x86_64-cc,
clang64,mingw-w64-clang-x86_64-libxs,build-depends-on,mingw-w64-clang-x86_64-cc,
clang64,mingw-w64-clang-x86_64-libxs,build-depends-on,mingw-w64-clang-x86_64-fc,
clang64,mingw-w64-clang-x86_64-libxslt,build-depends-on,mingw-w64-clang-x86_64-cc,
clang64,mingw-w64-clang-x86_64-libxsmm,build-depends-on,mingw-w64-clang-x86_64-cc,
clang64,mingw-w64-clang-x86_64-libxsmm,build-depends-on,mingw-w64-clang-x86_64-fc,
clang64,mingw-w64-clang-x86_64-libxsmm,build-depends-on,mingw-w64-clang-x86_64-omp,
clang64,mingw-w64-clang-x86_64-libyaml,build-depends-on,mingw-w64-clang-x86_64-cc,
clang64,mingw-w64-clang-x86_64-libyuv,build-depends-on,mingw-w64-clang-x86_64-cc,
clang64,mingw-w64-clang-x86_64-libzen,build-depends-on,mingw-w64-clang-x86_64-cc,
clang64,mingw-w64-clang-x86_64-libzip,build-depends-on,mingw-w64-clang-x86_64-cc,
clang64,mingw-w64-clang-x86_64-libzmf,build-depends-on,mingw-w64-clang-x86_64-cc,
clang64,mingw-w64-clang-x86_64-lilv,build-depends-on,mingw-w64-clang-x86_64-cc,
clang64,mingw-w64-clang-x86_64-lis,build-depends-on,mingw-w64-clang-x86_64-cc,
clang64,mingw-w64-clang-x86_64-lite-xl,build-depends-on,mingw-w64-clang-x86_64-cc,
clang64,mingw-w64-clang-x86_64-litehtml,build-depends-on,mingw-w64-clang-x86_64-cc,
clang64,mingw-w64-clang-x86_64-live-chart,build-depends-on,mingw-w64-clang-x86_64-cc,
clang64,mingw-w64-clang-x86_64-live-chart-gtk3,build-depends-on,mingw-w64-clang-x86_64-cc,
clang64,mingw-w64-clang-x86_64-live-media,build-depends-on,mingw-w64-clang-x86_64-cc,
clang64,mingw-w64-clang-x86_64-live-photo-conv,build-depends-on,mingw-w64-clang-x86_64-cc,
clang64,mingw-w64-clang-x86_64-llama.cpp,build-depends-on,mingw-w64-clang-x86_64-cc,
clang64,mingw-w64-clang-x86_64-llama.qtcreator,build-depends-on,mingw-w64-clang-x86_64-cc,
clang64,mingw-w64-clang-x86_64-lld-21,build-depends-on,mingw-w64-clang-x86_64-cc,
clang64,mingw-w64-clang-x86_64-lldb,build-depends-on,mingw-w64-clang-x86_64-cc,
clang64,mingw-w64-clang-x86_64-lldb-mi,build-depends-on,mingw-w64-clang-x86_64-cc,
clang64,mingw-w64-clang-x86_64-llvm-21,build-depends-on,mingw-w64-clang-x86_64-cc,
clang64,mingw-w64-clang-x86_64-llvm-openmp,build-depends-on,mingw-w64-clang-x86_64-cc,
clang64,mingw-w64-clang-x86_64-lmdb,build-depends-on,mingw-w64-clang-x86_64-cc,
clang64,mingw-w64-clang-x86_64-lmdbxx,build-depends-on,mingw-w64-clang-x86_64-cc,
clang64,mingw-w64-clang-x86_64-log4cpp,build-depends-on,mingw-w64-clang-x86_64-cc,
clang64,mingw-w64-clang-x86_64-log4cxx,build-depends-on,mingw-w64-clang-x86_64-cc,
clang64,mingw-w64-clang-x86_64-lokalize,build-depends-on,mingw-w64-clang-x86_64-cc,
clang64,mingw-w64-clang-x86_64-lpsolve,build-depends-on,mingw-w64-clang-x86_64-cc,
clang64,mingw-w64-clang-x86_64-lrcalc,build-depends-on,mingw-w64-clang-x86_64-cc,
clang64,mingw-w64-clang-x86_64-lrdf,build-depends-on,mingw-w64-clang-x86_64-cc,
clang64,mingw-w64-clang-x86_64-lua,build-depends-on,mingw-w64-clang-x86_64-cc,
clang64,mingw-w64-clang-x86_64-lua-cjson,build-depends-on,mingw-w64-clang-x86_64-cc,
clang64,mingw-w64-clang-x86_64-lua-lgi,build-depends-on,mingw-w64-clang-x86_64-cc,
clang64,mingw-w64-clang-x86_64-lua-lpeg,build-depends-on,mingw-w64-clang-x86_64-cc,
clang64,mingw-w64-clang-x86_64-lua-luafilesystem,build-depends-on,mingw-w64-clang-x86_64-cc,
clang64,mingw-w64-clang-x86_64-lua-luarocks,build-depends-on,mingw-w64-clang-x86_64-cc,
clang64,mingw-w64-clang-x86_64-lua-mpack,build-depends-on,mingw-w64-clang-x86_64-cc,
clang64,mingw-w64-clang-x86_64-lua51,build-depends-on,mingw-w64-clang-x86_64-cc,
clang64,mingw-w64-clang-x86_64-lua51-bitop,build-depends-on,mingw-w64-clang-x86_64-cc,
clang64,mingw-w64-clang-x86_64-lua51-cjson,build-depends-on,mingw-w64-clang-x86_64-cc,
clang64,mingw-w64-clang-x86_64-lua51-lgi,build-depends-on,mingw-w64-clang-x86_64-cc,
clang64,mingw-w64-clang-x86_64-lua51-lpeg,build-depends-on,mingw-w64-clang-x86_64-cc,
clang64,mingw-w64-clang-x86_64-lua51-lsqlite3,build-depends-on,mingw-w64-clang-x86_64-cc,
clang64,mingw-w64-clang-x86_64-lua51-luafilesystem,build-depends-on,mingw-w64-clang-x86_64-cc,
clang64,mingw-w64-clang-x86_64-lua51-mpack,build-depends-on,mingw-w64-clang-x86_64-cc,
clang64,mingw-w64-clang-x86_64-lua51-winapi,build-depends-on,mingw-w64-clang-x86_64-cc,
clang64,mingw-w64-clang-x86_64-lua53,build-depends-on,mingw-w64-clang-x86_64-cc,
clang64,mingw-w64-clang-x86_64-lua53-cjson,build-depends-on,mingw-w64-clang-x86_64-cc,
clang64,mingw-w64-clang-x86_64-lua53-lgi,build-depends-on,mingw-w64-clang-x86_64-cc,
clang64,mingw-w64-clang-x86_64-lua53-luafilesystem,build-depends-on,mingw-w64-clang-x86_64-cc,
clang64,mingw-w64-clang-x86_64-lua54,build-depends-on,mingw-w64-clang-x86_64-cc,
clang64,mingw-w64-clang-x86_64-lua54-cjson,build-depends-on,mingw-w64-clang-x86_64-cc,
clang64,mingw-w64-clang-x86_64-lua54-lgi,build-depends-on,mingw-w64-clang-x86_64-cc,
clang64,mingw-w64-clang-x86_64-lua54-luafilesystem,build-depends-on,mingw-w64-clang-x86_64-cc,
clang64,mingw-w64-clang-x86_64-luajit,build-depends-on,mingw-w64-clang-x86_64-cc,
clang64,mingw-w64-clang-x86_64-luanti,build-depends-on,mingw-w64-clang-x86_64-SDL2,
clang64,mingw-w64-clang-x86_64-luanti,build-depends-on,mingw-w64-clang-x86_64-cc,
clang64,mingw-w64-clang-x86_64-luanti,build-depends-on,mingw-w64-clang-x86_64-sqlite,
clang64,mingw-w64-clang-x86_64-luanti-common,build-depends-on,mingw-w64-clang-x86_64-SDL2,
clang64,mingw-w64-clang-x86_64-luanti-common,build-depends-on,mingw-w64-clang-x86_64-cc,
clang64,mingw-w64-clang-x86_64-luanti-common,build-depends-on,mingw-w64-clang-x86_64-sqlite,
clang64,mingw-w64-clang-x86_64-luanti-server,build-depends-on,mingw-w64-clang-x86_64-SDL2,
clang64,mingw-w64-clang-x86_64-luanti-server,build-depends-on,mingw-w64-clang-x86_64-cc,
clang64,mingw-w64-clang-x86_64-luanti-server,build-depends-on,mingw-w64-clang-x86_64-sqlite,
clang64,mingw-w64-clang-x86_64-lv2,build-depends-on,mingw-w64-clang-x86_64-cc,
clang64,mingw-w64-clang-x86_64-lv2-docs,build-depends-on,mingw-w64-clang-x86_64-cc,
clang64,mingw-w64-clang-x86_64-lz4,build-depends-on,mingw-w64-clang-x86_64-cc,
clang64,mingw-w64-clang-x86_64-lzo2,build-depends-on,mingw-w64-clang-x86_64-cc,
clang64,mingw-w64-clang-x86_64-m4ri,build-depends-on,mingw-w64-clang-x86_64-cc,
clang64,mingw-w64-clang-x86_64-m4rie,build-depends-on,mingw-w64-clang-x86_64-cc,
clang64,mingw-w64-clang-x86_64-m68k-apple-macos-binutils,build-depends-on,mingw-w64-clang-x86_64-cc,
clang64,mingw-w64-clang-x86_64-maeparser,build-depends-on,mingw-w64-clang-x86_64-cc,
clang64,mingw-w64-clang-x86_64-magnum,build-depends-on,mingw-w64-clang-x86_64-cc,
clang64,mingw-w64-clang-x86_64-magnum-integration,build-depends-on,mingw-w64-clang-x86_64-cc,
clang64,mingw-w64-clang-x86_64-magnum-plugins,build-depends-on,mingw-w64-clang-x86_64-cc,
clang64,mingw-w64-clang-x86_64-make,build-depends-on,mingw-w64-clang-x86_64-gcc,
clang64,mingw-w64-clang-x86_64-manifold,build-depends-on,mingw-w64-clang-x86_64-cc,
clang64,mingw-w64-clang-x86_64-manim,build-depends-on,mingw-w64-clang-x86_64-cc,
clang64,mingw-w64-clang-x86_64-mapbox-earcut,build-depends-on,mingw-w64-clang-x86_64-cc,
clang64,mingw-w64-clang-x86_64-mapserver,build-depends-on,mingw-w64-clang-x86_64-cc,
clang64,mingw-w64-clang-x86_64-marisa,build-depends-on,mingw-w64-clang-x86_64-cc,
clang64,mingw-w64-clang-x86_64-mathgl,build-depends-on,mingw-w64-clang-x86_64-cc,
clang64,mingw-w64-clang-x86_64-matio,build-depends-on,mingw-w64-clang-x86_64-cc,
clang64,mingw-w64-clang-x86_64-maxflow,build-depends-on,mingw-w64-clang-x86_64-cc,
clang64,mingw-w64-clang-x86_64-mbedtls,build-depends-on,mingw-w64-clang-x86_64-cc,
clang64,mingw-w64-clang-x86_64-mcfgthread,build-depends-on,mingw-w64-clang-x86_64-cc,
clang64,mingw-w64-clang-x86_64-mcfgthread-libs,build-depends-on,mingw-w64-clang-x86_64-cc,
clang64,mingw-w64-clang-x86_64-mcpp,build-depends-on,mingw-w64-clang-x86_64-cc,
clang64,mingw-w64-clang-x86_64-mcqd,build-depends-on,mingw-w64-clang-x86_64-cc,
clang64,mingw-w64-clang-x86_64-mctc-lib,build-depends-on,mingw-w64-clang-x86_64-fc,
clang64,mingw-w64-clang-x86_64-md4c,build-depends-on,mingw-w64-clang-x86_64-cc,
clang64,mingw-w64-clang-x86_64-mdds,build-depends-on,mingw-w64-clang-x86_64-cc,
clang64,mingw-w64-clang-x86_64-mdloader,build-depends-on,mingw-w64-clang-x86_64-cc,
clang64,mingw-w64-clang-x86_64-meanwhile,build-depends-on,mingw-w64-clang-x86_64-cc,
clang64,mingw-w64-clang-x86_64-mecab,build-depends-on,mingw-w64-clang-x86_64-cc,
clang64,mingw-w64-clang-x86_64-med,build-depends-on,mingw-w64-clang-x86_64-cc,
clang64,mingw-w64-clang-x86_64-med,build-depends-on,mingw-w64-clang-x86_64-fc,
clang64,mingw-w64-clang-x86_64-mediainfo,build-depends-on,mingw-w64-clang-x86_64-cc,
clang64,mingw-w64-clang-x86_64-mediainfo-gui,build-depends-on,mingw-w64-clang-x86_64-cc,
clang64,mingw-w64-clang-x86_64-meld3,build-depends-on,mingw-w64-clang-x86_64-cc,
clang64,mingw-w64-clang-x86_64-mesa,build-depends-on,mingw-w64-clang-x86_64-cc,
clang64,mingw-w64-clang-x86_64-meshoptimizer,build-depends-on,mingw-w64-clang-x86_64-cc,
clang64,mingw-w64-clang-x86_64-metis,build-depends-on,mingw-w64-clang-x86_64-cc,
clang64,mingw-w64-clang-x86_64-mfem,build-depends-on,mingw-w64-clang-x86_64-cc,
clang64,mingw-w64-clang-x86_64-mgba,build-depends-on,mingw-w64-clang-x86_64-SDL2,
clang64,mingw-w64-clang-x86_64-mgba,build-depends-on,mingw-w64-clang-x86_64-cc,
clang64,mingw-w64-clang-x86_64-mhook,build-depends-on,mingw-w64-clang-x86_64-cc,
clang64,mingw-w64-clang-x86_64-micro,build-depends-on,mingw-w64-clang-x86_64-cc,
clang64,mingw-w64-clang-x86_64-microsoft-gsl,build-depends-on,mingw-w64-clang-x86_64-cc,
clang64,mingw-w64-clang-x86_64-mimalloc,build-depends-on,mingw-w64-clang-x86_64-cc,
clang64,mingw-w64-clang-x86_64-miniaudio,build-depends-on,mingw-w64-clang-x86_64-SDL2,
clang64,mingw-w64-clang-x86_64-miniaudio,build-depends-on,mingw-w64-clang-x86_64-cc,
clang64,mingw-w64-clang-x86_64-minio,build-depends-on,mingw-w64-clang-x86_64-cc,
clang64,mingw-w64-clang-x86_64-minio-client,build-depends-on,mingw-w64-clang-x86_64-cc,
clang64,mingw-w64-clang-x86_64-minio-docs,build-depends-on,mingw-w64-clang-x86_64-cc,
clang64,mingw-w64-clang-x86_64-miniserve,build-depends-on,mingw-w64-clang-x86_64-cc,
clang64,mingw-w64-clang-x86_64-minisign,build-depends-on,mingw-w64-clang-x86_64-cc,
clang64,mingw-w64-clang-x86_64-miniupnpc,build-depends-on,mingw-w64-clang-x86_64-cc,
clang64,mingw-w64-clang-x86_64-minizip,build-depends-on,mingw-w64-clang-x86_64-cc,
clang64,mingw-w64-clang-x86_64-minizip-ng,build-depends-on,mingw-w64-clang-x86_64-cc,
clang64,mingw-w64-clang-x86_64-mkvtoolnix-cli,build-depends-on,mingw-w64-clang-x86_64-cc,
clang64,mingw-w64-clang-x86_64-mkvtoolnix-gui,build-depends-on,mingw-w64-clang-x86_64-cc,
clang64,mingw-w64-clang-x86_64-mlpack,build-depends-on,mingw-w64-clang-x86_64-cc,
clang64,mingw-w64-clang-x86_64-mlt,build-depends-on,mingw-w64-clang-x86_64-SDL,
clang64,mingw-w64-clang-x86_64-mlt,build-depends-on,mingw-w64-clang-x86_64-cc,
clang64,mingw-w64-clang-x86_64-mman-win32,build-depends-on,mingw-w64-clang-x86_64-cc,
clang64,mingw-w64-clang-x86_64-mmtf-cpp,build-depends-on,mingw-w64-clang-x86_64-cc,
clang64,mingw-w64-clang-x86_64-moab,build-depends-on,mingw-w64-clang-x86_64-cc,
clang64,mingw-w64-clang-x86_64-mold,build-depends-on,mingw-w64-clang-x86_64-cc,
clang64,mingw-w64-clang-x86_64-molequeue,build-depends-on,mingw-w64-clang-x86_64-cc,
clang64,mingw-w64-clang-x86_64-mongo-c-driver,build-depends-on,mingw-w64-clang-x86_64-cc,
clang64,mingw-w64-clang-x86_64-mono,build-depends-on,mingw-w64-clang-x86_64-cc,
clang64,mingw-w64-clang-x86_64-mono,build-depends-on,perl-XML-Parser,
clang64,mingw-w64-clang-x86_64-mono-basic,build-depends-on,mingw-w64-clang-x86_64-cc,
clang64,mingw-w64-clang-x86_64-moor,build-depends-on,mingw-w64-clang-x86_64-cc,
clang64,mingw-w64-clang-x86_64-mopac,build-depends-on,mingw-w64-clang-x86_64-fc,
clang64,mingw-w64-clang-x86_64-mosquitto,build-depends-on,mingw-w64-clang-x86_64-cc,
clang64,mingw-w64-clang-x86_64-mpc,build-depends-on,mingw-w64-clang-x86_64-cc,
clang64,mingw-w64-clang-x86_64-mpdecimal,build-depends-on,mingw-w64-clang-x86_64-cc,
clang64,mingw-w64-clang-x86_64-mpfi,build-depends-on,mingw-w64-clang-x86_64-cc,
clang64,mingw-w64-clang-x86_64-mpfr,build-depends-on,mingw-w64-clang-x86_64-cc,
clang64,mingw-w64-clang-x86_64-mpg123,build-depends-on,mingw-w64-clang-x86_64-SDL2,
clang64,mingw-w64-clang-x86_64-mpg123,build-depends-on,mingw-w64-clang-x86_64-cc,
clang64,mingw-w64-clang-x86_64-mpv,build-depends-on,mingw-w64-clang-x86_64-cc,
clang64,mingw-w64-clang-x86_64-mruby,build-depends-on,mingw-w64-clang-x86_64-cc,
clang64,mingw-w64-clang-x86_64-mscgen,build-depends-on,mingw-w64-clang-x86_64-cc,
clang64,mingw-w64-clang-x86_64-msgpack-c,build-depends-on,mingw-w64-clang-x86_64-cc,
clang64,mingw-w64-clang-x86_64-msgpack-cxx,build-depends-on,mingw-w64-clang-x86_64-cc,
clang64,mingw-w64-clang-x86_64-msitools,build-depends-on,mingw-w64-clang-x86_64-cc,
clang64,mingw-w64-clang-x86_64-msmpi,build-depends-on,mingw-w64-clang-x86_64-fc,
clang64,mingw-w64-clang-x86_64-msmtp,build-depends-on,mingw-w64-clang-x86_64-cc,
clang64,mingw-w64-clang-x86_64-msolve,build-depends-on,mingw-w64-clang-x86_64-cc,
clang64,mingw-w64-clang-x86_64-mstore,build-depends-on,mingw-w64-clang-x86_64-fc,
clang64,mingw-w64-clang-x86_64-mtex2MML,build-depends-on,bison,
clang64,mingw-w64-clang-x86_64-mtex2MML,build-depends-on,flex,
clang64,mingw-w64-clang-x86_64-mtex2MML,build-depends-on,mingw-w64-clang-x86_64-cc,
clang64,mingw-w64-clang-x86_64-mtex2MML,build-depends-on,mingw-w64-clang-x86_64-cmake,
clang64,mingw-w64-clang-x86_64-mtex2MML,build-depends-on,mingw-w64-clang-x86_64-pkgconf,
clang64,mingw-w64-clang-x86_64-mtex2MML,build-depends-on,mingw-w64-clang-x86_64-python3,
clang64,mingw-w64-clang-x86_64-mtn,build-depends-on,mingw-w64-clang-x86_64-cc,
clang64,mingw-w64-clang-x86_64-mujs,build-depends-on,mingw-w64-clang-x86_64-cc,
clang64,mingw-w64-clang-x86_64-multicharge,build-depends-on,mingw-w64-clang-x86_64-fc,
clang64,mingw-w64-clang-x86_64-mumps,build-depends-on,mingw-w64-clang-x86_64-cc,
clang64,mingw-w64-clang-x86_64-mumps,build-depends-on,mingw-w64-clang-x86_64-fc,
clang64,mingw-w64-clang-x86_64-munt,build-depends-on,mingw-w64-clang-x86_64-cc,
clang64,mingw-w64-clang-x86_64-munt-mt32emu,build-depends-on,mingw-w64-clang-x86_64-cc,
clang64,mingw-w64-clang-x86_64-muon,build-depends-on,mingw-w64-clang-x86_64-cc,
clang64,mingw-w64-clang-x86_64-muparser,build-depends-on,mingw-w64-clang-x86_64-cc,
clang64,mingw-w64-clang-x86_64-mupdf,build-depends-on,mingw-w64-clang-x86_64-gcc,
clang64,mingw-w64-clang-x86_64-mupdf-gl,build-depends-on,mingw-w64-clang-x86_64-gcc,
clang64,mingw-w64-clang-x86_64-mupdf-tools,build-depends-on,mingw-w64-clang-x86_64-gcc,
clang64,mingw-w64-clang-x86_64-mxml,build-depends-on,mingw-w64-clang-x86_64-cc,
clang64,mingw-w64-clang-x86_64-mypaint,build-depends-on,mingw-w64-clang-x86_64-cc,
clang64,mingw-w64-clang-x86_64-mypaint-brushes,build-depends-on,mingw-w64-clang-x86_64-cc,
clang64,mingw-w64-clang-x86_64-mypaint-brushes2,build-depends-on,mingw-w64-clang-x86_64-cc,
clang64,mingw-w64-clang-x86_64-mypy,build-depends-on,mingw-w64-clang-x86_64-cc,
clang64,mingw-w64-clang-x86_64-mythes,build-depends-on,mingw-w64-clang-x86_64-cc,
clang64,mingw-w64-clang-x86_64-nana,build-depends-on,mingw-w64-clang-x86_64-cc,
clang64,mingw-w64-clang-x86_64-nanoarrow,build-depends-on,mingw-w64-clang-x86_64-cc,
clang64,mingw-w64-clang-x86_64-nanobind,build-depends-on,mingw-w64-clang-x86_64-cc,
clang64,mingw-w64-clang-x86_64-nanodbc,build-depends-on,mingw-w64-clang-x86_64-cc,
clang64,mingw-w64-clang-x86_64-nanogui,build-depends-on,mingw-w64-clang-x86_64-cc,
clang64,mingw-w64-clang-x86_64-nanovg,build-depends-on,mingw-w64-clang-x86_64-cc,
clang64,mingw-w64-clang-x86_64-nasm,build-depends-on,mingw-w64-clang-x86_64-cc,
clang64,mingw-w64-clang-x86_64-nativefiledialog-extended,build-depends-on,mingw-w64-clang-x86_64-cc,
clang64,mingw-w64-clang-x86_64-nauty,build-depends-on,mingw-w64-clang-x86_64-cc,
clang64,mingw-w64-clang-x86_64-ncurses,build-depends-on,mingw-w64-clang-x86_64-cc,
clang64,mingw-w64-clang-x86_64-neon,build-depends-on,mingw-w64-clang-x86_64-cc,
clang64,mingw-w64-clang-x86_64-neovim,build-depends-on,mingw-w64-clang-x86_64-cc,
clang64,mingw-w64-clang-x86_64-neovim-qt,build-depends-on,mingw-w64-clang-x86_64-cc,
clang64,mingw-w64-clang-x86_64-netcdf,build-depends-on,mingw-w64-clang-x86_64-cc,
clang64,mingw-w64-clang-x86_64-netcdf-cxx,build-depends-on,mingw-w64-clang-x86_64-cc,
clang64,mingw-w64-clang-x86_64-netcdf-fortran,build-depends-on,mingw-w64-clang-x86_64-cc,
clang64,mingw-w64-clang-x86_64-netcdf-fortran,build-depends-on,mingw-w64-clang-x86_64-fc,
clang64,mingw-w64-clang-x86_64-nettle,build-depends-on,mingw-w64-clang-x86_64-cc,
clang64,mingw-w64-clang-x86_64-nettle3,build-depends-on,mingw-w64-clang-x86_64-cc,
clang64,mingw-w64-clang-x86_64-newton-dynamics,build-depends-on,mingw-w64-clang-x86_64-cc,
clang64,mingw-w64-clang-x86_64-nextpnr,build-depends-on,mingw-w64-clang-x86_64-cc,
clang64,mingw-w64-clang-x86_64-nfft,build-depends-on,mingw-w64-clang-x86_64-cc,
clang64,mingw-w64-clang-x86_64-ng-log,build-depends-on,mingw-w64-clang-x86_64-cc,
clang64,mingw-w64-clang-x86_64-nghttp2,build-depends-on,mingw-w64-clang-x86_64-cc,
clang64,mingw-w64-clang-x86_64-nghttp3,build-depends-on,mingw-w64-clang-x86_64-cc,
clang64,mingw-w64-clang-x86_64-ngraph-gtk,build-depends-on,mingw-w64-clang-x86_64-cc,
clang64,mingw-w64-clang-x86_64-ngspice,build-depends-on,mingw-w64-clang-x86_64-cc,
clang64,mingw-w64-clang-x86_64-ngtcp2,build-depends-on,mingw-w64-clang-x86_64-cc,
clang64,mingw-w64-clang-x86_64-ninja,build-depends-on,mingw-w64-clang-x86_64-cc,
clang64,mingw-w64-clang-x86_64-nlohmann-json,build-depends-on,mingw-w64-clang-x86_64-cc,
clang64,mingw-w64-clang-x86_64-nlopt,build-depends-on,mingw-w64-clang-x86_64-cc,
clang64,mingw-w64-clang-x86_64-nme,build-depends-on,mingw-w64-clang-x86_64-cc,
clang64,mingw-w64-clang-x86_64-nng,build-depends-on,mingw-w64-clang-x86_64-cc,
clang64,mingw-w64-clang-x86_64-nodeeditor,build-depends-on,mingw-w64-clang-x86_64-cc,
clang64,mingw-w64-clang-x86_64-nodejs,build-depends-on,mingw-w64-clang-x86_64-cc,
clang64,mingw-w64-clang-x86_64-notcurses,build-depends-on,mingw-w64-clang-x86_64-cc,
clang64,mingw-w64-clang-x86_64-notepad++,build-depends-on,mingw-w64-clang-x86_64-gcc,
clang64,mingw-w64-clang-x86_64-npth,build-depends-on,mingw-w64-clang-x86_64-cc,
clang64,mingw-w64-clang-x86_64-nsis,build-depends-on,mingw-w64-clang-x86_64-cc,
clang64,mingw-w64-clang-x86_64-nspr,build-depends-on,mingw-w64-clang-x86_64-cc,
clang64,mingw-w64-clang-x86_64-nss,build-depends-on,mingw-w64-clang-x86_64-cc,
clang64,mingw-w64-clang-x86_64-nsync,build-depends-on,mingw-w64-clang-x86_64-cc,
clang64,mingw-w64-clang-x86_64-ntl,build-depends-on,mingw-w64-clang-x86_64-cc,
clang64,mingw-w64-clang-x86_64-ntldd,build-depends-on,mingw-w64-clang-x86_64-cc,
clang64,mingw-w64-clang-x86_64-nuspell,build-depends-on,mingw-w64-clang-x86_64-cc,
clang64,mingw-w64-clang-x86_64-nvidia-cg-toolkit,build-depends-on,mingw-w64-clang-x86_64-binutils,
clang64,mingw-w64-clang-x86_64-nvidia-cg-toolkit,build-depends-on,mingw-w64-clang-x86_64-cc,
clang64,mingw-w64-clang-x86_64-oatpp,build-depends-on,mingw-w64-clang-x86_64-cc,
clang64,mingw-w64-clang-x86_64-oce,build-depends-on,mingw-w64-clang-x86_64-cc,
clang64,mingw-w64-clang-x86_64-octave,build-depends-on,mingw-w64-clang-x86_64-cc,
clang64,mingw-w64-clang-x86_64-octave,build-depends-on,mingw-w64-clang-x86_64-fc,
clang64,mingw-w64-clang-x86_64-ode,build-depends-on,mingw-w64-clang-x86_64-cc,
clang64,mingw-w64-clang-x86_64-odt2txt,build-depends-on,mingw-w64-clang-x86_64-cc,
clang64,mingw-w64-clang-x86_64-ogre3d,build-depends-on,mingw-w64-clang-x86_64-cc,
clang64,mingw-w64-clang-x86_64-oh-my-posh,build-depends-on,mingw-w64-clang-x86_64-cc,
clang64,mingw-w64-clang-x86_64-ois,build-depends-on,mingw-w64-clang-x86_64-cc,
clang64,mingw-w64-clang-x86_64-okular,build-depends-on,mingw-w64-clang-x86_64-cc,
clang64,mingw-w64-clang-x86_64-ollama,build-depends-on,mingw-w64-clang-x86_64-cc,
clang64,mingw-w64-clang-x86_64-onednn,build-depends-on,mingw-w64-clang-x86_64-cc,
clang64,mingw-w64-clang-x86_64-onigmo,build-depends-on,mingw-w64-clang-x86_64-cc,
clang64,mingw-w64-clang-x86_64-oniguruma,build-depends-on,mingw-w64-clang-x86_64-cc,
clang64,mingw-w64-clang-x86_64-onnx,build-depends-on,mingw-w64-clang-x86_64-cc,
clang64,mingw-w64-clang-x86_64-onnxruntime,build-depends-on,mingw-w64-clang-x86_64-cc,
clang64,mingw-w64-clang-x86_64-open62541,build-depends-on,mingw-w64-clang-x86_64-cc,
clang64,mingw-w64-clang-x86_64-openFPGALoader,build-depends-on,mingw-w64-clang-x86_64-cc,
clang64,mingw-w64-clang-x86_64-openFPGALoader,build-depends-on,mingw-w64-clang-x86_64-cmake,
clang64,mingw-w64-clang-x86_64-openFPGALoader,build-depends-on,mingw-w64-clang-x86_64-ninja,
clang64,mingw-w64-clang-x86_64-openal,build-depends-on,mingw-w64-clang-x86_64-cc,
clang64,mingw-w64-clang-x86_64-openapv,build-depends-on,mingw-w64-clang-x86_64-cc,
clang64,mingw-w64-clang-x86_64-openbabel,build-depends-on,mingw-w64-clang-x86_64-cc,
clang64,mingw-w64-clang-x86_64-openblas,build-depends-on,mingw-w64-clang-x86_64-cc,
clang64,mingw-w64-clang-x86_64-openblas,build-depends-on,mingw-w64-clang-x86_64-fc,
clang64,mingw-w64-clang-x86_64-openblas64,build-depends-on,mingw-w64-clang-x86_64-cc,
clang64,mingw-w64-clang-x86_64-openblas64,build-depends-on,mingw-w64-clang-x86_64-fc,
clang64,mingw-w64-clang-x86_64-opencamlib,build-depends-on,mingw-w64-clang-x86_64-cc,
clang64,mingw-w64-clang-x86_64-opencascade,build-depends-on,mingw-w64-clang-x86_64-cc,
clang64,mingw-w64-clang-x86_64-opencascade-doc-overview,build-depends-on,mingw-w64-clang-x86_64-cc,
clang64,mingw-w64-clang-x86_64-opencascade-doc-refman,build-depends-on,mingw-w64-clang-x86_64-cc,
clang64,mingw-w64-clang-x86_64-opencc,build-depends-on,mingw-w64-clang-x86_64-cc,
clang64,mingw-w64-clang-x86_64-opencl-clhpp,build-depends-on,mingw-w64-clang-x86_64-cc,
clang64,mingw-w64-clang-x86_64-opencl-headers,build-depends-on,mingw-w64-clang-x86_64-cc,
clang64,mingw-w64-clang-x86_64-opencl-icd,build-depends-on,mingw-w64-clang-x86_64-cc,
clang64,mingw-w64-clang-x86_64-opencollada,build-depends-on,mingw-w64-clang-x86_64-cc,
clang64,mingw-w64-clang-x86_64-opencolorio,build-depends-on,mingw-w64-clang-x86_64-cc,
clang64,mingw-w64-clang-x86_64-opencore-amr,build-depends-on,mingw-w64-clang-x86_64-cc,
clang64,mingw-w64-clang-x86_64-opencsg,build-depends-on,mingw-w64-clang-x86_64-cc,
clang64,mingw-w64-clang-x86_64-opencv,build-depends-on,mingw-w64-clang-x86_64-cc,
clang64,mingw-w64-clang-x86_64-opencv,build-depends-on,mingw-w64-clang-x86_64-fc,
clang64,mingw-w64-clang-x86_64-openexr,build-depends-on,mingw-w64-clang-x86_64-cc,
clang64,mingw-w64-clang-x86_64-openfa,build-depends-on,mingw-w64-clang-x86_64-cc,
clang64,mingw-w64-clang-x86_64-openh264,build-depends-on,mingw-w64-clang-x86_64-cc,
clang64,mingw-w64-clang-x86_64-openimagedenoise,build-depends-on,mingw-w64-clang-x86_64-cc,
clang64,mingw-w64-clang-x86_64-openimageio,build-depends-on,mingw-w64-clang-x86_64-cc,
clang64,mingw-w64-clang-x86_64-openjpeg2,build-depends-on,mingw-w64-clang-x86_64-cc,
clang64,mingw-w64-clang-x86_64-openjph,build-depends-on,mingw-w64-clang-x86_64-cc,
clang64,mingw-w64-clang-x86_64-openldap,build-depends-on,mingw-w64-clang-x86_64-cc,
clang64,mingw-w64-clang-x86_64-openlibm,build-depends-on,mingw-w64-clang-x86_64-cc,
clang64,mingw-w64-clang-x86_64-openocd,build-depends-on,mingw-w64-clang-x86_64-cc,
clang64,mingw-w64-clang-x86_64-openpgl,build-depends-on,mingw-w64-clang-x86_64-cc,
clang64,mingw-w64-clang-x86_64-openscad,build-depends-on,mingw-w64-clang-x86_64-cc,
clang64,mingw-w64-clang-x86_64-openshadinglanguage,build-depends-on,mingw-w64-clang-x86_64-cc,
clang64,mingw-w64-clang-x86_64-openslide,build-depends-on,mingw-w64-clang-x86_64-cc,
clang64,mingw-w64-clang-x86_64-openssl,build-depends-on,mingw-w64-clang-x86_64-cc,
clang64,mingw-w64-clang-x86_64-opensubdiv,build-depends-on,mingw-w64-clang-x86_64-cc,
clang64,mingw-w64-clang-x86_64-opensubdiv-docs,build-depends-on,mingw-w64-clang-x86_64-cc,
clang64,mingw-w64-clang-x86_64-opentimelineio,build-depends-on,mingw-w64-clang-x86_64-cc,
clang64,mingw-w64-clang-x86_64-openturns,build-depends-on,mingw-w64-clang-x86_64-cc,
clang64,mingw-w64-clang-x86_64-openvdb,build-depends-on,mingw-w64-clang-x86_64-cc,
clang64,mingw-w64-clang-x86_64-openvr,build-depends-on,mingw-w64-clang-x86_64-cc,
clang64,mingw-w64-clang-x86_64-openxr-sdk,build-depends-on,mingw-w64-clang-x86_64-cc,
clang64,mingw-w64-clang-x86_64-optipng,build-depends-on,mingw-w64-clang-x86_64-cc,
clang64,mingw-w64-clang-x86_64-opus,build-depends-on,mingw-w64-clang-x86_64-cc,
clang64,mingw-w64-clang-x86_64-opus-docs,build-depends-on,mingw-w64-clang-x86_64-cc,
clang64,mingw-w64-clang-x86_64-opus-tools,build-depends-on,mingw-w64-clang-x86_64-cc,
clang64,mingw-w64-clang-x86_64-opusfile,build-depends-on,mingw-w64-clang-x86_64-cc,
clang64,mingw-w64-clang-x86_64-oqsprovider,build-depends-on,mingw-w64-clang-x86_64-cc,
clang64,mingw-w64-clang-x86_64-orc,build-depends-on,mingw-w64-clang-x86_64-cc,
clang64,mingw-w64-clang-x86_64-orcus,build-depends-on,mingw-w64-clang-x86_64-cc,
clang64,mingw-w64-clang-x86_64-osgQt,build-depends-on,mingw-w64-clang-x86_64-cc,
clang64,mingw-w64-clang-x86_64-osgQt,build-depends-on,mingw-w64-clang-x86_64-cmake,
clang64,mingw-w64-clang-x86_64-osgQt,build-depends-on,mingw-w64-clang-x86_64-ninja,
clang64,mingw-w64-clang-x86_64-osgbullet,build-depends-on,mingw-w64-clang-x86_64-cc,
clang64,mingw-w64-clang-x86_64-osgearth,build-depends-on,mingw-w64-clang-x86_64-cc,
clang64,mingw-w64-clang-x86_64-osgocean,build-depends-on,mingw-w64-clang-x86_64-cc,
clang64,mingw-w64-clang-x86_64-osgqtquick,build-depends-on,mingw-w64-clang-x86_64-cc,
clang64,mingw-w64-clang-x86_64-osgworks,build-depends-on,mingw-w64-clang-x86_64-cc,
clang64,mingw-w64-clang-x86_64-osl,build-depends-on,mingw-w64-clang-x86_64-cc,
clang64,mingw-w64-clang-x86_64-osm-gps-map,build-depends-on,mingw-w64-clang-x86_64-cc,
clang64,mingw-w64-clang-x86_64-ossia-score,build-depends-on,mingw-w64-clang-x86_64-cc,
clang64,mingw-w64-clang-x86_64-osslsigncode,build-depends-on,mingw-w64-clang-x86_64-cc,
clang64,mingw-w64-clang-x86_64-oxipng,build-depends-on,mingw-w64-clang-x86_64-cc,
clang64,mingw-w64-clang-x86_64-p11-kit,build-depends-on,mingw-w64-clang-x86_64-cc,
clang64,mingw-w64-clang-x86_64-paho.mqtt.c,build-depends-on,mingw-w64-clang-x86_64-cc,
clang64,mingw-w64-clang-x86_64-pango,build-depends-on,mingw-w64-clang-x86_64-cc,
clang64,mingw-w64-clang-x86_64-pango-docs,build-depends-on,mingw-w64-clang-x86_64-cc,
clang64,mingw-w64-clang-x86_64-pangomm,build-depends-on,mingw-w64-clang-x86_64-cc,
clang64,mingw-w64-clang-x86_64-pangomm-2.48,build-depends-on,mingw-w64-clang-x86_64-cc,
clang64,mingw-w64-clang-x86_64-paraview,build-depends-on,mingw-w64-clang-x86_64-cc,
clang64,mingw-w64-clang-x86_64-paraview,build-depends-on,mingw-w64-clang-x86_64-fc,
clang64,mingw-w64-clang-x86_64-parmetis,build-depends-on,mingw-w64-clang-x86_64-cc,
clang64,mingw-w64-clang-x86_64-parpack,build-depends-on,mingw-w64-clang-x86_64-fc,
clang64,mingw-w64-clang-x86_64-parsec,build-depends-on,mingw-w64-clang-x86_64-cc,
clang64,mingw-w64-clang-x86_64-partio,build-depends-on,mingw-w64-clang-x86_64-cc,
clang64,mingw-w64-clang-x86_64-pastix,build-depends-on,mingw-w64-clang-x86_64-cc,
clang64,mingw-w64-clang-x86_64-pastix,build-depends-on,mingw-w64-clang-x86_64-fc,
clang64,mingw-w64-clang-x86_64-pcaudiolib,build-depends-on,mingw-w64-clang-x86_64-cc,
clang64,mingw-w64-clang-x86_64-pcre,build-depends-on,mingw-w64-clang-x86_64-cc,
clang64,mingw-w64-clang-x86_64-pcre2,build-depends-on,mingw-w64-clang-x86_64-cc,
clang64,mingw-w64-clang-x86_64-pdal,build-depends-on,mingw-w64-clang-x86_64-cc,
clang64,mingw-w64-clang-x86_64-pdcurses,build-depends-on,mingw-w64-clang-x86_64-cc,
clang64,mingw-w64-clang-x86_64-pdf2svg,build-depends-on,mingw-w64-clang-x86_64-cc,
clang64,mingw-w64-clang-x86_64-pdfpc,build-depends-on,mingw-w64-clang-x86_64-cc,
clang64,mingw-w64-clang-x86_64-pegtl,build-depends-on,mingw-w64-clang-x86_64-cc,
clang64,mingw-w64-clang-x86_64-pelican,build-depends-on,mingw-w64-clang-x86_64-cc,
clang64,mingw-w64-clang-x86_64-perl,build-depends-on,mingw-w64-clang-x86_64-cc,
clang64,mingw-w64-clang-x86_64-perl-authen-sasl,build-depends-on,mingw-w64-clang-x86_64-make,
clang64,mingw-w64-clang-x86_64-perl-autovivification,build-depends-on,mingw-w64-clang-x86_64-cc,
clang64,mingw-w64-clang-x86_64-perl-clone,build-depends-on,mingw-w64-clang-x86_64-cc,
clang64,mingw-w64-clang-x86_64-perl-convert-binhex,build-depends-on,mingw-w64-clang-x86_64-make,
clang64,mingw-w64-clang-x86_64-perl-datetime,build-depends-on,mingw-w64-clang-x86_64-cc,
clang64,mingw-w64-clang-x86_64-perl-dbi,build-depends-on,mingw-w64-clang-x86_64-cc,
clang64,mingw-w64-clang-x86_64-perl-dbi,build-depends-on,mingw-w64-clang-x86_64-make,
clang64,mingw-w64-clang-x86_64-perl-devel-cover,build-depends-on,mingw-w64-clang-x86_64-cc,
clang64,mingw-w64-clang-x86_64-perl-digest-sha,build-depends-on,mingw-w64-clang-x86_64-cc,
clang64,mingw-w64-clang-x86_64-perl-doc,build-depends-on,mingw-w64-clang-x86_64-cc,
clang64,mingw-w64-clang-x86_64-perl-encode-eucjpascii,build-depends-on,mingw-w64-clang-x86_64-cc,
clang64,mingw-w64-clang-x86_64-perl-encode-hanextra,build-depends-on,mingw-w64-clang-x86_64-cc,
clang64,mingw-w64-clang-x86_64-perl-error,build-depends-on,mingw-w64-clang-x86_64-make,
clang64,mingw-w64-clang-x86_64-perl-html-parser,build-depends-on,mingw-w64-clang-x86_64-cc,
clang64,mingw-w64-clang-x86_64-perl-io-stringy,build-depends-on,mingw-w64-clang-x86_64-make,
clang64,mingw-w64-clang-x86_64-perl-list-moreutils-xs,build-depends-on,mingw-w64-clang-x86_64-cc,
clang64,mingw-w64-clang-x86_64-perl-mailtools,build-depends-on,mingw-w64-clang-x86_64-make,
clang64,mingw-w64-clang-x86_64-perl-math-int64,build-depends-on,mingw-w64-clang-x86_64-gcc,
clang64,mingw-w64-clang-x86_64-perl-mime-tools,build-depends-on,mingw-w64-clang-x86_64-make,
clang64,mingw-w64-clang-x86_64-perl-module-build,build-depends-on,mingw-w64-clang-x86_64-cc,
clang64,mingw-w64-clang-x86_64-perl-net-smtp-ssl,build-depends-on,mingw-w64-clang-x86_64-make,
clang64,mingw-w64-clang-x86_64-perl-net-ssleay,build-depends-on,mingw-w64-clang-x86_64-cc,
clang64,mingw-w64-clang-x86_64-perl-package-stash,build-depends-on,mingw-w64-clang-x86_64-cc,
clang64,mingw-w64-clang-x86_64-perl-package-stash-xs,build-depends-on,mingw-w64-clang-x86_64-cc,
clang64,mingw-w64-clang-x86_64-perl-params-util,build-depends-on,mingw-w64-clang-x86_64-cc,
clang64,mingw-w64-clang-x86_64-perl-params-validate,build-depends-on,mingw-w64-clang-x86_64-cc,
clang64,mingw-w64-clang-x86_64-perl-perlio-utf8-strict,build-depends-on,mingw-w64-clang-x86_64-cc,
clang64,mingw-w64-clang-x86_64-perl-scalar-list-utils,build-depends-on,mingw-w64-clang-x86_64-cc,
clang64,mingw-w64-clang-x86_64-perl-sort-key,build-depends-on,mingw-w64-clang-x86_64-cc,
clang64,mingw-w64-clang-x86_64-perl-termreadkey,build-depends-on,mingw-w64-clang-x86_64-cc,
clang64,mingw-w64-clang-x86_64-perl-termreadkey,build-depends-on,mingw-w64-clang-x86_64-make,
clang64,mingw-w64-clang-x86_64-perl-text-bibtex,build-depends-on,mingw-w64-clang-x86_64-cc,
clang64,mingw-w64-clang-x86_64-perl-text-csv-xs,build-depends-on,mingw-w64-clang-x86_64-cc,
clang64,mingw-w64-clang-x86_64-perl-unicode-linebreak,build-depends-on,mingw-w64-clang-x86_64-cc,
clang64,mingw-w64-clang-x86_64-perl-variable-magic,build-depends-on,mingw-w64-clang-x86_64-cc,
clang64,mingw-w64-clang-x86_64-perl-win32-api,build-depends-on,mingw-w64-clang-x86_64-cc,
clang64,mingw-w64-clang-x86_64-perl-win32-console,build-depends-on,mingw-w64-clang-x86_64-cc,
clang64,mingw-w64-clang-x86_64-perl-win32-shortcut,build-depends-on,mingw-w64-clang-x86_64-cc,
clang64,mingw-w64-clang-x86_64-perl-win32-unicode,build-depends-on,mingw-w64-clang-x86_64-cc,
clang64,mingw-w64-clang-x86_64-perl-win32-winerror,build-depends-on,mingw-w64-clang-x86_64-cc,
clang64,mingw-w64-clang-x86_64-perl-win32api-registry,build-depends-on,mingw-w64-clang-x86_64-cc,
clang64,mingw-w64-clang-x86_64-perl-xml-libxml,build-depends-on,mingw-w64-clang-x86_64-cc,
clang64,mingw-w64-clang-x86_64-perl-xml-libxslt,build-depends-on,mingw-w64-clang-x86_64-cc,
clang64,mingw-w64-clang-x86_64-perl-xml-parser,build-depends-on,mingw-w64-clang-x86_64-cc,
clang64,mingw-w64-clang-x86_64-perl-xml-parser,build-depends-on,mingw-w64-clang-x86_64-make,
clang64,mingw-w64-clang-x86_64-perl-xml-parser,build-depends-on,mingw-w64-clang-x86_64-perl-file-sharedir-install,
clang64,mingw-w64-clang-x86_64-perl-xml-parser,build-depends-on,mingw-w64-clang-x86_64-pkgconf,
clang64,mingw-w64-clang-x86_64-petsc,build-depends-on,mingw-w64-clang-x86_64-cc,
clang64,mingw-w64-clang-x86_64-petsc,build-depends-on,mingw-w64-clang-x86_64-fc,
clang64,mingw-w64-clang-x86_64-petsc-build,build-depends-on,mingw-w64-clang-x86_64-cc,
clang64,mingw-w64-clang-x86_64-petsc-build,build-depends-on,mingw-w64-clang-x86_64-fc,
clang64,mingw-w64-clang-x86_64-pg_probackup-16,build-depends-on,mingw-w64-clang-x86_64-cc,
clang64,mingw-w64-clang-x86_64-pgmodeler,build-depends-on,mingw-w64-clang-x86_64-cc,
clang64,mingw-w64-clang-x86_64-pgmodeler-plugins,build-depends-on,mingw-w64-clang-x86_64-cc,
clang64,mingw-w64-clang-x86_64-phodav,build-depends-on,mingw-w64-clang-x86_64-cc,
clang64,mingw-w64-clang-x86_64-phonon,build-depends-on,mingw-w64-clang-x86_64-cc,
clang64,mingw-w64-clang-x86_64-physfs,build-depends-on,mingw-w64-clang-x86_64-cc,
clang64,mingw-w64-clang-x86_64-picosha2,build-depends-on,mingw-w64-clang-x86_64-cc,
clang64,mingw-w64-clang-x86_64-picotool,build-depends-on,mingw-w64-clang-x86_64-cc,
clang64,mingw-w64-clang-x86_64-pidgin,build-depends-on,mingw-w64-clang-x86_64-cc,
clang64,mingw-w64-clang-x86_64-pikchr,build-depends-on,mingw-w64-clang-x86_64-cc,
clang64,mingw-w64-clang-x86_64-pinact,build-depends-on,mingw-w64-clang-x86_64-cc,
clang64,mingw-w64-clang-x86_64-pinentry,build-depends-on,mingw-w64-clang-x86_64-cc,
clang64,mingw-w64-clang-x86_64-pixman,build-depends-on,mingw-w64-clang-x86_64-cc,
clang64,mingw-w64-clang-x86_64-pkcs11-helper,build-depends-on,mingw-w64-clang-x86_64-cc,
clang64,mingw-w64-clang-x86_64-pkg-config,build-depends-on,mingw-w64-clang-x86_64-cc,
clang64,mingw-w64-clang-x86_64-pkgconf,build-depends-on,mingw-w64-clang-x86_64-cc,
clang64,mingw-w64-clang-x86_64-planarity,build-depends-on,mingw-w64-clang-x86_64-cc,
clang64,mingw-w64-clang-x86_64-plantri,build-depends-on,mingw-w64-clang-x86_64-cc,
clang64,mingw-w64-clang-x86_64-plasma-activities,build-depends-on,mingw-w64-clang-x86_64-cc,
clang64,mingw-w64-clang-x86_64-plfit,build-depends-on,mingw-w64-clang-x86_64-cc,
clang64,mingw-w64-clang-x86_64-plplot,build-depends-on,mingw-w64-clang-x86_64-cc,
clang64,mingw-w64-clang-x86_64-plplot,build-depends-on,mingw-w64-clang-x86_64-fc,
clang64,mingw-w64-clang-x86_64-plutosvg,build-depends-on,mingw-w64-clang-x86_64-cc,
clang64,mingw-w64-clang-x86_64-plutovg,build-depends-on,mingw-w64-clang-x86_64-cc,
clang64,mingw-w64-clang-x86_64-png2ico,build-depends-on,mingw-w64-clang-x86_64-cc,
clang64,mingw-w64-clang-x86_64-pngcrush,build-depends-on,mingw-w64-clang-x86_64-cc,
clang64,mingw-w64-clang-x86_64-pngnq,build-depends-on,mingw-w64-clang-x86_64-cc,
clang64,mingw-w64-clang-x86_64-pngquant,build-depends-on,mingw-w64-clang-x86_64-cc,
clang64,mingw-w64-clang-x86_64-poco,build-depends-on,mingw-w64-clang-x86_64-cc,
clang64,mingw-w64-clang-x86_64-podman,build-depends-on,mingw-w64-clang-x86_64-cc,
clang64,mingw-w64-clang-x86_64-podofo,build-depends-on,mingw-w64-clang-x86_64-cc,
clang64,mingw-w64-clang-x86_64-polipo,build-depends-on,mingw-w64-clang-x86_64-cc,
clang64,mingw-w64-clang-x86_64-polly,build-depends-on,mingw-w64-clang-x86_64-cc,
clang64,mingw-w64-clang-x86_64-poppler,build-depends-on,mingw-w64-clang-x86_64-cc,
clang64,mingw-w64-clang-x86_64-poppler-qt5,build-depends-on,mingw-w64-clang-x86_64-cc,
clang64,mingw-w64-clang-x86_64-poppler-qt6,build-depends-on,mingw-w64-clang-x86_64-cc,
clang64,mingw-w64-clang-x86_64-popt,build-depends-on,mingw-w64-clang-x86_64-cc,
clang64,mingw-w64-clang-x86_64-port-scanner,build-depends-on,mingw-w64-clang-x86_64-cc,
clang64,mingw-w64-clang-x86_64-portablexdr,build-depends-on,mingw-w64-clang-x86_64-cc,
clang64,mingw-w64-clang-x86_64-portaudio,build-depends-on,mingw-w64-clang-x86_64-cc,
clang64,mingw-w64-clang-x86_64-portaudio-asio,build-depends-on,mingw-w64-clang-x86_64-asiosdk,
clang64,mingw-w64-clang-x86_64-portaudio-asio,build-depends-on,mingw-w64-clang-x86_64-cc,
clang64,mingw-w64-clang-x86_64-portaudio-asio,build-depends-on,mingw-w64-clang-x86_64-cmake,
clang64,mingw-w64-clang-x86_64-portaudio-asio,build-depends-on,mingw-w64-clang-x86_64-ninja,
clang64,mingw-w64-clang-x86_64-portaudio-asio,build-depends-on,mingw-w64-clang-x86_64-pkgconf,
clang64,mingw-w64-clang-x86_64-portmidi,build-depends-on,mingw-w64-clang-x86_64-cc,
clang64,mingw-w64-clang-x86_64-portsmf,build-depends-on,mingw-w64-clang-x86_64-cc,
clang64,mingw-w64-clang-x86_64-postgis,build-depends-on,mingw-w64-clang-x86_64-cc,
clang64,mingw-w64-clang-x86_64-postgresql,build-depends-on,mingw-w64-clang-x86_64-cc,
clang64,mingw-w64-clang-x86_64-postgresql-16,build-depends-on,mingw-w64-clang-x86_64-cc,
clang64,mingw-w64-clang-x86_64-potrace,build-depends-on,mingw-w64-clang-x86_64-cc,
clang64,mingw-w64-clang-x86_64-powerpc-apple-macos-binutils,build-depends-on,mingw-w64-clang-x86_64-cc,
clang64,mingw-w64-clang-x86_64-ppl,build-depends-on,mingw-w64-clang-x86_64-cc,
clang64,mingw-w64-clang-x86_64-pqp,build-depends-on,mingw-w64-clang-x86_64-cc,
clang64,mingw-w64-clang-x86_64-pragtical,build-depends-on,mingw-w64-clang-x86_64-cc,
clang64,mingw-w64-clang-x86_64-precice,build-depends-on,mingw-w64-clang-x86_64-cc,
clang64,mingw-w64-clang-x86_64-premake,build-depends-on,mingw-w64-clang-x86_64-cc,
clang64,mingw-w64-clang-x86_64-premake4,build-depends-on,mingw-w64-clang-x86_64-cc,
clang64,mingw-w64-clang-x86_64-primecount,build-depends-on,mingw-w64-clang-x86_64-cc,
clang64,mingw-w64-clang-x86_64-primesieve,build-depends-on,mingw-w64-clang-x86_64-cc,
clang64,mingw-w64-clang-x86_64-prison,build-depends-on,mingw-w64-clang-x86_64-cc,
clang64,mingw-w64-clang-x86_64-prjtrellis,build-depends-on,mingw-w64-clang-x86_64-cc,
clang64,mingw-w64-clang-x86_64-proj,build-depends-on,mingw-w64-clang-x86_64-cc,
clang64,mingw-w64-clang-x86_64-projectchrono,build-depends-on,mingw-w64-clang-x86_64-cc,
clang64,mingw-w64-clang-x86_64-projectchrono-docs,build-depends-on,mingw-w64-clang-x86_64-cc,
clang64,mingw-w64-clang-x86_64-protobuf,build-depends-on,mingw-w64-clang-x86_64-cc,
clang64,mingw-w64-clang-x86_64-protobuf-c,build-depends-on,mingw-w64-clang-x86_64-cc,
clang64,mingw-w64-clang-x86_64-ptex,build-depends-on,mingw-w64-clang-x86_64-cc,
clang64,mingw-w64-clang-x86_64-ptex-docs,build-depends-on,mingw-w64-clang-x86_64-cc,
clang64,mingw-w64-clang-x86_64-pugixml,build-depends-on,mingw-w64-clang-x86_64-cc,
clang64,mingw-w64-clang-x86_64-pulseaudio,build-depends-on,mingw-w64-clang-x86_64-cc,
clang64,mingw-w64-clang-x86_64-pulseaudio,build-depends-on,mingw-w64-clang-x86_64-perl-xml-parser,
clang64,mingw-w64-clang-x86_64-pupnp,build-depends-on,mingw-w64-clang-x86_64-cc,
clang64,mingw-w64-clang-x86_64-purpose,build-depends-on,mingw-w64-clang-x86_64-cc,
clang64,mingw-w64-clang-x86_64-putty,build-depends-on,mingw-w64-clang-x86_64-cc,
clang64,mingw-w64-clang-x86_64-putty-ssh,build-depends-on,mingw-w64-clang-x86_64-cc,
clang64,mingw-w64-clang-x86_64-pybind11,build-depends-on,mingw-w64-clang-x86_64-cc,
clang64,mingw-w64-clang-x86_64-pybind11-json,build-depends-on,mingw-w64-clang-x86_64-cc,
clang64,mingw-w64-clang-x86_64-pymol,build-depends-on,mingw-w64-clang-x86_64-cc,
clang64,mingw-w64-clang-x86_64-pyqt5-sip,build-depends-on,mingw-w64-clang-x86_64-cc,
clang64,mingw-w64-clang-x86_64-pyside2,build-depends-on,mingw-w64-clang-x86_64-cc,
clang64,mingw-w64-clang-x86_64-pyside2-tools,build-depends-on,mingw-w64-clang-x86_64-cc,
clang64,mingw-w64-clang-x86_64-pyside6,build-depends-on,mingw-w64-clang-x86_64-cc,
clang64,mingw-w64-clang-x86_64-pyside6-tools,build-depends-on,mingw-w64-clang-x86_64-cc,
clang64,mingw-w64-clang-x86_64-pystring,build-depends-on,mingw-w64-clang-x86_64-cc,
clang64,mingw-w64-clang-x86_64-python,build-depends-on,mingw-w64-clang-x86_64-cc,
clang64,mingw-w64-clang-x86_64-python-aiohttp,build-depends-on,mingw-w64-clang-x86_64-cc,
clang64,mingw-w64-clang-x86_64-python-aioquic,build-depends-on,mingw-w64-clang-x86_64-cc,
clang64,mingw-w64-clang-x86_64-python-argon2-cffi-bindings,build-depends-on,mingw-w64-clang-x86_64-cc,
clang64,mingw-w64-clang-x86_64-python-asyncpg,build-depends-on,mingw-w64-clang-x86_64-cc,
clang64,mingw-w64-clang-x86_64-python-audioop-lts,build-depends-on,mingw-w64-clang-x86_64-cc,
clang64,mingw-w64-clang-x86_64-python-av,build-depends-on,mingw-w64-clang-x86_64-cc,
clang64,mingw-w64-clang-x86_64-python-bcrypt,build-depends-on,mingw-w64-clang-x86_64-cc,
clang64,mingw-w64-clang-x86_64-python-biopython,build-depends-on,mingw-w64-clang-x86_64-cc,
clang64,mingw-w64-clang-x86_64-python-biscuits,build-depends-on,mingw-w64-clang-x86_64-cc,
clang64,mingw-w64-clang-x86_64-python-brotli,build-depends-on,mingw-w64-clang-x86_64-cc,
clang64,mingw-w64-clang-x86_64-python-bsddb3,build-depends-on,mingw-w64-clang-x86_64-cc,
clang64,mingw-w64-clang-x86_64-python-cairo,build-depends-on,mingw-w64-clang-x86_64-cc,
clang64,mingw-w64-clang-x86_64-python-can,check-depends-on,mingw-w64-clang-x86_64-python-codecov,
clang64,mingw-w64-clang-x86_64-python-capstone,build-depends-on,mingw-w64-clang-x86_64-cc,
clang64,mingw-w64-clang-x86_64-python-cffi,build-depends-on,mingw-w64-clang-x86_64-cc,
clang64,mingw-w64-clang-x86_64-python-conan-server,build-depends-on,mingw-w64-clang-x86_64-python-build,
clang64,mingw-w64-clang-x86_64-python-conan-server,build-depends-on,mingw-w64-clang-x86_64-python-installer,
clang64,mingw-w64-clang-x86_64-python-conan-server,build-depends-on,mingw-w64-clang-x86_64-python-setuptools,
clang64,mingw-w64-clang-x86_64-python-contourpy,build-depends-on,mingw-w64-clang-x86_64-cc,
clang64,mingw-w64-clang-x86_64-python-coverage,build-depends-on,mingw-w64-clang-x86_64-cc,
clang64,mingw-w64-clang-x86_64-python-crcmod,build-depends-on,mingw-w64-clang-x86_64-cc,
clang64,mingw-w64-clang-x86_64-python-cryptography,build-depends-on,mingw-w64-clang-x86_64-cc,
clang64,mingw-w64-clang-x86_64-python-cvxopt,build-depends-on,mingw-w64-clang-x86_64-cc,
clang64,mingw-w64-clang-x86_64-python-cx-logging,build-depends-on,mingw-w64-clang-x86_64-cc,
clang64,mingw-w64-clang-x86_64-python-cysignals,build-depends-on,mingw-w64-clang-x86_64-cc,
clang64,mingw-w64-clang-x86_64-python-debugpy,build-depends-on,mingw-w64-clang-x86_64-cc,
clang64,mingw-w64-clang-x86_64-python-distlib,build-depends-on,mingw-w64-clang-x86_64-cc,
clang64,mingw-w64-clang-x86_64-python-dlib,build-depends-on,mingw-w64-clang-x86_64-cc,
clang64,mingw-w64-clang-x86_64-python-docopt,build-depends-on,mingw-w64-clang-x86_64-cc,
clang64,mingw-w64-clang-x86_64-python-dulwich,build-depends-on,mingw-w64-clang-x86_64-cc,
clang64,mingw-w64-clang-x86_64-python-flatbuffers,build-depends-on,mingw-w64-clang-x86_64-cc,
clang64,mingw-w64-clang-x86_64-python-fonttools,build-depends-on,mingw-w64-clang-x86_64-cc,
clang64,mingw-w64-clang-x86_64-python-freeze-core,build-depends-on,mingw-w64-clang-x86_64-cc,
clang64,mingw-w64-clang-x86_64-python-frozenlist,build-depends-on,mingw-w64-clang-x86_64-cc,
clang64,mingw-w64-clang-x86_64-python-gdal,build-depends-on,mingw-w64-clang-x86_64-cc,
clang64,mingw-w64-clang-x86_64-python-glcontext,build-depends-on,mingw-w64-clang-x86_64-cc,
clang64,mingw-w64-clang-x86_64-python-glfw,build-depends-on,mingw-w64-clang-x86_64-cc,
clang64,mingw-w64-clang-x86_64-python-gmpy2,build-depends-on,mingw-w64-clang-x86_64-cc,
clang64,mingw-w64-clang-x86_64-python-gobject,build-depends-on,mingw-w64-clang-x86_64-cc,
clang64,mingw-w64-clang-x86_64-python-gpgme,build-depends-on,mingw-w64-clang-x86_64-cc,
clang64,mingw-w64-clang-x86_64-python-greenlet,build-depends-on,mingw-w64-clang-x86_64-cc,
clang64,mingw-w64-clang-x86_64-python-grpcio,build-depends-on,mingw-w64-clang-x86_64-cc,
clang64,mingw-w64-clang-x86_64-python-grpcio-tools,build-depends-on,mingw-w64-clang-x86_64-cc,
clang64,mingw-w64-clang-x86_64-python-gssapi,build-depends-on,mingw-w64-clang-x86_64-cc,
clang64,mingw-w64-clang-x86_64-python-h5py,build-depends-on,mingw-w64-clang-x86_64-cc,
clang64,mingw-w64-clang-x86_64-python-hiredis,build-depends-on,mingw-w64-clang-x86_64-cc,
clang64,mingw-w64-clang-x86_64-python-hunter,build-depends-on,mingw-w64-clang-x86_64-cc,
clang64,mingw-w64-clang-x86_64-python-icu,build-depends-on,mingw-w64-clang-x86_64-cc,
clang64,mingw-w64-clang-x86_64-python-igraph,build-depends-on,mingw-w64-clang-x86_64-cc,
clang64,mingw-w64-clang-x86_64-python-imagecodecs,build-depends-on,mingw-w64-clang-x86_64-cc,
clang64,mingw-w64-clang-x86_64-python-immutables,build-depends-on,mingw-w64-clang-x86_64-cc,
clang64,mingw-w64-clang-x86_64-python-installer,build-depends-on,mingw-w64-clang-x86_64-cc,
clang64,mingw-w64-clang-x86_64-python-jsonnet,build-depends-on,mingw-w64-clang-x86_64-cc,
clang64,mingw-w64-clang-x86_64-python-keystone,build-depends-on,mingw-w64-clang-x86_64-cc,
clang64,mingw-w64-clang-x86_64-python-kiwisolver,build-depends-on,mingw-w64-clang-x86_64-cc,
clang64,mingw-w64-clang-x86_64-python-lazy-object-proxy,build-depends-on,mingw-w64-clang-x86_64-cc,
clang64,mingw-w64-clang-x86_64-python-ldap,build-depends-on,mingw-w64-clang-x86_64-cc,
clang64,mingw-w64-clang-x86_64-python-levenshtein,build-depends-on,mingw-w64-clang-x86_64-cc,
clang64,mingw-w64-clang-x86_64-python-lhafile,build-depends-on,mingw-w64-clang-x86_64-cc,
clang64,mingw-w64-clang-x86_64-python-librt,build-depends-on,mingw-w64-clang-x86_64-cc,
clang64,mingw-w64-clang-x86_64-python-libsass,build-depends-on,mingw-w64-clang-x86_64-cc,
clang64,mingw-w64-clang-x86_64-python-lief,build-depends-on,mingw-w64-clang-x86_64-cc,
clang64,mingw-w64-clang-x86_64-python-llvmlite,build-depends-on,mingw-w64-clang-x86_64-cc,
clang64,mingw-w64-clang-x86_64-python-lmdb,build-depends-on,mingw-w64-clang-x86_64-cc,
clang64,mingw-w64-clang-x86_64-python-lrcalc,build-depends-on,mingw-w64-clang-x86_64-cc,
clang64,mingw-w64-clang-x86_64-python-lws,build-depends-on,mingw-w64-clang-x86_64-cc,
clang64,mingw-w64-clang-x86_64-python-lxml,build-depends-on,mingw-w64-clang-x86_64-cc,
clang64,mingw-w64-clang-x86_64-python-lz4,build-depends-on,mingw-w64-clang-x86_64-cc,
clang64,mingw-w64-clang-x86_64-python-lzo,build-depends-on,mingw-w64-clang-x86_64-cc,
clang64,mingw-w64-clang-x86_64-python-manimpango,build-depends-on,mingw-w64-clang-x86_64-cc,
clang64,mingw-w64-clang-x86_64-python-markupsafe,build-depends-on,mingw-w64-clang-x86_64-cc,
clang64,mingw-w64-clang-x86_64-python-matplotlib,build-depends-on,mingw-w64-clang-x86_64-cc,
clang64,mingw-w64-clang-x86_64-python-memory-allocator,build-depends-on,mingw-w64-clang-x86_64-cc,
clang64,mingw-w64-clang-x86_64-python-miniupnpc,build-depends-on,mingw-w64-clang-x86_64-cc,
clang64,mingw-w64-clang-x86_64-python-ml_dtypes,build-depends-on,mingw-w64-clang-x86_64-cc,
clang64,mingw-w64-clang-x86_64-python-moderngl,build-depends-on,mingw-w64-clang-x86_64-cc,
clang64,mingw-w64-clang-x86_64-python-msgpack,build-depends-on,mingw-w64-clang-x86_64-cc,
clang64,mingw-w64-clang-x86_64-python-msgspec,build-depends-on,mingw-w64-clang-x86_64-cc,
clang64,mingw-w64-clang-x86_64-python-msilib,build-depends-on,mingw-w64-clang-x86_64-cc,
clang64,mingw-w64-clang-x86_64-python-multidict,build-depends-on,mingw-w64-clang-x86_64-cc,
clang64,mingw-w64-clang-x86_64-python-mupdf,build-depends-on,mingw-w64-clang-x86_64-gcc,
clang64,mingw-w64-clang-x86_64-python-mysqlclient,build-depends-on,mingw-w64-clang-x86_64-cc,
clang64,mingw-w64-clang-x86_64-python-netifaces,build-depends-on,mingw-w64-clang-x86_64-cc,
clang64,mingw-w64-clang-x86_64-python-numba,build-depends-on,mingw-w64-clang-x86_64-cc,
clang64,mingw-w64-clang-x86_64-python-numexpr,build-depends-on,mingw-w64-clang-x86_64-cc,
clang64,mingw-w64-clang-x86_64-python-numpy,build-depends-on,mingw-w64-clang-x86_64-cc,
clang64,mingw-w64-clang-x86_64-python-onnx,build-depends-on,mingw-w64-clang-x86_64-cc,
clang64,mingw-w64-clang-x86_64-python-onnxruntime,build-depends-on,mingw-w64-clang-x86_64-cc,
clang64,mingw-w64-clang-x86_64-python-opencamlib,build-depends-on,mingw-w64-clang-x86_64-cc,
clang64,mingw-w64-clang-x86_64-python-opencv,build-depends-on,mingw-w64-clang-x86_64-cc,
clang64,mingw-w64-clang-x86_64-python-opencv,build-depends-on,mingw-w64-clang-x86_64-fc,
clang64,mingw-w64-clang-x86_64-python-optree,build-depends-on,mingw-w64-clang-x86_64-cc,
clang64,mingw-w64-clang-x86_64-python-pandas,build-depends-on,mingw-w64-clang-x86_64-cc,
clang64,mingw-w64-clang-x86_64-python-passagemath-bliss,build-depends-on,mingw-w64-clang-x86_64-cc,
clang64,mingw-w64-clang-x86_64-python-passagemath-categories,build-depends-on,mingw-w64-clang-x86_64-cc,
clang64,mingw-w64-clang-x86_64-python-passagemath-cddlib,build-depends-on,mingw-w64-clang-x86_64-cc,
clang64,mingw-w64-clang-x86_64-python-passagemath-cliquer,build-depends-on,mingw-w64-clang-x86_64-cc,
clang64,mingw-w64-clang-x86_64-python-passagemath-cmr,build-depends-on,mingw-w64-clang-x86_64-cc,
clang64,mingw-w64-clang-x86_64-python-passagemath-combinat,build-depends-on,mingw-w64-clang-x86_64-cc,
clang64,mingw-w64-clang-x86_64-python-passagemath-flint,build-depends-on,mingw-w64-clang-x86_64-cc,
clang64,mingw-w64-clang-x86_64-python-passagemath-glpk,build-depends-on,mingw-w64-clang-x86_64-cc,
clang64,mingw-w64-clang-x86_64-python-passagemath-graphs,build-depends-on,mingw-w64-clang-x86_64-cc,
clang64,mingw-w64-clang-x86_64-python-passagemath-gsl,build-depends-on,mingw-w64-clang-x86_64-cc,
clang64,mingw-w64-clang-x86_64-python-passagemath-highs,build-depends-on,mingw-w64-clang-x86_64-cc,
clang64,mingw-w64-clang-x86_64-python-passagemath-homfly,build-depends-on,mingw-w64-clang-x86_64-cc,
clang64,mingw-w64-clang-x86_64-python-passagemath-iml,build-depends-on,mingw-w64-clang-x86_64-cc,
clang64,mingw-w64-clang-x86_64-python-passagemath-libbraiding,build-depends-on,mingw-w64-clang-x86_64-cc,
clang64,mingw-w64-clang-x86_64-python-passagemath-m4ri-m4rie,build-depends-on,mingw-w64-clang-x86_64-cc,
clang64,mingw-w64-clang-x86_64-python-passagemath-mcqd,build-depends-on,mingw-w64-clang-x86_64-cc,
clang64,mingw-w64-clang-x86_64-python-passagemath-modules,build-depends-on,mingw-w64-clang-x86_64-cc,
clang64,mingw-w64-clang-x86_64-python-passagemath-msolve,build-depends-on,mingw-w64-clang-x86_64-cc,
clang64,mingw-w64-clang-x86_64-python-passagemath-nauty,build-depends-on,mingw-w64-clang-x86_64-cc,
clang64,mingw-w64-clang-x86_64-python-passagemath-ntl,build-depends-on,mingw-w64-clang-x86_64-cc,
clang64,mingw-w64-clang-x86_64-python-passagemath-objects,build-depends-on,mingw-w64-clang-x86_64-cc,
clang64,mingw-w64-clang-x86_64-python-passagemath-planarity,build-depends-on,mingw-w64-clang-x86_64-cc,
clang64,mingw-w64-clang-x86_64-python-passagemath-plantri,build-depends-on,mingw-w64-clang-x86_64-cc,
clang64,mingw-w64-clang-x86_64-python-passagemath-plot,build-depends-on,mingw-w64-clang-x86_64-cc,
clang64,mingw-w64-clang-x86_64-python-passagemath-polyhedra,build-depends-on,mingw-w64-clang-x86_64-cc,
clang64,mingw-w64-clang-x86_64-python-passagemath-ppl,build-depends-on,mingw-w64-clang-x86_64-cc,
clang64,mingw-w64-clang-x86_64-python-passagemath-rankwidth,build-depends-on,mingw-w64-clang-x86_64-cc,
clang64,mingw-w64-clang-x86_64-python-passagemath-sirocco,build-depends-on,mingw-w64-clang-x86_64-cc,
clang64,mingw-w64-clang-x86_64-python-passagemath-tdlib,build-depends-on,mingw-w64-clang-x86_64-cc,
clang64,mingw-w64-clang-x86_64-python-pesq,build-depends-on,mingw-w64-clang-x86_64-cc,
clang64,mingw-w64-clang-x86_64-python-pikepdf,build-depends-on,mingw-w64-clang-x86_64-cc,
clang64,mingw-w64-clang-x86_64-python-pillow,build-depends-on,mingw-w64-clang-x86_64-cc,
clang64,mingw-w64-clang-x86_64-python-pivy,build-depends-on,mingw-w64-clang-x86_64-cc,
clang64,mingw-w64-clang-x86_64-python-polars,build-depends-on,mingw-w64-clang-x86_64-cc,
clang64,mingw-w64-clang-x86_64-python-polars-runtime-32,build-depends-on,mingw-w64-clang-x86_64-cc,
clang64,mingw-w64-clang-x86_64-python-polars-runtime-64,build-depends-on,mingw-w64-clang-x86_64-cc,
clang64,mingw-w64-clang-x86_64-python-polars-runtime-compat,build-depends-on,mingw-w64-clang-x86_64-cc,
clang64,mingw-w64-clang-x86_64-python-propcache,build-depends-on,mingw-w64-clang-x86_64-cc,
clang64,mingw-w64-clang-x86_64-python-protobuf,build-depends-on,mingw-w64-clang-x86_64-cc,
clang64,mingw-w64-clang-x86_64-python-psleak,check-depends-on,mingw-w64-clang-x86_64-cc,
clang64,mingw-w64-clang-x86_64-python-psutil,build-depends-on,mingw-w64-clang-x86_64-cc,
clang64,mingw-w64-clang-x86_64-python-psycopg2,build-depends-on,mingw-w64-clang-x86_64-cc,
clang64,mingw-w64-clang-x86_64-python-pyamg,build-depends-on,mingw-w64-clang-x86_64-cc,
clang64,mingw-w64-clang-x86_64-python-pyarrow,build-depends-on,mingw-w64-clang-x86_64-cc,
clang64,mingw-w64-clang-x86_64-python-pybase64,build-depends-on,mingw-w64-clang-x86_64-cc,
clang64,mingw-w64-clang-x86_64-python-pybullet,build-depends-on,mingw-w64-clang-x86_64-cc,
clang64,mingw-w64-clang-x86_64-python-pycares,build-depends-on,mingw-w64-clang-x86_64-cc,
clang64,mingw-w64-clang-x86_64-python-pycryptodome,build-depends-on,mingw-w64-clang-x86_64-cc,
clang64,mingw-w64-clang-x86_64-python-pycryptodomex,build-depends-on,mingw-w64-clang-x86_64-cc,
clang64,mingw-w64-clang-x86_64-python-pycurl,build-depends-on,mingw-w64-clang-x86_64-cc,
clang64,mingw-w64-clang-x86_64-python-pyfastbti,build-depends-on,mingw-w64-clang-x86_64-cc,
clang64,mingw-w64-clang-x86_64-python-pyfasttextureutils,build-depends-on,mingw-w64-clang-x86_64-cc,
clang64,mingw-w64-clang-x86_64-python-pygame,build-depends-on,mingw-w64-clang-x86_64-cc,
clang64,mingw-w64-clang-x86_64-python-pygit2,build-depends-on,mingw-w64-clang-x86_64-cc,
clang64,mingw-w64-clang-x86_64-python-pyglm,build-depends-on,mingw-w64-clang-x86_64-cc,
clang64,mingw-w64-clang-x86_64-python-pylablib,build-depends-on,mingw-w64-clang-x86_64-cc,
clang64,mingw-w64-clang-x86_64-python-pylsqpack,build-depends-on,mingw-w64-clang-x86_64-cc,
clang64,mingw-w64-clang-x86_64-python-pymi,build-depends-on,mingw-w64-clang-x86_64-cc,
clang64,mingw-w64-clang-x86_64-python-pymongocrypt,build-depends-on,mingw-w64-clang-x86_64-cc,
clang64,mingw-w64-clang-x86_64-python-pymupdf,build-depends-on,mingw-w64-clang-x86_64-cc,
clang64,mingw-w64-clang-x86_64-python-pynacl,build-depends-on,mingw-w64-clang-x86_64-cc,
clang64,mingw-w64-clang-x86_64-python-pyodbc,build-depends-on,mingw-w64-clang-x86_64-cc,
clang64,mingw-w64-clang-x86_64-python-pyopengl,build-depends-on,mingw-w64-clang-x86_64-cc,
clang64,mingw-w64-clang-x86_64-python-pyopengl-accelerate,build-depends-on,mingw-w64-clang-x86_64-cc,
clang64,mingw-w64-clang-x86_64-python-pyproj,build-depends-on,mingw-w64-clang-x86_64-cc,
clang64,mingw-w64-clang-x86_64-python-pyqt5,build-depends-on,mingw-w64-clang-x86_64-cc,
clang64,mingw-w64-clang-x86_64-python-pyqt5-3d,build-depends-on,mingw-w64-clang-x86_64-cc,
clang64,mingw-w64-clang-x86_64-python-pyqt6,build-depends-on,mingw-w64-clang-x86_64-cc,
clang64,mingw-w64-clang-x86_64-python-pyqt6-sip,build-depends-on,mingw-w64-clang-x86_64-cc,
clang64,mingw-w64-clang-x86_64-python-pyrsistent,build-depends-on,mingw-w64-clang-x86_64-cc,
clang64,mingw-w64-clang-x86_64-python-pysfcgal,build-depends-on,mingw-w64-clang-x86_64-cc,
clang64,mingw-w64-clang-x86_64-python-pyspnego,build-depends-on,mingw-w64-clang-x86_64-cc,
clang64,mingw-w64-clang-x86_64-python-pystemmer,build-depends-on,mingw-w64-clang-x86_64-cc,
clang64,mingw-w64-clang-x86_64-python-pythran,build-depends-on,mingw-w64-clang-x86_64-cc,
clang64,mingw-w64-clang-x86_64-python-pytokens,build-depends-on,mingw-w64-clang-x86_64-cc,
clang64,mingw-w64-clang-x86_64-python-pytorch,build-depends-on,mingw-w64-clang-x86_64-cc,
clang64,mingw-w64-clang-x86_64-python-pywavelets,build-depends-on,mingw-w64-clang-x86_64-cc,
clang64,mingw-w64-clang-x86_64-python-pywin32,build-depends-on,mingw-w64-clang-x86_64-cc,
clang64,mingw-w64-clang-x86_64-python-pyzmq,build-depends-on,mingw-w64-clang-x86_64-cc,
clang64,mingw-w64-clang-x86_64-python-pyzopfli,build-depends-on,mingw-w64-clang-x86_64-cc,
clang64,mingw-w64-clang-x86_64-python-qscintilla-qt5,build-depends-on,mingw-w64-clang-x86_64-cc,
clang64,mingw-w64-clang-x86_64-python-qscintilla-qt6,build-depends-on,mingw-w64-clang-x86_64-cc,
clang64,mingw-w64-clang-x86_64-python-rapidfuzz,build-depends-on,mingw-w64-clang-x86_64-cc,
clang64,mingw-w64-clang-x86_64-python-rawpy,build-depends-on,mingw-w64-clang-x86_64-cc,
clang64,mingw-w64-clang-x86_64-python-regex,build-depends-on,mingw-w64-clang-x86_64-cc,
clang64,mingw-w64-clang-x86_64-python-rencode,build-depends-on,mingw-w64-clang-x86_64-cc,
clang64,mingw-w64-clang-x86_64-python-requests,check-depends-on,mingw-w64-clang-x86_64-python-pytest-httpbin,
clang64,mingw-w64-clang-x86_64-python-ruamel.yaml.clib,build-depends-on,mingw-w64-clang-x86_64-cc,
clang64,mingw-w64-clang-x86_64-python-s2geometry,build-depends-on,mingw-w64-clang-x86_64-cc,
clang64,mingw-w64-clang-x86_64-python-scandir,build-depends-on,mingw-w64-clang-x86_64-cc,
clang64,mingw-w64-clang-x86_64-python-scikit-image,build-depends-on,mingw-w64-clang-x86_64-cc,
clang64,mingw-w64-clang-x86_64-python-scikit-learn,build-depends-on,mingw-w64-clang-x86_64-cc,
clang64,mingw-w64-clang-x86_64-python-scipy,build-depends-on,mingw-w64-clang-x86_64-cc,
clang64,mingw-w64-clang-x86_64-python-scipy,build-depends-on,mingw-w64-clang-x86_64-fc,
clang64,mingw-w64-clang-x86_64-python-setproctitle,build-depends-on,mingw-w64-clang-x86_64-cc,
clang64,mingw-w64-clang-x86_64-python-setuptools,build-depends-on,mingw-w64-clang-x86_64-cc,
clang64,mingw-w64-clang-x86_64-python-shapely,build-depends-on,mingw-w64-clang-x86_64-cc,
clang64,mingw-w64-clang-x86_64-python-skia-pathops,build-depends-on,mingw-w64-clang-x86_64-cc,
clang64,mingw-w64-clang-x86_64-python-soxr,build-depends-on,mingw-w64-clang-x86_64-cc,
clang64,mingw-w64-clang-x86_64-python-sqlalchemy,build-depends-on,mingw-w64-clang-x86_64-cc,
clang64,mingw-w64-clang-x86_64-python-sspilib,build-depends-on,mingw-w64-clang-x86_64-cc,
clang64,mingw-w64-clang-x86_64-python-statsmodels,build-depends-on,mingw-w64-clang-x86_64-cc,
clang64,mingw-w64-clang-x86_64-python-structlog,check-depends-on,mingw-w64-clang-x86_64-python-simplejson,
clang64,mingw-w64-clang-x86_64-python-tinyaes,build-depends-on,mingw-w64-clang-x86_64-cc,
clang64,mingw-w64-clang-x86_64-python-tornado,build-depends-on,mingw-w64-clang-x86_64-cc,
clang64,mingw-w64-clang-x86_64-python-uharfbuzz,build-depends-on,mingw-w64-clang-x86_64-cc,
clang64,mingw-w64-clang-x86_64-python-ujson,build-depends-on,mingw-w64-clang-x86_64-cc,
clang64,mingw-w64-clang-x86_64-python-unicorn,build-depends-on,mingw-w64-clang-x86_64-cc,
clang64,mingw-w64-clang-x86_64-python-webrtcvad,build-depends-on,mingw-w64-clang-x86_64-cc,
clang64,mingw-w64-clang-x86_64-python-websockets,build-depends-on,mingw-w64-clang-x86_64-cc,
clang64,mingw-w64-clang-x86_64-python-winkerberos,build-depends-on,mingw-w64-clang-x86_64-cc,
clang64,mingw-w64-clang-x86_64-python-winloop,build-depends-on,mingw-w64-clang-x86_64-cc,
clang64,mingw-w64-clang-x86_64-python-winsdk,build-depends-on,mingw-w64-clang-x86_64-cc,
clang64,mingw-w64-clang-x86_64-python-wordcloud,build-depends-on,mingw-w64-clang-x86_64-cc,
clang64,mingw-w64-clang-x86_64-python-wrapt,build-depends-on,mingw-w64-clang-x86_64-cc,
clang64,mingw-w64-clang-x86_64-python-xpra,build-depends-on,mingw-w64-clang-x86_64-cc,
clang64,mingw-w64-clang-x86_64-python-yaml,build-depends-on,mingw-w64-clang-x86_64-cc,
clang64,mingw-w64-clang-x86_64-python-yarl,build-depends-on,mingw-w64-clang-x86_64-cc,
clang64,mingw-w64-clang-x86_64-python-zeroconf,build-depends-on,mingw-w64-clang-x86_64-cc,
clang64,mingw-w64-clang-x86_64-python-zope.interface,build-depends-on,mingw-w64-clang-x86_64-cc,
clang64,mingw-w64-clang-x86_64-python-zstandard,build-depends-on,mingw-w64-clang-x86_64-cc,
clang64,mingw-w64-clang-x86_64-python-zxing-cpp,build-depends-on,mingw-w64-clang-x86_64-cc,
clang64,mingw-w64-clang-x86_64-qalculate-gtk,build-depends-on,mingw-w64-clang-x86_64-cc,
clang64,mingw-w64-clang-x86_64-qalculate-qt,build-depends-on,mingw-w64-clang-x86_64-cc,
clang64,mingw-w64-clang-x86_64-qbittorrent,build-depends-on,mingw-w64-clang-x86_64-cc,
clang64,mingw-w64-clang-x86_64-qbs,build-depends-on,mingw-w64-clang-x86_64-cc,
clang64,mingw-w64-clang-x86_64-qca-qt5,build-depends-on,mingw-w64-clang-x86_64-cc,
clang64,mingw-w64-clang-x86_64-qca-qt6,build-depends-on,mingw-w64-clang-x86_64-cc,
clang64,mingw-w64-clang-x86_64-qdia,build-depends-on,mingw-w64-clang-x86_64-cc,
clang64,mingw-w64-clang-x86_64-qemu,build-depends-on,mingw-w64-clang-x86_64-cc,
clang64,mingw-w64-clang-x86_64-qemu-common,build-depends-on,mingw-w64-clang-x86_64-cc,
clang64,mingw-w64-clang-x86_64-qemu-guest-agent,build-depends-on,mingw-w64-clang-x86_64-cc,
clang64,mingw-w64-clang-x86_64-qemu-image-util,build-depends-on,mingw-w64-clang-x86_64-cc,
clang64,mingw-w64-clang-x86_64-qgis,build-depends-on,mingw-w64-clang-x86_64-cc,
clang64,mingw-w64-clang-x86_64-qgpgme-qt5,build-depends-on,mingw-w64-clang-x86_64-cc,
clang64,mingw-w64-clang-x86_64-qgpgme-qt6,build-depends-on,mingw-w64-clang-x86_64-cc,
clang64,mingw-w64-clang-x86_64-qhttpengine,build-depends-on,mingw-w64-clang-x86_64-cc,
clang64,mingw-w64-clang-x86_64-qhull,build-depends-on,mingw-w64-clang-x86_64-cc,
clang64,mingw-w64-clang-x86_64-qjackctl,build-depends-on,mingw-w64-clang-x86_64-cc,
clang64,mingw-w64-clang-x86_64-qmdnsengine,build-depends-on,mingw-w64-clang-x86_64-cc,
clang64,mingw-w64-clang-x86_64-qownnotes,build-depends-on,mingw-w64-clang-x86_64-cc,
clang64,mingw-w64-clang-x86_64-qpdf,build-depends-on,mingw-w64-clang-x86_64-cc,
clang64,mingw-w64-clang-x86_64-qqc2-desktop-style,build-depends-on,mingw-w64-clang-x86_64-cc,
clang64,mingw-w64-clang-x86_64-qrencode,build-depends-on,mingw-w64-clang-x86_64-SDL,
clang64,mingw-w64-clang-x86_64-qrencode,build-depends-on,mingw-w64-clang-x86_64-cc,
clang64,mingw-w64-clang-x86_64-qrupdate,build-depends-on,mingw-w64-clang-x86_64-fc,
clang64,mingw-w64-clang-x86_64-qscintilla-qt5,build-depends-on,mingw-w64-clang-x86_64-cc,
clang64,mingw-w64-clang-x86_64-qscintilla-qt6,build-depends-on,mingw-w64-clang-x86_64-cc,
clang64,mingw-w64-clang-x86_64-qt-advanced-docking-system,build-depends-on,mingw-w64-clang-x86_64-cc,
clang64,mingw-w64-clang-x86_64-qt-creator,build-depends-on,mingw-w64-clang-x86_64-cc,
clang64,mingw-w64-clang-x86_64-qt-creator-devel,build-depends-on,mingw-w64-clang-x86_64-cc,
clang64,mingw-w64-clang-x86_64-qt-creator-docs,build-depends-on,mingw-w64-clang-x86_64-cc,
clang64,mingw-w64-clang-x86_64-qt-installer-framework,build-depends-on,mingw-w64-clang-x86_64-cc,
clang64,mingw-w64-clang-x86_64-qt5-3d,build-depends-on,mingw-w64-clang-x86_64-cc,
clang64,mingw-w64-clang-x86_64-qt5-3d-debug,build-depends-on,mingw-w64-clang-x86_64-cc,
clang64,mingw-w64-clang-x86_64-qt5-activeqt,build-depends-on,mingw-w64-clang-x86_64-cc,
clang64,mingw-w64-clang-x86_64-qt5-activeqt-debug,build-depends-on,mingw-w64-clang-x86_64-cc,
clang64,mingw-w64-clang-x86_64-qt5-base,build-depends-on,mingw-w64-clang-x86_64-cc,
clang64,mingw-w64-clang-x86_64-qt5-base,build-depends-on,mingw-w64-clang-x86_64-vulkan,
clang64,mingw-w64-clang-x86_64-qt5-base-debug,build-depends-on,mingw-w64-clang-x86_64-cc,
clang64,mingw-w64-clang-x86_64-qt5-base-debug,build-depends-on,mingw-w64-clang-x86_64-vulkan,
clang64,mingw-w64-clang-x86_64-qt5-charts,build-depends-on,mingw-w64-clang-x86_64-cc,
clang64,mingw-w64-clang-x86_64-qt5-charts-debug,build-depends-on,mingw-w64-clang-x86_64-cc,
clang64,mingw-w64-clang-x86_64-qt5-connectivity,build-depends-on,mingw-w64-clang-x86_64-cc,
clang64,mingw-w64-clang-x86_64-qt5-connectivity-debug,build-depends-on,mingw-w64-clang-x86_64-cc,
clang64,mingw-w64-clang-x86_64-qt5-datavis3d,build-depends-on,mingw-w64-clang-x86_64-cc,
clang64,mingw-w64-clang-x86_64-qt5-datavis3d-debug,build-depends-on,mingw-w64-clang-x86_64-cc,
clang64,mingw-w64-clang-x86_64-qt5-declarative,build-depends-on,mingw-w64-clang-x86_64-cc,
clang64,mingw-w64-clang-x86_64-qt5-declarative-debug,build-depends-on,mingw-w64-clang-x86_64-cc,
clang64,mingw-w64-clang-x86_64-qt5-gamepad,build-depends-on,mingw-w64-clang-x86_64-SDL2,
clang64,mingw-w64-clang-x86_64-qt5-gamepad,build-depends-on,mingw-w64-clang-x86_64-cc,
clang64,mingw-w64-clang-x86_64-qt5-gamepad-debug,build-depends-on,mingw-w64-clang-x86_64-SDL2,
clang64,mingw-w64-clang-x86_64-qt5-gamepad-debug,build-depends-on,mingw-w64-clang-x86_64-cc,
clang64,mingw-w64-clang-x86_64-qt5-graphicaleffects,build-depends-on,mingw-w64-clang-x86_64-cc,
clang64,mingw-w64-clang-x86_64-qt5-graphicaleffects-debug,build-depends-on,mingw-w64-clang-x86_64-cc,
clang64,mingw-w64-clang-x86_64-qt5-imageformats,build-depends-on,mingw-w64-clang-x86_64-cc,
clang64,mingw-w64-clang-x86_64-qt5-imageformats-debug,build-depends-on,mingw-w64-clang-x86_64-cc,
clang64,mingw-w64-clang-x86_64-qt5-location,build-depends-on,mingw-w64-clang-x86_64-cc,
clang64,mingw-w64-clang-x86_64-qt5-location-debug,build-depends-on,mingw-w64-clang-x86_64-cc,
clang64,mingw-w64-clang-x86_64-qt5-lottie,build-depends-on,mingw-w64-clang-x86_64-cc,
clang64,mingw-w64-clang-x86_64-qt5-lottie-debug,build-depends-on,mingw-w64-clang-x86_64-cc,
clang64,mingw-w64-clang-x86_64-qt5-multimedia,build-depends-on,mingw-w64-clang-x86_64-cc,
clang64,mingw-w64-clang-x86_64-qt5-multimedia-debug,build-depends-on,mingw-w64-clang-x86_64-cc,
clang64,mingw-w64-clang-x86_64-qt5-networkauth,build-depends-on,mingw-w64-clang-x86_64-cc,
clang64,mingw-w64-clang-x86_64-qt5-networkauth-debug,build-depends-on,mingw-w64-clang-x86_64-cc,
clang64,mingw-w64-clang-x86_64-qt5-pdf,build-depends-on,mingw-w64-clang-x86_64-cc,
clang64,mingw-w64-clang-x86_64-qt5-pdf-debug,build-depends-on,mingw-w64-clang-x86_64-cc,
clang64,mingw-w64-clang-x86_64-qt5-purchasing,build-depends-on,mingw-w64-clang-x86_64-cc,
clang64,mingw-w64-clang-x86_64-qt5-purchasing-debug,build-depends-on,mingw-w64-clang-x86_64-cc,
clang64,mingw-w64-clang-x86_64-qt5-quick3d,build-depends-on,mingw-w64-clang-x86_64-cc,
clang64,mingw-w64-clang-x86_64-qt5-quick3d-debug,build-depends-on,mingw-w64-clang-x86_64-cc,
clang64,mingw-w64-clang-x86_64-qt5-quickcontrols,build-depends-on,mingw-w64-clang-x86_64-cc,
clang64,mingw-w64-clang-x86_64-qt5-quickcontrols-debug,build-depends-on,mingw-w64-clang-x86_64-cc,
clang64,mingw-w64-clang-x86_64-qt5-quickcontrols2,build-depends-on,mingw-w64-clang-x86_64-cc,
clang64,mingw-w64-clang-x86_64-qt5-quickcontrols2-debug,build-depends-on,mingw-w64-clang-x86_64-cc,
clang64,mingw-w64-clang-x86_64-qt5-quicktimeline,build-depends-on,mingw-w64-clang-x86_64-cc,
clang64,mingw-w64-clang-x86_64-qt5-quicktimeline-debug,build-depends-on,mingw-w64-clang-x86_64-cc,
clang64,mingw-w64-clang-x86_64-qt5-remoteobjects,build-depends-on,mingw-w64-clang-x86_64-cc,
clang64,mingw-w64-clang-x86_64-qt5-remoteobjects-debug,build-depends-on,mingw-w64-clang-x86_64-cc,
clang64,mingw-w64-clang-x86_64-qt5-script,build-depends-on,mingw-w64-clang-x86_64-cc,
clang64,mingw-w64-clang-x86_64-qt5-script-debug,build-depends-on,mingw-w64-clang-x86_64-cc,
clang64,mingw-w64-clang-x86_64-qt5-scxml,build-depends-on,mingw-w64-clang-x86_64-cc,
clang64,mingw-w64-clang-x86_64-qt5-scxml-debug,build-depends-on,mingw-w64-clang-x86_64-cc,
clang64,mingw-w64-clang-x86_64-qt5-sensors,build-depends-on,mingw-w64-clang-x86_64-cc,
clang64,mingw-w64-clang-x86_64-qt5-sensors-debug,build-depends-on,mingw-w64-clang-x86_64-cc,
clang64,mingw-w64-clang-x86_64-qt5-serialbus,build-depends-on,mingw-w64-clang-x86_64-cc,
clang64,mingw-w64-clang-x86_64-qt5-serialbus-debug,build-depends-on,mingw-w64-clang-x86_64-cc,
clang64,mingw-w64-clang-x86_64-qt5-serialport,build-depends-on,mingw-w64-clang-x86_64-cc,
clang64,mingw-w64-clang-x86_64-qt5-serialport-debug,build-depends-on,mingw-w64-clang-x86_64-cc,
clang64,mingw-w64-clang-x86_64-qt5-speech,build-depends-on,mingw-w64-clang-x86_64-cc,
clang64,mingw-w64-clang-x86_64-qt5-speech-debug,build-depends-on,mingw-w64-clang-x86_64-cc,
clang64,mingw-w64-clang-x86_64-qt5-static,build-depends-on,mingw-w64-clang-x86_64-cc,
clang64,mingw-w64-clang-x86_64-qt5-svg,build-depends-on,mingw-w64-clang-x86_64-cc,
clang64,mingw-w64-clang-x86_64-qt5-svg-debug,build-depends-on,mingw-w64-clang-x86_64-cc,
clang64,mingw-w64-clang-x86_64-qt5-tools,build-depends-on,mingw-w64-clang-x86_64-cc,
clang64,mingw-w64-clang-x86_64-qt5-tools-debug,build-depends-on,mingw-w64-clang-x86_64-cc,
clang64,mingw-w64-clang-x86_64-qt5-translations,build-depends-on,mingw-w64-clang-x86_64-cc,
clang64,mingw-w64-clang-x86_64-qt5-virtualkeyboard,build-depends-on,mingw-w64-clang-x86_64-cc,
clang64,mingw-w64-clang-x86_64-qt5-virtualkeyboard-debug,build-depends-on,mingw-w64-clang-x86_64-cc,
clang64,mingw-w64-clang-x86_64-qt5-webchannel,build-depends-on,mingw-w64-clang-x86_64-cc,
clang64,mingw-w64-clang-x86_64-qt5-webchannel-debug,build-depends-on,mingw-w64-clang-x86_64-cc,
clang64,mingw-w64-clang-x86_64-qt5-webglplugin,build-depends-on,mingw-w64-clang-x86_64-cc,
clang64,mingw-w64-clang-x86_64-qt5-webglplugin-debug,build-depends-on,mingw-w64-clang-x86_64-cc,
clang64,mingw-w64-clang-x86_64-qt5-websockets,build-depends-on,mingw-w64-clang-x86_64-cc,
clang64,mingw-w64-clang-x86_64-qt5-websockets-debug,build-depends-on,mingw-w64-clang-x86_64-cc,
clang64,mingw-w64-clang-x86_64-qt5-webview,build-depends-on,mingw-w64-clang-x86_64-cc,
clang64,mingw-w64-clang-x86_64-qt5-webview-debug,build-depends-on,mingw-w64-clang-x86_64-cc,
clang64,mingw-w64-clang-x86_64-qt5-winextras,build-depends-on,mingw-w64-clang-x86_64-cc,
clang64,mingw-w64-clang-x86_64-qt5-winextras-debug,build-depends-on,mingw-w64-clang-x86_64-cc,
clang64,mingw-w64-clang-x86_64-qt5-xmlpatterns,build-depends-on,mingw-w64-clang-x86_64-cc,
clang64,mingw-w64-clang-x86_64-qt5-xmlpatterns-debug,build-depends-on,mingw-w64-clang-x86_64-cc,
clang64,mingw-w64-clang-x86_64-qt6-3d,build-depends-on,mingw-w64-clang-x86_64-cc,
clang64,mingw-w64-clang-x86_64-qt6-3d-debug,build-depends-on,mingw-w64-clang-x86_64-cc,
clang64,mingw-w64-clang-x86_64-qt6-5compat,build-depends-on,mingw-w64-clang-x86_64-cc,
clang64,mingw-w64-clang-x86_64-qt6-5compat-debug,build-depends-on,mingw-w64-clang-x86_64-cc,
clang64,mingw-w64-clang-x86_64-qt6-activeqt,build-depends-on,mingw-w64-clang-x86_64-cc,
clang64,mingw-w64-clang-x86_64-qt6-activeqt-debug,build-depends-on,mingw-w64-clang-x86_64-cc,
clang64,mingw-w64-clang-x86_64-qt6-base,build-depends-on,mingw-w64-clang-x86_64-cc,
clang64,mingw-w64-clang-x86_64-qt6-base-debug,build-depends-on,mingw-w64-clang-x86_64-cc,
clang64,mingw-w64-clang-x86_64-qt6-charts,build-depends-on,mingw-w64-clang-x86_64-cc,
clang64,mingw-w64-clang-x86_64-qt6-charts-debug,build-depends-on,mingw-w64-clang-x86_64-cc,
clang64,mingw-w64-clang-x86_64-qt6-connectivity,build-depends-on,mingw-w64-clang-x86_64-cc,
clang64,mingw-w64-clang-x86_64-qt6-connectivity-debug,build-depends-on,mingw-w64-clang-x86_64-cc,
clang64,mingw-w64-clang-x86_64-qt6-datavis3d,build-depends-on,mingw-w64-clang-x86_64-cc,
clang64,mingw-w64-clang-x86_64-qt6-datavis3d-debug,build-depends-on,mingw-w64-clang-x86_64-cc,
clang64,mingw-w64-clang-x86_64-qt6-declarative,build-depends-on,mingw-w64-clang-x86_64-cc,
clang64,mingw-w64-clang-x86_64-qt6-declarative-debug,build-depends-on,mingw-w64-clang-x86_64-cc,
clang64,mingw-w64-clang-x86_64-qt6-graphs,build-depends-on,mingw-w64-clang-x86_64-cc,
clang64,mingw-w64-clang-x86_64-qt6-graphs-debug,build-depends-on,mingw-w64-clang-x86_64-cc,
clang64,mingw-w64-clang-x86_64-qt6-grpc,build-depends-on,mingw-w64-clang-x86_64-cc,
clang64,mingw-w64-clang-x86_64-qt6-grpc-debug,build-depends-on,mingw-w64-clang-x86_64-cc,
clang64,mingw-w64-clang-x86_64-qt6-httpserver,build-depends-on,mingw-w64-clang-x86_64-cc,
clang64,mingw-w64-clang-x86_64-qt6-httpserver-debug,build-depends-on,mingw-w64-clang-x86_64-cc,
clang64,mingw-w64-clang-x86_64-qt6-imageformats,build-depends-on,mingw-w64-clang-x86_64-cc,
clang64,mingw-w64-clang-x86_64-qt6-imageformats-debug,build-depends-on,mingw-w64-clang-x86_64-cc,
clang64,mingw-w64-clang-x86_64-qt6-languageserver,build-depends-on,mingw-w64-clang-x86_64-cc,
clang64,mingw-w64-clang-x86_64-qt6-location,build-depends-on,mingw-w64-clang-x86_64-cc,
clang64,mingw-w64-clang-x86_64-qt6-location-debug,build-depends-on,mingw-w64-clang-x86_64-cc,
clang64,mingw-w64-clang-x86_64-qt6-lottie,build-depends-on,mingw-w64-clang-x86_64-cc,
clang64,mingw-w64-clang-x86_64-qt6-lottie-debug,build-depends-on,mingw-w64-clang-x86_64-cc,
clang64,mingw-w64-clang-x86_64-qt6-mqtt,build-depends-on,mingw-w64-clang-x86_64-cc,
clang64,mingw-w64-clang-x86_64-qt6-mqtt-debug,build-depends-on,mingw-w64-clang-x86_64-cc,
clang64,mingw-w64-clang-x86_64-qt6-multimedia,build-depends-on,mingw-w64-clang-x86_64-cc,
clang64,mingw-w64-clang-x86_64-qt6-multimedia-debug,build-depends-on,mingw-w64-clang-x86_64-cc,
clang64,mingw-w64-clang-x86_64-qt6-multimedia-ffmpeg,build-depends-on,mingw-w64-clang-x86_64-cc,
clang64,mingw-w64-clang-x86_64-qt6-multimedia-wmf,build-depends-on,mingw-w64-clang-x86_64-cc,
clang64,mingw-w64-clang-x86_64-qt6-networkauth,build-depends-on,mingw-w64-clang-x86_64-cc,
clang64,mingw-w64-clang-x86_64-qt6-networkauth-debug,build-depends-on,mingw-w64-clang-x86_64-cc,
clang64,mingw-w64-clang-x86_64-qt6-pdf,build-depends-on,mingw-w64-clang-x86_64-cc,
clang64,mingw-w64-clang-x86_64-qt6-pdf-debug,build-depends-on,mingw-w64-clang-x86_64-cc,
clang64,mingw-w64-clang-x86_64-qt6-positioning,build-depends-on,mingw-w64-clang-x86_64-cc,
clang64,mingw-w64-clang-x86_64-qt6-positioning-debug,build-depends-on,mingw-w64-clang-x86_64-cc,
clang64,mingw-w64-clang-x86_64-qt6-quick3d,build-depends-on,mingw-w64-clang-x86_64-cc,
clang64,mingw-w64-clang-x86_64-qt6-quick3d-debug,build-depends-on,mingw-w64-clang-x86_64-cc,
clang64,mingw-w64-clang-x86_64-qt6-quick3dphysics,build-depends-on,mingw-w64-clang-x86_64-cc,
clang64,mingw-w64-clang-x86_64-qt6-quick3dphysics-debug,build-depends-on,mingw-w64-clang-x86_64-cc,
clang64,mingw-w64-clang-x86_64-qt6-quickeffectmaker,build-depends-on,mingw-w64-clang-x86_64-cc,
clang64,mingw-w64-clang-x86_64-qt6-quickeffectmaker-debug,build-depends-on,mingw-w64-clang-x86_64-cc,
clang64,mingw-w64-clang-x86_64-qt6-quicktimeline,build-depends-on,mingw-w64-clang-x86_64-cc,
clang64,mingw-w64-clang-x86_64-qt6-quicktimeline-debug,build-depends-on,mingw-w64-clang-x86_64-cc,
clang64,mingw-w64-clang-x86_64-qt6-remoteobjects,build-depends-on,mingw-w64-clang-x86_64-cc,
clang64,mingw-w64-clang-x86_64-qt6-remoteobjects-debug,build-depends-on,mingw-w64-clang-x86_64-cc,
clang64,mingw-w64-clang-x86_64-qt6-scxml,build-depends-on,mingw-w64-clang-x86_64-cc,
clang64,mingw-w64-clang-x86_64-qt6-scxml-debug,build-depends-on,mingw-w64-clang-x86_64-cc,
clang64,mingw-w64-clang-x86_64-qt6-sensors,build-depends-on,mingw-w64-clang-x86_64-cc,
clang64,mingw-w64-clang-x86_64-qt6-sensors-debug,build-depends-on,mingw-w64-clang-x86_64-cc,
clang64,mingw-w64-clang-x86_64-qt6-serialbus,build-depends-on,mingw-w64-clang-x86_64-cc,
clang64,mingw-w64-clang-x86_64-qt6-serialbus-debug,build-depends-on,mingw-w64-clang-x86_64-cc,
clang64,mingw-w64-clang-x86_64-qt6-serialport,build-depends-on,mingw-w64-clang-x86_64-cc,
clang64,mingw-w64-clang-x86_64-qt6-serialport-debug,build-depends-on,mingw-w64-clang-x86_64-cc,
clang64,mingw-w64-clang-x86_64-qt6-shadertools,build-depends-on,mingw-w64-clang-x86_64-cc,
clang64,mingw-w64-clang-x86_64-qt6-shadertools-debug,build-depends-on,mingw-w64-clang-x86_64-cc,
clang64,mingw-w64-clang-x86_64-qt6-speech,build-depends-on,mingw-w64-clang-x86_64-cc,
clang64,mingw-w64-clang-x86_64-qt6-speech-debug,build-depends-on,mingw-w64-clang-x86_64-cc,
clang64,mingw-w64-clang-x86_64-qt6-static,build-depends-on,mingw-w64-clang-x86_64-cc,
clang64,mingw-w64-clang-x86_64-qt6-svg,build-depends-on,mingw-w64-clang-x86_64-cc,
clang64,mingw-w64-clang-x86_64-qt6-svg-debug,build-depends-on,mingw-w64-clang-x86_64-cc,
clang64,mingw-w64-clang-x86_64-qt6-tools,build-depends-on,mingw-w64-clang-x86_64-cc,
clang64,mingw-w64-clang-x86_64-qt6-tools-debug,build-depends-on,mingw-w64-clang-x86_64-cc,
clang64,mingw-w64-clang-x86_64-qt6-translations,build-depends-on,mingw-w64-clang-x86_64-cc,
clang64,mingw-w64-clang-x86_64-qt6-virtualkeyboard,build-depends-on,mingw-w64-clang-x86_64-cc,
clang64,mingw-w64-clang-x86_64-qt6-virtualkeyboard-debug,build-depends-on,mingw-w64-clang-x86_64-cc,
clang64,mingw-w64-clang-x86_64-qt6-webchannel,build-depends-on,mingw-w64-clang-x86_64-cc,
clang64,mingw-w64-clang-x86_64-qt6-webchannel-debug,build-depends-on,mingw-w64-clang-x86_64-cc,
clang64,mingw-w64-clang-x86_64-qt6-websockets,build-depends-on,mingw-w64-clang-x86_64-cc,
clang64,mingw-w64-clang-x86_64-qt6-websockets-debug,build-depends-on,mingw-w64-clang-x86_64-cc,
clang64,mingw-w64-clang-x86_64-qt6-webview,build-depends-on,mingw-w64-clang-x86_64-cc,
clang64,mingw-w64-clang-x86_64-qt6-webview-debug,build-depends-on,mingw-w64-clang-x86_64-cc,
clang64,mingw-w64-clang-x86_64-qtkeychain,build-depends-on,mingw-w64-clang-x86_64-cc,
clang64,mingw-w64-clang-x86_64-qtwebkit,build-depends-on,mingw-w64-clang-x86_64-cc,
clang64,mingw-w64-clang-x86_64-quantlib,build-depends-on,mingw-w64-clang-x86_64-cc,
clang64,mingw-w64-clang-x86_64-quantum-espresso,build-depends-on,mingw-w64-clang-x86_64-cc,
clang64,mingw-w64-clang-x86_64-quantum-espresso,build-depends-on,mingw-w64-clang-x86_64-fc,
clang64,mingw-w64-clang-x86_64-quarter,build-depends-on,mingw-w64-clang-x86_64-cc,
clang64,mingw-w64-clang-x86_64-quassel,build-depends-on,mingw-w64-clang-x86_64-cc,
clang64,mingw-w64-clang-x86_64-quazip,build-depends-on,mingw-w64-clang-x86_64-cc,
clang64,mingw-w64-clang-x86_64-qucs-s,build-depends-on,mingw-w64-clang-x86_64-cc,
clang64,mingw-w64-clang-x86_64-quickjs,build-depends-on,mingw-w64-clang-x86_64-cc,
clang64,mingw-w64-clang-x86_64-quickjs-ng,build-depends-on,mingw-w64-clang-x86_64-cc,
clang64,mingw-w64-clang-x86_64-qwt-qt5,build-depends-on,mingw-w64-clang-x86_64-cc,
clang64,mingw-w64-clang-x86_64-qwt-qt6,build-depends-on,mingw-w64-clang-x86_64-cc,
clang64,mingw-w64-clang-x86_64-qxlsx,build-depends-on,mingw-w64-clang-x86_64-cc,
clang64,mingw-w64-clang-x86_64-qxmpp,build-depends-on,mingw-w64-clang-x86_64-cc,
clang64,mingw-w64-clang-x86_64-qxmpp-docs,build-depends-on,mingw-w64-clang-x86_64-cc,
clang64,mingw-w64-clang-x86_64-qxorm,build-depends-on,mingw-w64-clang-x86_64-cc,
clang64,mingw-w64-clang-x86_64-qxorm-docs,build-depends-on,mingw-w64-clang-x86_64-cc,
clang64,mingw-w64-clang-x86_64-r,build-depends-on,mingw-w64-clang-x86_64-cc,
clang64,mingw-w64-clang-x86_64-r,build-depends-on,mingw-w64-clang-x86_64-fc,
clang64,mingw-w64-clang-x86_64-rabbitmq-c,build-depends-on,mingw-w64-clang-x86_64-cc,
clang64,mingw-w64-clang-x86_64-ragel,build-depends-on,mingw-w64-clang-x86_64-cc,
clang64,mingw-w64-clang-x86_64-range-v3,build-depends-on,mingw-w64-clang-x86_64-cc,
clang64,mingw-w64-clang-x86_64-rankwidth,build-depends-on,mingw-w64-clang-x86_64-cc,
clang64,mingw-w64-clang-x86_64-rapidfuzz-cpp,build-depends-on,mingw-w64-clang-x86_64-cc,
clang64,mingw-w64-clang-x86_64-rapidjson,build-depends-on,mingw-w64-clang-x86_64-cc,
clang64,mingw-w64-clang-x86_64-raptor,build-depends-on,mingw-w64-clang-x86_64-cc,
clang64,mingw-w64-clang-x86_64-rasqal,build-depends-on,mingw-w64-clang-x86_64-cc,
clang64,mingw-w64-clang-x86_64-raylib,build-depends-on,mingw-w64-clang-x86_64-cc,
clang64,mingw-w64-clang-x86_64-rcedit,build-depends-on,mingw-w64-clang-x86_64-cc,
clang64,mingw-w64-clang-x86_64-rclone,build-depends-on,mingw-w64-clang-x86_64-cc,
clang64,mingw-w64-clang-x86_64-re2,build-depends-on,mingw-w64-clang-x86_64-cc,
clang64,mingw-w64-clang-x86_64-readline,build-depends-on,mingw-w64-clang-x86_64-cc,
clang64,mingw-w64-clang-x86_64-readosm,build-depends-on,mingw-w64-clang-x86_64-cc,
clang64,mingw-w64-clang-x86_64-readstat,build-depends-on,mingw-w64-clang-x86_64-cc,
clang64,mingw-w64-clang-x86_64-recode,build-depends-on,mingw-w64-clang-x86_64-cc,
clang64,mingw-w64-clang-x86_64-redis-plus-plus,build-depends-on,mingw-w64-clang-x86_64-cc,
clang64,mingw-w64-clang-x86_64-redland,build-depends-on,mingw-w64-clang-x86_64-cc,
clang64,mingw-w64-clang-x86_64-reflect-cpp,build-depends-on,mingw-w64-clang-x86_64-cc,
clang64,mingw-w64-clang-x86_64-restbed,build-depends-on,mingw-w64-clang-x86_64-cc,
clang64,mingw-w64-clang-x86_64-rhash,build-depends-on,mingw-w64-clang-x86_64-cc,
clang64,mingw-w64-clang-x86_64-riscv32-unknown-elf-binutils,build-depends-on,mingw-w64-clang-x86_64-cc,
clang64,mingw-w64-clang-x86_64-riscv32-unknown-elf-gcc,build-depends-on,mingw-w64-clang-x86_64-cc,
clang64,mingw-w64-clang-x86_64-riscv32-unknown-elf-newlib,build-depends-on,mingw-w64-clang-x86_64-cc,
clang64,mingw-w64-clang-x86_64-riscv64-unknown-elf-binutils,build-depends-on,mingw-w64-clang-x86_64-cc,
clang64,mingw-w64-clang-x86_64-riscv64-unknown-elf-gcc,build-depends-on,mingw-w64-clang-x86_64-cc,
clang64,mingw-w64-clang-x86_64-riscv64-unknown-elf-newlib,build-depends-on,mingw-w64-clang-x86_64-cc,
clang64,mingw-w64-clang-x86_64-rkcommon,build-depends-on,mingw-w64-clang-x86_64-cc,
clang64,mingw-w64-clang-x86_64-rkdeveloptool,build-depends-on,mingw-w64-clang-x86_64-cc,
clang64,mingw-w64-clang-x86_64-rnnoise,build-depends-on,mingw-w64-clang-x86_64-cc,
clang64,mingw-w64-clang-x86_64-robin-hood-hashing,build-depends-on,mingw-w64-clang-x86_64-cc,
clang64,mingw-w64-clang-x86_64-robin-map,build-depends-on,mingw-w64-clang-x86_64-cc,
clang64,mingw-w64-clang-x86_64-rocksdb,build-depends-on,mingw-w64-clang-x86_64-cc,
clang64,mingw-w64-clang-x86_64-roswell,build-depends-on,mingw-w64-clang-x86_64-cc,
clang64,mingw-w64-clang-x86_64-rpi-imager,build-depends-on,mingw-w64-clang-x86_64-cc,
clang64,mingw-w64-clang-x86_64-rrdtool,build-depends-on,mingw-w64-clang-x86_64-cc,
clang64,mingw-w64-clang-x86_64-rssguard,build-depends-on,mingw-w64-clang-x86_64-cc,
clang64,mingw-w64-clang-x86_64-rtaudio,build-depends-on,mingw-w64-clang-x86_64-cc,
clang64,mingw-w64-clang-x86_64-rtl-sdr,build-depends-on,mingw-w64-clang-x86_64-cc,
clang64,mingw-w64-clang-x86_64-rtl_433,build-depends-on,mingw-w64-clang-x86_64-cc,
clang64,mingw-w64-clang-x86_64-rtmidi,build-depends-on,mingw-w64-clang-x86_64-cc,
clang64,mingw-w64-clang-x86_64-rtmpdump,build-depends-on,mingw-w64-clang-x86_64-cc,
clang64,mingw-w64-clang-x86_64-rubberband,build-depends-on,mingw-w64-clang-x86_64-cc,
clang64,mingw-w64-clang-x86_64-ruby,build-depends-on,mingw-w64-clang-x86_64-cc,
clang64,mingw-w64-clang-x86_64-ruby-rdiscount,build-depends-on,mingw-w64-clang-x86_64-cc,
clang64,mingw-w64-clang-x86_64-ruc,build-depends-on,mingw-w64-clang-x86_64-cc,
clang64,mingw-w64-clang-x86_64-ruc-vm,build-depends-on,mingw-w64-clang-x86_64-cc,
clang64,mingw-w64-clang-x86_64-rust,build-depends-on,mingw-w64-clang-x86_64-cc,
clang64,mingw-w64-clang-x86_64-rust-emscripten,build-depends-on,mingw-w64-clang-x86_64-cc,
clang64,mingw-w64-clang-x86_64-rust-src,build-depends-on,mingw-w64-clang-x86_64-cc,
clang64,mingw-w64-clang-x86_64-rust-wasm,build-depends-on,mingw-w64-clang-x86_64-cc,
clang64,mingw-w64-clang-x86_64-rustfs,build-depends-on,mingw-w64-clang-x86_64-cc,
clang64,mingw-w64-clang-x86_64-rxspencer,build-depends-on,mingw-w64-clang-x86_64-cc,
clang64,mingw-w64-clang-x86_64-s-dftd3,build-depends-on,mingw-w64-clang-x86_64-fc,
clang64,mingw-w64-clang-x86_64-s2geometry,build-depends-on,mingw-w64-clang-x86_64-cc,
clang64,mingw-w64-clang-x86_64-safetyhook,build-depends-on,mingw-w64-clang-x86_64-cc,
clang64,mingw-w64-clang-x86_64-safetyhook-docs,build-depends-on,mingw-w64-clang-x86_64-cc,
clang64,mingw-w64-clang-x86_64-samtools,build-depends-on,mingw-w64-clang-x86_64-cc,
clang64,mingw-w64-clang-x86_64-sane,build-depends-on,mingw-w64-clang-x86_64-cc,
clang64,mingw-w64-clang-x86_64-sassc,build-depends-on,mingw-w64-clang-x86_64-cc,
clang64,mingw-w64-clang-x86_64-sbc,build-depends-on,mingw-w64-clang-x86_64-cc,
clang64,mingw-w64-clang-x86_64-sbcl,build-depends-on,mingw-w64-clang-x86_64-cc,
clang64,mingw-w64-clang-x86_64-scalapack,build-depends-on,mingw-w64-clang-x86_64-cc,
clang64,mingw-w64-clang-x86_64-scalapack,build-depends-on,mingw-w64-clang-x86_64-fc,
clang64,mingw-w64-clang-x86_64-scc,build-depends-on,mingw-w64-clang-x86_64-gcc,
clang64,mingw-w64-clang-x86_64-scdoc,build-depends-on,mingw-w64-clang-x86_64-cc,
clang64,mingw-w64-clang-x86_64-schroedinger,build-depends-on,mingw-w64-clang-x86_64-cc,
clang64,mingw-w64-clang-x86_64-scite,build-depends-on,mingw-w64-clang-x86_64-cc,
clang64,mingw-w64-clang-x86_64-scite-defaults,build-depends-on,mingw-w64-clang-x86_64-cc,
clang64,mingw-w64-clang-x86_64-scnlib,build-depends-on,mingw-w64-clang-x86_64-cc,
clang64,mingw-w64-clang-x86_64-scopehal-apps,build-depends-on,mingw-w64-clang-x86_64-cc,
clang64,mingw-w64-clang-x86_64-scotch,build-depends-on,mingw-w64-clang-x86_64-cc,
clang64,mingw-w64-clang-x86_64-scotch,build-depends-on,mingw-w64-clang-x86_64-fc,
clang64,mingw-w64-clang-x86_64-scotch-metis,build-depends-on,mingw-w64-clang-x86_64-cc,
clang64,mingw-w64-clang-x86_64-scotch-metis,build-depends-on,mingw-w64-clang-x86_64-fc,
clang64,mingw-w64-clang-x86_64-scotch64,build-depends-on,mingw-w64-clang-x86_64-cc,
clang64,mingw-w64-clang-x86_64-scotch64,build-depends-on,mingw-w64-clang-x86_64-fc,
clang64,mingw-w64-clang-x86_64-scotch64-metis,build-depends-on,mingw-w64-clang-x86_64-cc,
clang64,mingw-w64-clang-x86_64-scotch64-metis,build-depends-on,mingw-w64-clang-x86_64-fc,
clang64,mingw-w64-clang-x86_64-scrcpy,build-depends-on,mingw-w64-clang-x86_64-cc,
clang64,mingw-w64-clang-x86_64-scribus,build-depends-on,mingw-w64-clang-x86_64-cc,
clang64,mingw-w64-clang-x86_64-scummvm,build-depends-on,mingw-w64-clang-x86_64-cc,
clang64,mingw-w64-clang-x86_64-sdcc,build-depends-on,mingw-w64-clang-x86_64-cc,
clang64,mingw-w64-clang-x86_64-sdcv,build-depends-on,mingw-w64-clang-x86_64-cc,
clang64,mingw-w64-clang-x86_64-sdl12-compat,build-depends-on,mingw-w64-clang-x86_64-cc,
clang64,mingw-w64-clang-x86_64-sdl3,build-depends-on,mingw-w64-clang-x86_64-cc,
clang64,mingw-w64-clang-x86_64-sdl3-image,build-depends-on,mingw-w64-clang-x86_64-cc,
clang64,mingw-w64-clang-x86_64-sdl3-mixer,build-depends-on,mingw-w64-clang-x86_64-cc,
clang64,mingw-w64-clang-x86_64-sdl3-net,build-depends-on,mingw-w64-clang-x86_64-cc,
clang64,mingw-w64-clang-x86_64-sdl3-ttf,build-depends-on,mingw-w64-clang-x86_64-cc,
clang64,mingw-w64-clang-x86_64-seacas,build-depends-on,mingw-w64-clang-x86_64-cc,
clang64,mingw-w64-clang-x86_64-sed,build-depends-on,mingw-w64-clang-x86_64-cc,
clang64,mingw-w64-clang-x86_64-seexpr,build-depends-on,mingw-w64-clang-x86_64-cc,
clang64,mingw-w64-clang-x86_64-sequoia-sq,build-depends-on,mingw-w64-clang-x86_64-cc,
clang64,mingw-w64-clang-x86_64-serd,build-depends-on,mingw-w64-clang-x86_64-cc,
clang64,mingw-w64-clang-x86_64-serial-studio,build-depends-on,mingw-w64-clang-x86_64-cc,
clang64,mingw-w64-clang-x86_64-sfcgal,build-depends-on,mingw-w64-clang-x86_64-cc,
clang64,mingw-w64-clang-x86_64-sfml,build-depends-on,mingw-w64-clang-x86_64-cc,
clang64,mingw-w64-clang-x86_64-sfml-docs,build-depends-on,mingw-w64-clang-x86_64-cc,
clang64,mingw-w64-clang-x86_64-shaderc,build-depends-on,mingw-w64-clang-x86_64-cc,
clang64,mingw-w64-clang-x86_64-shapelib,build-depends-on,mingw-w64-clang-x86_64-cc,
clang64,mingw-w64-clang-x86_64-shared-mime-info,build-depends-on,mingw-w64-clang-x86_64-cc,
clang64,mingw-w64-clang-x86_64-shared-mime-info,build-depends-on,mingw-w64-clang-x86_64-gettext,
clang64,mingw-w64-clang-x86_64-shfmt,build-depends-on,mingw-w64-clang-x86_64-cc,
clang64,mingw-w64-clang-x86_64-shiboken2,build-depends-on,mingw-w64-clang-x86_64-cc,
clang64,mingw-w64-clang-x86_64-shiboken6,build-depends-on,mingw-w64-clang-x86_64-cc,
clang64,mingw-w64-clang-x86_64-shim_executable,build-depends-on,mingw-w64-clang-x86_64-cc,
clang64,mingw-w64-clang-x86_64-shine,build-depends-on,mingw-w64-clang-x86_64-cc,
clang64,mingw-w64-clang-x86_64-shishi,build-depends-on,mingw-w64-clang-x86_64-cc,
clang64,mingw-w64-clang-x86_64-shotcut,build-depends-on,mingw-w64-clang-x86_64-cc,
clang64,mingw-w64-clang-x86_64-sidplayfp,build-depends-on,mingw-w64-clang-x86_64-cc,
clang64,mingw-w64-clang-x86_64-siesta,build-depends-on,mingw-w64-clang-x86_64-cc,
clang64,mingw-w64-clang-x86_64-siesta,build-depends-on,mingw-w64-clang-x86_64-fc,
clang64,mingw-w64-clang-x86_64-sigutils,build-depends-on,mingw-w64-clang-x86_64-cc,
clang64,mingw-w64-clang-x86_64-silc-toolkit,build-depends-on,mingw-w64-clang-x86_64-cc,
clang64,mingw-w64-clang-x86_64-simdjson,build-depends-on,mingw-w64-clang-x86_64-cc,
clang64,mingw-w64-clang-x86_64-simple-mail,build-depends-on,mingw-w64-clang-x86_64-cc,
clang64,mingw-w64-clang-x86_64-simvoleon,build-depends-on,mingw-w64-clang-x86_64-cc,
clang64,mingw-w64-clang-x86_64-sirocco,build-depends-on,mingw-w64-clang-x86_64-cc,
clang64,mingw-w64-clang-x86_64-skia,build-depends-on,mingw-w64-clang-x86_64-cc,
clang64,mingw-w64-clang-x86_64-skyr-url,build-depends-on,mingw-w64-clang-x86_64-cc,
clang64,mingw-w64-clang-x86_64-sl,build-depends-on,mingw-w64-clang-x86_64-cc,
clang64,mingw-w64-clang-x86_64-sleef,build-depends-on,mingw-w64-clang-x86_64-cc,
clang64,mingw-w64-clang-x86_64-slepc,build-depends-on,mingw-w64-clang-x86_64-cc,
clang64,mingw-w64-clang-x86_64-slepc,build-depends-on,mingw-w64-clang-x86_64-fc,
clang64,mingw-w64-clang-x86_64-smpeg,build-depends-on,mingw-w64-clang-x86_64-cc,
clang64,mingw-w64-clang-x86_64-smpeg2,build-depends-on,mingw-w64-clang-x86_64-cc,
clang64,mingw-w64-clang-x86_64-snappy,build-depends-on,mingw-w64-clang-x86_64-cc,
clang64,mingw-w64-clang-x86_64-snoregrowl,build-depends-on,mingw-w64-clang-x86_64-cc,
clang64,mingw-w64-clang-x86_64-snorenotify,build-depends-on,mingw-w64-clang-x86_64-gcc,
clang64,mingw-w64-clang-x86_64-snowball,build-depends-on,mingw-w64-clang-x86_64-cc,
clang64,mingw-w64-clang-x86_64-soapyhackrf,build-depends-on,mingw-w64-clang-x86_64-cc,
clang64,mingw-w64-clang-x86_64-soapyrtlsdr,build-depends-on,mingw-w64-clang-x86_64-cc,
clang64,mingw-w64-clang-x86_64-soapysdr,build-depends-on,mingw-w64-clang-x86_64-cc,
clang64,mingw-w64-clang-x86_64-soci,build-depends-on,mingw-w64-clang-x86_64-cc,
clang64,mingw-w64-clang-x86_64-soil,build-depends-on,mingw-w64-clang-x86_64-cc,
clang64,mingw-w64-clang-x86_64-sol2,build-depends-on,mingw-w64-clang-x86_64-cc,
clang64,mingw-w64-clang-x86_64-solid,build-depends-on,mingw-w64-clang-x86_64-cc,
clang64,mingw-w64-clang-x86_64-solid3,build-depends-on,mingw-w64-clang-x86_64-cc,
clang64,mingw-w64-clang-x86_64-sonivox,build-depends-on,mingw-w64-clang-x86_64-cc,
clang64,mingw-w64-clang-x86_64-sonixflasher,build-depends-on,mingw-w64-clang-x86_64-cc,
clang64,mingw-w64-clang-x86_64-sonnet,build-depends-on,mingw-w64-clang-x86_64-cc,
clang64,mingw-w64-clang-x86_64-soqt,build-depends-on,mingw-w64-clang-x86_64-cc,
clang64,mingw-w64-clang-x86_64-sord,build-depends-on,mingw-w64-clang-x86_64-cc,
clang64,mingw-w64-clang-x86_64-soundtouch,build-depends-on,mingw-w64-clang-x86_64-cc,
clang64,mingw-w64-clang-x86_64-source-highlight,build-depends-on,mingw-w64-clang-x86_64-cc,
clang64,mingw-w64-clang-x86_64-sox,build-depends-on,mingw-w64-clang-x86_64-cc,
clang64,mingw-w64-clang-x86_64-sox-ng,build-depends-on,mingw-w64-clang-x86_64-cc,
clang64,mingw-w64-clang-x86_64-spandsp,build-depends-on,mingw-w64-clang-x86_64-cc,
clang64,mingw-w64-clang-x86_64-sparsehash,build-depends-on,mingw-w64-clang-x86_64-cc,
clang64,mingw-w64-clang-x86_64-spatialindex,build-depends-on,mingw-w64-clang-x86_64-cc,
clang64,mingw-w64-clang-x86_64-spatialite-gui,build-depends-on,mingw-w64-clang-x86_64-cc,
clang64,mingw-w64-clang-x86_64-spatialite-tools,build-depends-on,mingw-w64-clang-x86_64-cc,
clang64,mingw-w64-clang-x86_64-spdlog,build-depends-on,mingw-w64-clang-x86_64-cc,
clang64,mingw-w64-clang-x86_64-spdylay,build-depends-on,mingw-w64-clang-x86_64-cc,
clang64,mingw-w64-clang-x86_64-spectra,build-depends-on,mingw-w64-clang-x86_64-cc,
clang64,mingw-w64-clang-x86_64-speex,build-depends-on,mingw-w64-clang-x86_64-cc,
clang64,mingw-w64-clang-x86_64-speexdsp,build-depends-on,mingw-w64-clang-x86_64-cc,
clang64,mingw-w64-clang-x86_64-spglib,build-depends-on,mingw-w64-clang-x86_64-cc,
clang64,mingw-w64-clang-x86_64-spglib,build-depends-on,mingw-w64-clang-x86_64-fc,
clang64,mingw-w64-clang-x86_64-spice,build-depends-on,mingw-w64-clang-x86_64-cc,
clang64,mingw-w64-clang-x86_64-spice-gtk,build-depends-on,mingw-w64-clang-x86_64-cc,
clang64,mingw-w64-clang-x86_64-spice-protocol,build-depends-on,mingw-w64-clang-x86_64-cc,
clang64,mingw-w64-clang-x86_64-spirv-cross,build-depends-on,mingw-w64-clang-x86_64-cc,
clang64,mingw-w64-clang-x86_64-spirv-headers,build-depends-on,mingw-w64-clang-x86_64-cc,
clang64,mingw-w64-clang-x86_64-spirv-llvm-translator,build-depends-on,mingw-w64-clang-x86_64-cc,
clang64,mingw-w64-clang-x86_64-spirv-tools,build-depends-on,mingw-w64-clang-x86_64-cc,
clang64,mingw-w64-clang-x86_64-spooles,build-depends-on,mingw-w64-clang-x86_64-cc,
clang64,mingw-w64-clang-x86_64-sqlcipher,build-depends-on,mingw-w64-clang-x86_64-cc,
clang64,mingw-w64-clang-x86_64-sqlite-docs,build-depends-on,mingw-w64-clang-x86_64-cc,
clang64,mingw-w64-clang-x86_64-sqlite-orm,build-depends-on,mingw-w64-clang-x86_64-cc,
clang64,mingw-w64-clang-x86_64-sqlite3,build-depends-on,mingw-w64-clang-x86_64-cc,
clang64,mingw-w64-clang-x86_64-sqlite3mc,build-depends-on,mingw-w64-clang-x86_64-cc,
clang64,mingw-w64-clang-x86_64-sqlitebrowser,build-depends-on,mingw-w64-clang-x86_64-cc,
clang64,mingw-w64-clang-x86_64-sqlitestudio,build-depends-on,mingw-w64-clang-x86_64-cc,
clang64,mingw-w64-clang-x86_64-sqlitestudio-plugins,build-depends-on,mingw-w64-clang-x86_64-cc,
clang64,mingw-w64-clang-x86_64-squirrel,build-depends-on,mingw-w64-clang-x86_64-cc,
clang64,mingw-w64-clang-x86_64-sratom,build-depends-on,mingw-w64-clang-x86_64-cc,
clang64,mingw-w64-clang-x86_64-srecord,build-depends-on,mingw-w64-clang-x86_64-cc,
clang64,mingw-w64-clang-x86_64-srt,build-depends-on,mingw-w64-clang-x86_64-cc,
clang64,mingw-w64-clang-x86_64-starpu,build-depends-on,mingw-w64-clang-x86_64-cc,
clang64,mingw-w64-clang-x86_64-stellarium,build-depends-on,mingw-w64-clang-x86_64-cc,
clang64,mingw-w64-clang-x86_64-stk,build-depends-on,mingw-w64-clang-x86_64-cc,
clang64,mingw-w64-clang-x86_64-stlink,build-depends-on,mingw-w64-clang-x86_64-cc,
clang64,mingw-w64-clang-x86_64-stoken,build-depends-on,mingw-w64-clang-x86_64-cc,
clang64,mingw-w64-clang-x86_64-strumpack,build-depends-on,mingw-w64-clang-x86_64-cc,
clang64,mingw-w64-clang-x86_64-strumpack,build-depends-on,mingw-w64-clang-x86_64-fc,
clang64,mingw-w64-clang-x86_64-stxxl,build-depends-on,mingw-w64-clang-x86_64-cc,
clang64,mingw-w64-clang-x86_64-suitesparse,build-depends-on,mingw-w64-clang-x86_64-cc,
clang64,mingw-w64-clang-x86_64-sundials,build-depends-on,mingw-w64-clang-x86_64-cc,
clang64,mingw-w64-clang-x86_64-supercollider,build-depends-on,mingw-w64-clang-x86_64-cc,
clang64,mingw-w64-clang-x86_64-superlu,build-depends-on,mingw-w64-clang-x86_64-cc,
clang64,mingw-w64-clang-x86_64-superlu,build-depends-on,mingw-w64-clang-x86_64-fc,
clang64,mingw-w64-clang-x86_64-superlu_dist,build-depends-on,mingw-w64-clang-x86_64-cc,
clang64,mingw-w64-clang-x86_64-superlu_mt,build-depends-on,mingw-w64-clang-x86_64-cc,
clang64,mingw-w64-clang-x86_64-supertux,build-depends-on,mingw-w64-clang-x86_64-cc,
clang64,mingw-w64-clang-x86_64-svt-av1,build-depends-on,mingw-w64-clang-x86_64-cc,
clang64,mingw-w64-clang-x86_64-svt-jpeg-xs,build-depends-on,mingw-w64-clang-x86_64-cc,
clang64,mingw-w64-clang-x86_64-swi-prolog-archive,build-depends-on,mingw-w64-clang-x86_64-cc,
clang64,mingw-w64-clang-x86_64-swi-prolog-bdb,build-depends-on,mingw-w64-clang-x86_64-cc,
clang64,mingw-w64-clang-x86_64-swi-prolog-core,build-depends-on,mingw-w64-clang-x86_64-cc,
clang64,mingw-w64-clang-x86_64-swi-prolog-doc,build-depends-on,mingw-w64-clang-x86_64-cc,
clang64,mingw-w64-clang-x86_64-swi-prolog-edit,build-depends-on,mingw-w64-clang-x86_64-cc,
clang64,mingw-w64-clang-x86_64-swi-prolog-examples,build-depends-on,mingw-w64-clang-x86_64-cc,
clang64,mingw-w64-clang-x86_64-swi-prolog-full,build-depends-on,mingw-w64-clang-x86_64-cc,
clang64,mingw-w64-clang-x86_64-swi-prolog-json,build-depends-on,mingw-w64-clang-x86_64-cc,
clang64,mingw-w64-clang-x86_64-swi-prolog-odbc,build-depends-on,mingw-w64-clang-x86_64-cc,
clang64,mingw-w64-clang-x86_64-swi-prolog-packages,build-depends-on,mingw-w64-clang-x86_64-cc,
clang64,mingw-w64-clang-x86_64-swi-prolog-pcre2,build-depends-on,mingw-w64-clang-x86_64-cc,
clang64,mingw-w64-clang-x86_64-swi-prolog-python,build-depends-on,mingw-w64-clang-x86_64-cc,
clang64,mingw-w64-clang-x86_64-swi-prolog-ssl,build-depends-on,mingw-w64-clang-x86_64-cc,
clang64,mingw-w64-clang-x86_64-swi-prolog-tests,build-depends-on,mingw-w64-clang-x86_64-cc,
clang64,mingw-w64-clang-x86_64-swi-prolog-x,build-depends-on,mingw-w64-clang-x86_64-cc,
clang64,mingw-w64-clang-x86_64-swi-prolog-yaml,build-depends-on,mingw-w64-clang-x86_64-cc,
clang64,mingw-w64-clang-x86_64-swig,build-depends-on,mingw-w64-clang-x86_64-cc,
clang64,mingw-w64-clang-x86_64-symmetrica,build-depends-on,mingw-w64-clang-x86_64-cc,
clang64,mingw-w64-clang-x86_64-syndication,build-depends-on,mingw-w64-clang-x86_64-cc,
clang64,mingw-w64-clang-x86_64-syntax-highlighting,build-depends-on,mingw-w64-clang-x86_64-cc,
clang64,mingw-w64-clang-x86_64-systemc,build-depends-on,mingw-w64-clang-x86_64-cc,
clang64,mingw-w64-clang-x86_64-t1utils,build-depends-on,mingw-w64-clang-x86_64-cc,
clang64,mingw-w64-clang-x86_64-taglib,build-depends-on,mingw-w64-clang-x86_64-cc,
clang64,mingw-w64-clang-x86_64-talkatu,build-depends-on,mingw-w64-clang-x86_64-cc,
clang64,mingw-w64-clang-x86_64-taucs,build-depends-on,mingw-w64-clang-x86_64-cc,
clang64,mingw-w64-clang-x86_64-taucs,build-depends-on,mingw-w64-clang-x86_64-fc,
clang64,mingw-w64-clang-x86_64-tbb,build-depends-on,mingw-w64-clang-x86_64-cc,
clang64,mingw-w64-clang-x86_64-tblite,build-depends-on,mingw-w64-clang-x86_64-cc,
clang64,mingw-w64-clang-x86_64-tblite,build-depends-on,mingw-w64-clang-x86_64-fc,
clang64,mingw-w64-clang-x86_64-tcl,build-depends-on,mingw-w64-clang-x86_64-cc,
clang64,mingw-w64-clang-x86_64-tcl-nsf,build-depends-on,mingw-w64-clang-x86_64-cc,
clang64,mingw-w64-clang-x86_64-tclvfs-cvs,build-depends-on,mingw-w64-clang-x86_64-cc,
clang64,mingw-w64-clang-x86_64-tclx,build-depends-on,mingw-w64-clang-x86_64-cc,
clang64,mingw-w64-clang-x86_64-tea,build-depends-on,mingw-w64-clang-x86_64-cc,
clang64,mingw-w64-clang-x86_64-teensy-loader-cli,build-depends-on,mingw-w64-clang-x86_64-cc,
clang64,mingw-w64-clang-x86_64-template-glib,build-depends-on,mingw-w64-clang-x86_64-cc,
clang64,mingw-w64-clang-x86_64-termcap,build-depends-on,mingw-w64-clang-x86_64-cc,
clang64,mingw-w64-clang-x86_64-tesseract-ocr,build-depends-on,mingw-w64-clang-x86_64-cc,
clang64,mingw-w64-clang-x86_64-testu01,build-depends-on,mingw-w64-clang-x86_64-cc,
clang64,mingw-w64-clang-x86_64-tetgen,build-depends-on,mingw-w64-clang-x86_64-cc,
clang64,mingw-w64-clang-x86_64-texinfo,build-depends-on,mingw-w64-clang-x86_64-cc,
clang64,mingw-w64-clang-x86_64-texlive-bin,build-depends-on,mingw-w64-clang-x86_64-cc,
clang64,mingw-w64-clang-x86_64-texlive-core,build-depends-on,mingw-w64-clang-x86_64-cc,
clang64,mingw-w64-clang-x86_64-texstudio,build-depends-on,mingw-w64-clang-x86_64-cc,
clang64,mingw-w64-clang-x86_64-tfel,build-depends-on,mingw-w64-clang-x86_64-cc,
clang64,mingw-w64-clang-x86_64-tfel,build-depends-on,mingw-w64-clang-x86_64-fc,
clang64,mingw-w64-clang-x86_64-tgui,build-depends-on,mingw-w64-clang-x86_64-cc,
clang64,mingw-w64-clang-x86_64-thorvg,build-depends-on,mingw-w64-clang-x86_64-cc,
clang64,mingw-w64-clang-x86_64-threadweaver,build-depends-on,mingw-w64-clang-x86_64-cc,
clang64,mingw-w64-clang-x86_64-thrift,build-depends-on,mingw-w64-clang-x86_64-cc,
clang64,mingw-w64-clang-x86_64-tidy,build-depends-on,mingw-w64-clang-x86_64-cc,
clang64,mingw-w64-clang-x86_64-tigervnc,build-depends-on,mingw-w64-clang-x86_64-cc,
clang64,mingw-w64-clang-x86_64-tiledb,build-depends-on,mingw-w64-clang-x86_64-cc,
clang64,mingw-w64-clang-x86_64-tiny-dnn,build-depends-on,mingw-w64-clang-x86_64-cc,
clang64,mingw-w64-clang-x86_64-tinyexpr,build-depends-on,mingw-w64-clang-x86_64-cc,
clang64,mingw-w64-clang-x86_64-tinyxml,build-depends-on,mingw-w64-clang-x86_64-cc,
clang64,mingw-w64-clang-x86_64-tinyxml2,build-depends-on,mingw-w64-clang-x86_64-cc,
clang64,mingw-w64-clang-x86_64-tixi,build-depends-on,mingw-w64-clang-x86_64-cc,
clang64,mingw-w64-clang-x86_64-tixi,build-depends-on,mingw-w64-clang-x86_64-fc,
clang64,mingw-w64-clang-x86_64-tk,build-depends-on,mingw-w64-clang-x86_64-cc,
clang64,mingw-w64-clang-x86_64-tkimg,build-depends-on,mingw-w64-clang-x86_64-cc,
clang64,mingw-w64-clang-x86_64-tktable,build-depends-on,mingw-w64-clang-x86_64-cc,
clang64,mingw-w64-clang-x86_64-tl-expected,build-depends-on,mingw-w64-clang-x86_64-cc,
clang64,mingw-w64-clang-x86_64-tlfloat,build-depends-on,mingw-w64-clang-x86_64-cc,
clang64,mingw-w64-clang-x86_64-tlfloat,build-depends-on,mingw-w64-clang-x86_64-omp,
clang64,mingw-w64-clang-x86_64-tmxlite,build-depends-on,mingw-w64-clang-x86_64-cc,
clang64,mingw-w64-clang-x86_64-tmxlite-docs,build-depends-on,mingw-w64-clang-x86_64-cc,
clang64,mingw-w64-clang-x86_64-tolua,build-depends-on,mingw-w64-clang-x86_64-cc,
clang64,mingw-w64-clang-x86_64-toml-f,build-depends-on,mingw-w64-clang-x86_64-fc,
clang64,mingw-w64-clang-x86_64-toml11,build-depends-on,mingw-w64-clang-x86_64-cc,
clang64,mingw-w64-clang-x86_64-tomlc17,build-depends-on,mingw-w64-clang-x86_64-cc,
clang64,mingw-w64-clang-x86_64-tomlplusplus,build-depends-on,mingw-w64-clang-x86_64-cc,
clang64,mingw-w64-clang-x86_64-tools,build-depends-on,mingw-w64-clang-x86_64-cc,
clang64,mingw-w64-clang-x86_64-tor,build-depends-on,mingw-w64-clang-x86_64-cc,
clang64,mingw-w64-clang-x86_64-totem-pl-parser,build-depends-on,mingw-w64-clang-x86_64-cc,
clang64,mingw-w64-clang-x86_64-transmission-cli,build-depends-on,mingw-w64-clang-x86_64-cc,
clang64,mingw-w64-clang-x86_64-transmission-gtk,build-depends-on,mingw-w64-clang-x86_64-cc,
clang64,mingw-w64-clang-x86_64-transmission-qt,build-depends-on,mingw-w64-clang-x86_64-cc,
clang64,mingw-w64-clang-x86_64-tree-sitter,build-depends-on,mingw-w64-clang-x86_64-cc,
clang64,mingw-w64-clang-x86_64-tree-sitter-c,build-depends-on,mingw-w64-clang-x86_64-cc,
clang64,mingw-w64-clang-x86_64-tree-sitter-lua,build-depends-on,mingw-w64-clang-x86_64-cc,
clang64,mingw-w64-clang-x86_64-tree-sitter-markdown,build-depends-on,mingw-w64-clang-x86_64-cc,
clang64,mingw-w64-clang-x86_64-tree-sitter-query,build-depends-on,mingw-w64-clang-x86_64-cc,
clang64,mingw-w64-clang-x86_64-tree-sitter-vim,build-depends-on,mingw-w64-clang-x86_64-cc,
clang64,mingw-w64-clang-x86_64-tree-sitter-vimdoc,build-depends-on,mingw-w64-clang-x86_64-cc,
clang64,mingw-w64-clang-x86_64-treedec,build-depends-on,mingw-w64-clang-x86_64-cc,
clang64,mingw-w64-clang-x86_64-trilinos,build-depends-on,mingw-w64-clang-x86_64-cc,
clang64,mingw-w64-clang-x86_64-trilinos,build-depends-on,mingw-w64-clang-x86_64-fc,
clang64,mingw-w64-clang-x86_64-triton,build-depends-on,mingw-w64-clang-x86_64-cc,
clang64,mingw-w64-clang-x86_64-trompeloeil,build-depends-on,mingw-w64-clang-x86_64-cc,
clang64,mingw-w64-clang-x86_64-tslib,build-depends-on,mingw-w64-clang-x86_64-cc,
clang64,mingw-w64-clang-x86_64-ttfautohint,build-depends-on,mingw-w64-clang-x86_64-cc,
clang64,mingw-w64-clang-x86_64-ttyd,build-depends-on,mingw-w64-clang-x86_64-cc,
clang64,mingw-w64-clang-x86_64-tulip,build-depends-on,mingw-w64-clang-x86_64-cc,
clang64,mingw-w64-clang-x86_64-turbo,build-depends-on,mingw-w64-clang-x86_64-cc,
clang64,mingw-w64-clang-x86_64-tuxpaint,build-depends-on,mingw-w64-clang-x86_64-cc,
clang64,mingw-w64-clang-x86_64-tuxpaint-docs,build-depends-on,mingw-w64-clang-x86_64-cc,
clang64,mingw-w64-clang-x86_64-twapi,build-depends-on,mingw-w64-clang-x86_64-cc,
clang64,mingw-w64-clang-x86_64-twolame,build-depends-on,mingw-w64-clang-x86_64-cc,
clang64,mingw-w64-clang-x86_64-uchardet,build-depends-on,mingw-w64-clang-x86_64-cc,
clang64,mingw-w64-clang-x86_64-ucl,build-depends-on,mingw-w64-clang-x86_64-cc,
clang64,mingw-w64-clang-x86_64-udis86,build-depends-on,mingw-w64-clang-x86_64-cc,
clang64,mingw-w64-clang-x86_64-udunits,build-depends-on,mingw-w64-clang-x86_64-cc,
clang64,mingw-w64-clang-x86_64-uhttpmock,build-depends-on,mingw-w64-clang-x86_64-cc,
clang64,mingw-w64-clang-x86_64-umbrello,build-depends-on,mingw-w64-clang-x86_64-cc,
clang64,mingw-w64-clang-x86_64-unbound,build-depends-on,mingw-w64-clang-x86_64-cc,
clang64,mingw-w64-clang-x86_64-uncrustify,build-depends-on,mingw-w64-clang-x86_64-cc,
clang64,mingw-w64-clang-x86_64-unibilium,build-depends-on,mingw-w64-clang-x86_64-cc,
clang64,mingw-w64-clang-x86_64-unicorn,build-depends-on,mingw-w64-clang-x86_64-cc,
clang64,mingw-w64-clang-x86_64-unifdef,build-depends-on,mingw-w64-clang-x86_64-cc,
clang64,mingw-w64-clang-x86_64-unittest-cpp,build-depends-on,mingw-w64-clang-x86_64-cc,
clang64,mingw-w64-clang-x86_64-unixodbc,build-depends-on,mingw-w64-clang-x86_64-cc,
clang64,mingw-w64-clang-x86_64-unordered_dense,build-depends-on,mingw-w64-clang-x86_64-cc,
clang64,mingw-w64-clang-x86_64-unpaper,build-depends-on,mingw-w64-clang-x86_64-cc,
clang64,mingw-w64-clang-x86_64-unrar,build-depends-on,mingw-w64-clang-x86_64-cc,
clang64,mingw-w64-clang-x86_64-upx,build-depends-on,mingw-w64-clang-x86_64-cc,
clang64,mingw-w64-clang-x86_64-uriparser,build-depends-on,mingw-w64-clang-x86_64-cc,
clang64,mingw-w64-clang-x86_64-usbredir,build-depends-on,mingw-w64-clang-x86_64-cc,
clang64,mingw-w64-clang-x86_64-usql,build-depends-on,mingw-w64-clang-x86_64-cc,
clang64,mingw-w64-clang-x86_64-usrsctp,build-depends-on,mingw-w64-clang-x86_64-cc,
clang64,mingw-w64-clang-x86_64-utf8cpp,build-depends-on,mingw-w64-clang-x86_64-cc,
clang64,mingw-w64-clang-x86_64-uvatlas,build-depends-on,mingw-w64-clang-x86_64-cc,
clang64,mingw-w64-clang-x86_64-v8,build-depends-on,mingw-w64-clang-x86_64-cc,
clang64,mingw-w64-clang-x86_64-vala-language-server,build-depends-on,mingw-w64-clang-x86_64-cc,
clang64,mingw-w64-clang-x86_64-vamp-plugin-sdk,build-depends-on,mingw-w64-clang-x86_64-cc,
clang64,mingw-w64-clang-x86_64-vapoursynth,build-depends-on,mingw-w64-clang-x86_64-cc,
clang64,mingw-w64-clang-x86_64-vcdimager,build-depends-on,mingw-w64-clang-x86_64-cc,
clang64,mingw-w64-clang-x86_64-vector_blf,build-depends-on,mingw-w64-clang-x86_64-cc,
clang64,mingw-w64-clang-x86_64-vera++,build-depends-on,mingw-w64-clang-x86_64-cc,
clang64,mingw-w64-clang-x86_64-verdict,build-depends-on,mingw-w64-clang-x86_64-cc,
clang64,mingw-w64-clang-x86_64-verilator,build-depends-on,mingw-w64-clang-x86_64-cc,
clang64,mingw-w64-clang-x86_64-vhs,build-depends-on,mingw-w64-clang-x86_64-cc,
clang64,mingw-w64-clang-x86_64-vid.stab,build-depends-on,mingw-w64-clang-x86_64-cc,
clang64,mingw-w64-clang-x86_64-vigra,build-depends-on,mingw-w64-clang-x86_64-cc,
clang64,mingw-w64-clang-x86_64-virglrenderer,build-depends-on,mingw-w64-clang-x86_64-cc,
clang64,mingw-w64-clang-x86_64-virt-viewer,build-depends-on,mingw-w64-clang-x86_64-cc,
clang64,mingw-w64-clang-x86_64-virtualpg,build-depends-on,mingw-w64-clang-x86_64-cc,
clang64,mingw-w64-clang-x86_64-viskores,build-depends-on,mingw-w64-clang-x86_64-cc,
clang64,mingw-w64-clang-x86_64-visualizationlibrary,build-depends-on,mingw-w64-clang-x86_64-cc,
clang64,mingw-w64-clang-x86_64-vk-bootstrap,build-depends-on,mingw-w64-clang-x86_64-cc,
clang64,mingw-w64-clang-x86_64-vlc,build-depends-on,mingw-w64-clang-x86_64-cc,
clang64,mingw-w64-clang-x86_64-vlfeat,build-depends-on,mingw-w64-clang-x86_64-cc,
clang64,mingw-w64-clang-x86_64-vmaf,build-depends-on,mingw-w64-clang-x86_64-cc,
clang64,mingw-w64-clang-x86_64-vo-amrwbenc,build-depends-on,mingw-w64-clang-x86_64-cc,
clang64,mingw-w64-clang-x86_64-volk,build-depends-on,mingw-w64-clang-x86_64-cc,
clang64,mingw-w64-clang-x86_64-vrpn,build-depends-on,mingw-w64-clang-x86_64-cc,
clang64,mingw-w64-clang-x86_64-vsgimgui,build-depends-on,mingw-w64-clang-x86_64-cc,
clang64,mingw-w64-clang-x86_64-vsgimgui-docs,build-depends-on,mingw-w64-clang-x86_64-cc,
clang64,mingw-w64-clang-x86_64-vsgpoints,build-depends-on,mingw-w64-clang-x86_64-cc,
clang64,mingw-w64-clang-x86_64-vsgpoints-docs,build-depends-on,mingw-w64-clang-x86_64-cc,
clang64,mingw-w64-clang-x86_64-vsgqt,build-depends-on,mingw-w64-clang-x86_64-cc,
clang64,mingw-w64-clang-x86_64-vsgqt-docs,build-depends-on,mingw-w64-clang-x86_64-cc,
clang64,mingw-w64-clang-x86_64-vsgxchange,build-depends-on,mingw-w64-clang-x86_64-cc,
clang64,mingw-w64-clang-x86_64-vsgxchange-docs,build-depends-on,mingw-w64-clang-x86_64-cc,
clang64,mingw-w64-clang-x86_64-vtk,build-depends-on,mingw-w64-clang-x86_64-cc,
clang64,mingw-w64-clang-x86_64-vulkan-headers,build-depends-on,mingw-w64-clang-x86_64-cc,
clang64,mingw-w64-clang-x86_64-vulkan-loader,build-depends-on,mingw-w64-clang-x86_64-cc,
clang64,mingw-w64-clang-x86_64-vulkan-utility-libraries,build-depends-on,mingw-w64-clang-x86_64-cc,
clang64,mingw-w64-clang-x86_64-vulkan-validation-layers,build-depends-on,mingw-w64-clang-x86_64-cc,
clang64,mingw-w64-clang-x86_64-vulkan-volk,build-depends-on,mingw-w64-clang-x86_64-cc,
clang64,mingw-w64-clang-x86_64-vulkanscenegraph,build-depends-on,mingw-w64-clang-x86_64-cc,
clang64,mingw-w64-clang-x86_64-vulkanscenegraph-docs,build-depends-on,mingw-w64-clang-x86_64-cc,
clang64,mingw-w64-clang-x86_64-wabt,build-depends-on,mingw-w64-clang-x86_64-cc,
clang64,mingw-w64-clang-x86_64-waf,build-depends-on,mingw-w64-clang-x86_64-cc,
clang64,mingw-w64-clang-x86_64-wakatime,build-depends-on,mingw-w64-clang-x86_64-cc,
clang64,mingw-w64-clang-x86_64-wannier90,build-depends-on,mingw-w64-clang-x86_64-cc,
clang64,mingw-w64-clang-x86_64-wannier90,build-depends-on,mingw-w64-clang-x86_64-fc,
clang64,mingw-w64-clang-x86_64-wasm-server-runner,build-depends-on,mingw-w64-clang-x86_64-cc,
clang64,mingw-w64-clang-x86_64-wavpack,build-depends-on,mingw-w64-clang-x86_64-cc,
clang64,mingw-w64-clang-x86_64-wb32-dfu-updater,build-depends-on,mingw-w64-clang-x86_64-cc,
clang64,mingw-w64-clang-x86_64-webp-pixbuf-loader,build-depends-on,mingw-w64-clang-x86_64-cc,
clang64,mingw-w64-clang-x86_64-webrtc-audio-processing,build-depends-on,mingw-w64-clang-x86_64-cc,
clang64,mingw-w64-clang-x86_64-webrtc-audio-processing-1,build-depends-on,mingw-w64-clang-x86_64-cc,
clang64,mingw-w64-clang-x86_64-webview,build-depends-on,mingw-w64-clang-x86_64-cc,
clang64,mingw-w64-clang-x86_64-webview-docs,build-depends-on,mingw-w64-clang-x86_64-cc,
clang64,mingw-w64-clang-x86_64-wget,build-depends-on,mingw-w64-clang-x86_64-cc,
clang64,mingw-w64-clang-x86_64-wget2,build-depends-on,mingw-w64-clang-x86_64-cc,
clang64,mingw-w64-clang-x86_64-whisper.cpp,build-depends-on,mingw-w64-clang-x86_64-cc,
clang64,mingw-w64-clang-x86_64-widelands,build-depends-on,mingw-w64-clang-x86_64-cc,
clang64,mingw-w64-clang-x86_64-wiiuse,build-depends-on,mingw-w64-clang-x86_64-cc,
clang64,mingw-w64-clang-x86_64-win7appid,build-depends-on,mingw-w64-clang-x86_64-cc,
clang64,mingw-w64-clang-x86_64-windows-default-manifest,build-depends-on,mingw-w64-clang-x86_64-cc,
clang64,mingw-w64-clang-x86_64-wined3d,build-depends-on,mingw-w64-clang-x86_64-cc,
clang64,mingw-w64-clang-x86_64-wineditline,build-depends-on,mingw-w64-clang-x86_64-cc,
clang64,mingw-w64-clang-x86_64-winfile,build-depends-on,mingw-w64-clang-x86_64-cc,
clang64,mingw-w64-clang-x86_64-winico,build-depends-on,mingw-w64-clang-x86_64-cc,
clang64,mingw-w64-clang-x86_64-winpthreads,build-depends-on,mingw-w64-clang-x86_64-cc,
clang64,mingw-w64-clang-x86_64-winpthreads-stub,build-depends-on,mingw-w64-clang-x86_64-binutils,
clang64,mingw-w64-clang-x86_64-winpty,build-depends-on,mingw-w64-clang-x86_64-cc,
clang64,mingw-w64-clang-x86_64-winsparkle,build-depends-on,mingw-w64-clang-x86_64-cc,
clang64,mingw-w64-clang-x86_64-winstorecompat,build-depends-on,mingw-w64-clang-x86_64-cc,
clang64,mingw-w64-clang-x86_64-wireshark,build-depends-on,mingw-w64-clang-x86_64-cc,
clang64,mingw-w64-clang-x86_64-woff2,build-depends-on,mingw-w64-clang-x86_64-cc,
clang64,mingw-w64-clang-x86_64-wolfssl,build-depends-on,mingw-w64-clang-x86_64-cc,
clang64,mingw-w64-clang-x86_64-wslay,build-depends-on,mingw-w64-clang-x86_64-cc,
clang64,mingw-w64-clang-x86_64-wt,build-depends-on,mingw-w64-clang-x86_64-cc,
clang64,mingw-w64-clang-x86_64-wv,build-depends-on,mingw-w64-clang-x86_64-cc,
clang64,mingw-w64-clang-x86_64-wxPython,build-depends-on,mingw-w64-clang-x86_64-cc,
clang64,mingw-w64-clang-x86_64-wxPython,build-depends-on,mingw-w64-clang-x86_64-doxygen,
clang64,mingw-w64-clang-x86_64-wxPython,build-depends-on,mingw-w64-clang-x86_64-python-build,
clang64,mingw-w64-clang-x86_64-wxPython,build-depends-on,mingw-w64-clang-x86_64-python-requests,
clang64,mingw-w64-clang-x86_64-wxPython,build-depends-on,mingw-w64-clang-x86_64-sip,
clang64,mingw-w64-clang-x86_64-wxPython,build-depends-on,mingw-w64-clang-x86_64-waf,
clang64,mingw-w64-clang-x86_64-wxPython,build-depends-on,python,
clang64,mingw-w64-clang-x86_64-wxPython,build-depends-on,python-setuptools,
clang64,mingw-w64-clang-x86_64-wxmacmolplt,build-depends-on,mingw-w64-clang-x86_64-cc,
clang64,mingw-w64-clang-x86_64-wxsvg-wx3.2,build-depends-on,mingw-w64-clang-x86_64-cc,
clang64,mingw-w64-clang-x86_64-wxwidgets3.2-common,build-depends-on,mingw-w64-clang-x86_64-cc,
clang64,mingw-w64-clang-x86_64-wxwidgets3.2-common-libs,build-depends-on,mingw-w64-clang-x86_64-cc,
clang64,mingw-w64-clang-x86_64-wxwidgets3.2-gtk3,build-depends-on,mingw-w64-clang-x86_64-cc,
clang64,mingw-w64-clang-x86_64-wxwidgets3.2-gtk3-libs,build-depends-on,mingw-w64-clang-x86_64-cc,
clang64,mingw-w64-clang-x86_64-wxwidgets3.2-msw,build-depends-on,mingw-w64-clang-x86_64-cc,
clang64,mingw-w64-clang-x86_64-wxwidgets3.2-msw-cb_headers,build-depends-on,mingw-w64-clang-x86_64-cc,
clang64,mingw-w64-clang-x86_64-wxwidgets3.2-msw-libs,build-depends-on,mingw-w64-clang-x86_64-cc,
clang64,mingw-w64-clang-x86_64-wxwidgets3.2-qt,build-depends-on,mingw-w64-clang-x86_64-cc,
clang64,mingw-w64-clang-x86_64-wxwidgets3.2-qt-libs,build-depends-on,mingw-w64-clang-x86_64-cc,
clang64,mingw-w64-clang-x86_64-wxwidgets3.3-common,build-depends-on,mingw-w64-clang-x86_64-cc,
clang64,mingw-w64-clang-x86_64-wxwidgets3.3-common-libs,build-depends-on,mingw-w64-clang-x86_64-cc,
clang64,mingw-w64-clang-x86_64-wxwidgets3.3-gtk3,build-depends-on,mingw-w64-clang-x86_64-cc,
clang64,mingw-w64-clang-x86_64-wxwidgets3.3-gtk3-libs,build-depends-on,mingw-w64-clang-x86_64-cc,
clang64,mingw-w64-clang-x86_64-wxwidgets3.3-msw,build-depends-on,mingw-w64-clang-x86_64-cc,
clang64,mingw-w64-clang-x86_64-wxwidgets3.3-msw-cb_headers,build-depends-on,mingw-w64-clang-x86_64-cc,
clang64,mingw-w64-clang-x86_64-wxwidgets3.3-msw-libs,build-depends-on,mingw-w64-clang-x86_64-cc,
clang64,mingw-w64-clang-x86_64-wxwidgets3.3-qt,build-depends-on,mingw-w64-clang-x86_64-cc,
clang64,mingw-w64-clang-x86_64-wxwidgets3.3-qt-libs,build-depends-on,mingw-w64-clang-x86_64-cc,
clang64,mingw-w64-clang-x86_64-x264,build-depends-on,mingw-w64-clang-x86_64-cc,
clang64,mingw-w64-clang-x86_64-x265,build-depends-on,mingw-w64-clang-x86_64-cc,
clang64,mingw-w64-clang-x86_64-xa65,build-depends-on,mingw-w64-clang-x86_64-cc,
clang64,mingw-w64-clang-x86_64-xalan-c,build-depends-on,mingw-w64-clang-x86_64-cc,
clang64,mingw-w64-clang-x86_64-xapian-core,build-depends-on,mingw-w64-clang-x86_64-cc,
clang64,mingw-w64-clang-x86_64-xapian-core-docs,build-depends-on,mingw-w64-clang-x86_64-cc,
clang64,mingw-w64-clang-x86_64-xavs,build-depends-on,mingw-w64-clang-x86_64-cc,
clang64,mingw-w64-clang-x86_64-xerces-c,build-depends-on,mingw-w64-clang-x86_64-cc,
clang64,mingw-w64-clang-x86_64-xevd,build-depends-on,mingw-w64-clang-x86_64-cc,
clang64,mingw-w64-clang-x86_64-xeve,build-depends-on,mingw-w64-clang-x86_64-cc,
clang64,mingw-w64-clang-x86_64-xlnt,build-depends-on,mingw-w64-clang-x86_64-cc,
clang64,mingw-w64-clang-x86_64-xlsxio,build-depends-on,mingw-w64-clang-x86_64-cc,
clang64,mingw-w64-clang-x86_64-xmake,build-depends-on,mingw-w64-clang-x86_64-cc,
clang64,mingw-w64-clang-x86_64-xmlf90,build-depends-on,mingw-w64-clang-x86_64-fc,
clang64,mingw-w64-clang-x86_64-xmlsec,build-depends-on,mingw-w64-clang-x86_64-cc,
clang64,mingw-w64-clang-x86_64-xmlstarlet,build-depends-on,mingw-w64-clang-x86_64-cc,
clang64,mingw-w64-clang-x86_64-xmlto,build-depends-on,mingw-w64-clang-x86_64-cc,
clang64,mingw-w64-clang-x86_64-xournalpp,build-depends-on,mingw-w64-clang-x86_64-cc,
clang64,mingw-w64-clang-x86_64-xpdf,build-depends-on,mingw-w64-clang-x86_64-cc,
clang64,mingw-w64-clang-x86_64-xpm-nox,build-depends-on,mingw-w64-clang-x86_64-cc,
clang64,mingw-w64-clang-x86_64-xsimd,build-depends-on,mingw-w64-clang-x86_64-cc,
clang64,mingw-w64-clang-x86_64-xvidcore,build-depends-on,mingw-w64-clang-x86_64-cc,
clang64,mingw-w64-clang-x86_64-xxhash,build-depends-on,mingw-w64-clang-x86_64-cc,
clang64,mingw-w64-clang-x86_64-xz,build-depends-on,mingw-w64-clang-x86_64-cc,
clang64,mingw-w64-clang-x86_64-yajl,build-depends-on,mingw-w64-clang-x86_64-cc,
clang64,mingw-w64-clang-x86_64-yaml-cpp,build-depends-on,mingw-w64-clang-x86_64-cc,
clang64,mingw-w64-clang-x86_64-yasm,build-depends-on,mingw-w64-clang-x86_64-cc,
clang64,mingw-w64-clang-x86_64-yelp-xsl,build-depends-on,mingw-w64-clang-x86_64-cc,
clang64,mingw-w64-clang-x86_64-yices,build-depends-on,mingw-w64-clang-x86_64-cc,
clang64,mingw-w64-clang-x86_64-yubico-c,build-depends-on,mingw-w64-clang-x86_64-cc,
clang64,mingw-w64-clang-x86_64-yubikey-personalization,build-depends-on,mingw-w64-clang-x86_64-cc,
clang64,mingw-w64-clang-x86_64-yuview,build-depends-on,mingw-w64-clang-x86_64-cc,
clang64,mingw-w64-clang-x86_64-z3,build-depends-on,mingw-w64-clang-x86_64-cc,
clang64,mingw-w64-clang-x86_64-zbar,build-depends-on,mingw-w64-clang-x86_64-cc,
clang64,mingw-w64-clang-x86_64-zeal,build-depends-on,mingw-w64-clang-x86_64-cc,
clang64,mingw-w64-clang-x86_64-zeromq,build-depends-on,mingw-w64-clang-x86_64-cc,
clang64,mingw-w64-clang-x86_64-zimg,build-depends-on,mingw-w64-clang-x86_64-cc,
clang64,mingw-w64-clang-x86_64-zint,build-depends-on,mingw-w64-clang-x86_64-cc,
clang64,mingw-w64-clang-x86_64-zint-qt,build-depends-on,mingw-w64-clang-x86_64-cc,
clang64,mingw-w64-clang-x86_64-zix,build-depends-on,mingw-w64-clang-x86_64-cc,
clang64,mingw-w64-clang-x86_64-zlib,build-depends-on,mingw-w64-clang-x86_64-cc,
clang64,mingw-w64-clang-x86_64-zlib-ng,build-depends-on,mingw-w64-clang-x86_64-cc,
clang64,mingw-w64-clang-x86_64-zlib-ng-compat,build-depends-on,mingw-w64-clang-x86_64-cc,
clang64,mingw-w64-clang-x86_64-zoitechat,build-depends-on,mingw-w64-clang-x86_64-cc,
clang64,mingw-w64-clang-x86_64-zopfli,build-depends-on,mingw-w64-clang-x86_64-cc,
clang64,mingw-w64-clang-x86_64-zstd,build-depends-on,mingw-w64-clang-x86_64-cc,
clang64,mingw-w64-clang-x86_64-zug,build-depends-on,mingw-w64-clang-x86_64-cc,
clang64,mingw-w64-clang-x86_64-zvbi,build-depends-on,mingw-w64-clang-x86_64-cc,
clang64,mingw-w64-clang-x86_64-zxcvbn-c,build-depends-on,mingw-w64-clang-x86_64-cc,
clang64,mingw-w64-clang-x86_64-zxing-cpp,build-depends-on,mingw-w64-clang-x86_64-cc,
clang64,mingw-w64-clang-x86_64-zycore-c,build-depends-on,mingw-w64-clang-x86_64-cc,
clang64,mingw-w64-clang-x86_64-zycore-c-docs,build-depends-on,mingw-w64-clang-x86_64-cc,
clang64,mingw-w64-clang-x86_64-zydis,build-depends-on,mingw-w64-clang-x86_64-cc,
clang64,mingw-w64-clang-x86_64-zydis-docs,build-depends-on,mingw-w64-clang-x86_64-cc,
clang64,mingw-w64-clang-x86_64-zziplib,build-depends-on,mingw-w64-clang-x86_64-cc,
mingw32,mingw-w64-i686-SDL,build-depends-on,git,
mingw32,mingw-w64-i686-SDL,build-depends-on,mingw-w64-i686-autotools,
mingw32,mingw-w64-i686-SDL,build-depends-on,mingw-w64-i686-cc,
mingw32,mingw-w64-i686-SDL2,build-depends-on,mingw-w64-i686-cc,
mingw32,mingw-w64-i686-SDL2,build-depends-on,mingw-w64-i686-cmake,
mingw32,mingw-w64-i686-SDL2,build-depends-on,mingw-w64-i686-ninja,
mingw32,mingw-w64-i686-SDL2,build-depends-on,mingw-w64-i686-pkgconf,
mingw32,mingw-w64-i686-SDL2_gfx,build-depends-on,mingw-w64-i686-autotools,
mingw32,mingw-w64-i686-SDL2_gfx,build-depends-on,mingw-w64-i686-cc,
mingw32,mingw-w64-i686-SDL2_mixer,build-depends-on,mingw-w64-i686-autotools,
mingw32,mingw-w64-i686-SDL2_mixer,build-depends-on,mingw-w64-i686-cc,
mingw32,mingw-w64-i686-SDL2_net,build-depends-on,mingw-w64-i686-autotools,
mingw32,mingw-w64-i686-SDL2_net,build-depends-on,mingw-w64-i686-cc,
mingw32,mingw-w64-i686-SDL2_sound,build-depends-on,mingw-w64-i686-cc,
mingw32,mingw-w64-i686-SDL2_sound,build-depends-on,mingw-w64-i686-cmake,
mingw32,mingw-w64-i686-SDL2_sound,build-depends-on,mingw-w64-i686-ninja,
mingw32,mingw-w64-i686-SDL2_ttf,build-depends-on,mingw-w64-i686-autotools,
mingw32,mingw-w64-i686-SDL2_ttf,build-depends-on,mingw-w64-i686-cc,
mingw32,mingw-w64-i686-SDL2_ttf,build-depends-on,mingw-w64-i686-cmake,
mingw32,mingw-w64-i686-SDL_gfx,build-depends-on,mingw-w64-i686-autotools,
mingw32,mingw-w64-i686-SDL_gfx,build-depends-on,mingw-w64-i686-cc,
mingw32,mingw-w64-i686-SDL_image,build-depends-on,mingw-w64-i686-autotools,
mingw32,mingw-w64-i686-SDL_image,build-depends-on,mingw-w64-i686-cc,
mingw32,mingw-w64-i686-SDL_net,build-depends-on,mingw-w64-i686-autotools,
mingw32,mingw-w64-i686-SDL_net,build-depends-on,mingw-w64-i686-cc,
mingw32,mingw-w64-i686-SDL_ttf,build-depends-on,mingw-w64-i686-autotools,
mingw32,mingw-w64-i686-SDL_ttf,build-depends-on,mingw-w64-i686-cc,
mingw32,mingw-w64-i686-aom,build-depends-on,mingw-w64-i686-cc,
mingw32,mingw-w64-i686-asciidoc,build-depends-on,mingw-w64-i686-cc,
mingw32,mingw-w64-i686-asciidoctor,build-depends-on,mingw-w64-i686-cc,
mingw32,mingw-w64-i686-binutils,build-depends-on,mingw-w64-i686-cc,
mingw32,mingw-w64-i686-brotli,build-depends-on,mingw-w64-i686-cc,
mingw32,mingw-w64-i686-bzip2,build-depends-on,mingw-w64-i686-cc,
mingw32,mingw-w64-i686-c-ares,build-depends-on,mingw-w64-i686-cc,
mingw32,mingw-w64-i686-cairo,build-depends-on,mingw-w64-i686-cc,
mingw32,mingw-w64-i686-catch,build-depends-on,mingw-w64-i686-cc,
mingw32,mingw-w64-i686-ccache,build-depends-on,mingw-w64-i686-cc,
mingw32,mingw-w64-i686-cmake,build-depends-on,mingw-w64-i686-cc,
mingw32,mingw-w64-i686-cmake-bootstrap,build-depends-on,mingw-w64-i686-cc,
mingw32,mingw-w64-i686-cmocka,build-depends-on,mingw-w64-i686-cc,
mingw32,mingw-w64-i686-cppdap,build-depends-on,mingw-w64-i686-cc,
mingw32,mingw-w64-i686-cppunit,build-depends-on,mingw-w64-i686-cc,
mingw32,mingw-w64-i686-crt,build-depends-on,mingw-w64-i686-cc,
mingw32,mingw-w64-i686-crypto++,build-depends-on,mingw-w64-i686-cc,
mingw32,mingw-w64-i686-cunit,build-depends-on,mingw-w64-i686-cc,
mingw32,mingw-w64-i686-curl,build-depends-on,mingw-w64-i686-cc,
mingw32,mingw-w64-i686-cython,build-depends-on,mingw-w64-i686-cc,
mingw32,mingw-w64-i686-dav1d,build-depends-on,mingw-w64-i686-cc,
mingw32,mingw-w64-i686-dlfcn,build-depends-on,mingw-w64-i686-cc,
mingw32,mingw-w64-i686-doxygen,build-depends-on,mingw-w64-i686-cc,
mingw32,mingw-w64-i686-expat,build-depends-on,mingw-w64-i686-cc,
mingw32,mingw-w64-i686-ffmpeg,build-depends-on,mingw-w64-i686-cc,
mingw32,mingw-w64-i686-ffms2,build-depends-on,mingw-w64-i686-cc,
mingw32,mingw-w64-i686-flac,build-depends-on,mingw-w64-i686-cc,
mingw32,mingw-w64-i686-fluidsynth,build-depends-on,mingw-w64-i686-cc,
mingw32,mingw-w64-i686-fmt,build-depends-on,mingw-w64-i686-cc,
mingw32,mingw-w64-i686-fontconfig,build-depends-on,mingw-w64-i686-cc,
mingw32,mingw-w64-i686-freetype,build-depends-on,mingw-w64-i686-cc,
mingw32,mingw-w64-i686-frei0r-plugins,build-depends-on,mingw-w64-i686-cc,
mingw32,mingw-w64-i686-fribidi,build-depends-on,mingw-w64-i686-cc,
mingw32,mingw-w64-i686-gdb,build-depends-on,mingw-w64-i686-cc,
mingw32,mingw-w64-i686-gdb-multiarch,build-depends-on,mingw-w64-i686-cc,
mingw32,mingw-w64-i686-gdbm,build-depends-on,mingw-w64-i686-cc,
mingw32,mingw-w64-i686-gdk-pixbuf2,build-depends-on,mingw-w64-i686-cc,
mingw32,mingw-w64-i686-gdk-pixbuf2-docs,build-depends-on,mingw-w64-i686-cc,
mingw32,mingw-w64-i686-gettext-libtextstyle,build-depends-on,mingw-w64-i686-cc,
mingw32,mingw-w64-i686-gettext-runtime,build-depends-on,mingw-w64-i686-cc,
mingw32,mingw-w64-i686-gettext-tools,build-depends-on,mingw-w64-i686-cc,
mingw32,mingw-w64-i686-gi-docgen,build-depends-on,mingw-w64-i686-cc,
mingw32,mingw-w64-i686-gi-docgen,check-depends-on,mingw-w64-i686-python-flake8,
mingw32,mingw-w64-i686-giflib,build-depends-on,mingw-w64-i686-cc,
mingw32,mingw-w64-i686-git,build-depends-on,mingw-w64-i686-cc,
mingw32,mingw-w64-i686-git-archimport,build-depends-on,mingw-w64-i686-cc,
mingw32,mingw-w64-i686-git-credential-wincred,build-depends-on,mingw-w64-i686-cc,
mingw32,mingw-w64-i686-git-cvs,build-depends-on,mingw-w64-i686-cc,
mingw32,mingw-w64-i686-git-doc-html,build-depends-on,mingw-w64-i686-cc,
mingw32,mingw-w64-i686-git-doc-man,build-depends-on,mingw-w64-i686-cc,
mingw32,mingw-w64-i686-git-for-windows-addons,build-depends-on,mingw-w64-i686-cc,
mingw32,mingw-w64-i686-git-gui,build-depends-on,mingw-w64-i686-cc,
mingw32,mingw-w64-i686-git-p4,build-depends-on,mingw-w64-i686-cc,
mingw32,mingw-w64-i686-git-perl,build-depends-on,mingw-w64-i686-cc,
mingw32,mingw-w64-i686-git-send-email,build-depends-on,mingw-w64-i686-cc,
mingw32,mingw-w64-i686-git-subtree,build-depends-on,mingw-w64-i686-cc,
mingw32,mingw-w64-i686-git-svn,build-depends-on,mingw-w64-i686-cc,
mingw32,mingw-w64-i686-gitk,build-depends-on,mingw-w64-i686-cc,
mingw32,mingw-w64-i686-gitweb,build-depends-on,mingw-w64-i686-cc,
mingw32,mingw-w64-i686-glib2,build-depends-on,mingw-w64-i686-cc,
mingw32,mingw-w64-i686-gmp,build-depends-on,mingw-w64-i686-cc,
mingw32,mingw-w64-i686-gnutls,build-depends-on,mingw-w64-i686-cc,
mingw32,mingw-w64-i686-gobject-introspection,build-depends-on,mingw-w64-i686-cc,
mingw32,mingw-w64-i686-gobject-introspection-runtime,build-depends-on,mingw-w64-i686-cc,
mingw32,mingw-w64-i686-gperf,build-depends-on,mingw-w64-i686-cc,
mingw32,mingw-w64-i686-graphite2,build-depends-on,mingw-w64-i686-cc,
mingw32,mingw-w64-i686-gsm,build-depends-on,mingw-w64-i686-cc,
mingw32,mingw-w64-i686-gtest,build-depends-on,mingw-w64-i686-cc,
mingw32,mingw-w64-i686-gtk-doc,build-depends-on,mingw-w64-i686-cc,
mingw32,mingw-w64-i686-harfbuzz,build-depends-on,mingw-w64-i686-cc,
mingw32,mingw-w64-i686-highway,build-depends-on,mingw-w64-i686-cc,
mingw32,mingw-w64-i686-http-parser,build-depends-on,mingw-w64-i686-cc,
mingw32,mingw-w64-i686-iconv,build-depends-on,mingw-w64-i686-cc,
mingw32,mingw-w64-i686-imath,build-depends-on,mingw-w64-i686-cc,
mingw32,mingw-w64-i686-isl,build-depends-on,mingw-w64-i686-cc,
mingw32,mingw-w64-i686-itstool,build-depends-on,mingw-w64-i686-cc,
mingw32,mingw-w64-i686-jbigkit,build-depends-on,mingw-w64-i686-cc,
mingw32,mingw-w64-i686-json-c,build-depends-on,mingw-w64-i686-cc,
mingw32,mingw-w64-i686-jsoncpp,build-depends-on,mingw-w64-i686-cc,
mingw32,mingw-w64-i686-kvazaar,build-depends-on,mingw-w64-i686-cc,
mingw32,mingw-w64-i686-l-smash,build-depends-on,mingw-w64-i686-cc,
mingw32,mingw-w64-i686-lame,build-depends-on,mingw-w64-i686-cc,
mingw32,mingw-w64-i686-lcms2,build-depends-on,mingw-w64-i686-cc,
mingw32,mingw-w64-i686-lerc,build-depends-on,mingw-w64-i686-cc,
mingw32,mingw-w64-i686-libarchive,build-depends-on,mingw-w64-i686-cc,
mingw32,mingw-w64-i686-libass,build-depends-on,mingw-w64-i686-cc,
mingw32,mingw-w64-i686-libavif,build-depends-on,mingw-w64-i686-cc,
mingw32,mingw-w64-i686-libb2,build-depends-on,mingw-w64-i686-cc,
mingw32,mingw-w64-i686-libbluray,build-depends-on,mingw-w64-i686-cc,
mingw32,mingw-w64-i686-libcaca,build-depends-on,mingw-w64-i686-cc,
mingw32,mingw-w64-i686-libde265,build-depends-on,mingw-w64-i686-SDL2,
mingw32,mingw-w64-i686-libde265,build-depends-on,mingw-w64-i686-cc,
mingw32,mingw-w64-i686-libdeflate,build-depends-on,mingw-w64-i686-cc,
mingw32,mingw-w64-i686-libexif,build-depends-on,mingw-w64-i686-cc,
mingw32,mingw-w64-i686-libffi,build-depends-on,mingw-w64-i686-cc,
mingw32,mingw-w64-i686-libgit2,build-depends-on,mingw-w64-i686-cc,
mingw32,mingw-w64-i686-libgit2-winhttp,build-depends-on,mingw-w64-i686-cc,
mingw32,mingw-w64-i686-libgme,build-depends-on,mingw-w64-i686-cc,
mingw32,mingw-w64-i686-libgnurx,build-depends-on,mingw-w64-i686-cc,
mingw32,mingw-w64-i686-libheif,build-depends-on,mingw-w64-i686-cc,
mingw32,mingw-w64-i686-libiconv,build-depends-on,mingw-w64-i686-cc,
mingw32,mingw-w64-i686-libidn2,build-depends-on,mingw-w64-i686-cc,
mingw32,mingw-w64-i686-libjpeg-turbo,build-depends-on,mingw-w64-i686-cc,
mingw32,mingw-w64-i686-libjxl,build-depends-on,mingw-w64-i686-cc,
mingw32,mingw-w64-i686-libltdl,build-depends-on,mingw-w64-i686-cc,
mingw32,mingw-w64-i686-libmangle,build-depends-on,mingw-w64-i686-cc,
mingw32,mingw-w64-i686-libmodplug,build-depends-on,mingw-w64-i686-cc,
mingw32,mingw-w64-i686-libmysofa,build-depends-on,mingw-w64-i686-cc,
mingw32,mingw-w64-i686-libogg,build-depends-on,mingw-w64-i686-cc,
mingw32,mingw-w64-i686-libopenmpt,build-depends-on,mingw-w64-i686-cc,
mingw32,mingw-w64-i686-libopenmpt-modplug,build-depends-on,mingw-w64-i686-cc,
mingw32,mingw-w64-i686-libpng,build-depends-on,mingw-w64-i686-cc,
mingw32,mingw-w64-i686-libpsl,build-depends-on,mingw-w64-i686-cc,
mingw32,mingw-w64-i686-libsndfile,build-depends-on,mingw-w64-i686-cc,
mingw32,mingw-w64-i686-libsoxr,build-depends-on,mingw-w64-i686-cc,
mingw32,mingw-w64-i686-libssh,build-depends-on,mingw-w64-i686-cc,
mingw32,mingw-w64-i686-libssh2,build-depends-on,mingw-w64-i686-cc,
mingw32,mingw-w64-i686-libssh2-wincng,build-depends-on,mingw-w64-i686-cc,
mingw32,mingw-w64-i686-libsystre,build-depends-on,mingw-w64-i686-cc,
mingw32,mingw-w64-i686-libtasn1,build-depends-on,mingw-w64-i686-cc,
mingw32,mingw-w64-i686-libtheora,build-depends-on,mingw-w64-i686-SDL,
mingw32,mingw-w64-i686-libtheora,build-depends-on,mingw-w64-i686-cc,
mingw32,mingw-w64-i686-libtiff,build-depends-on,mingw-w64-i686-cc,
mingw32,mingw-w64-i686-libtiff-docs,build-depends-on,mingw-w64-i686-cc,
mingw32,mingw-w64-i686-libtool,build-depends-on,mingw-w64-i686-cc,
mingw32,mingw-w64-i686-libtre,build-depends-on,mingw-w64-i686-cc,
mingw32,mingw-w64-i686-libunibreak,build-depends-on,mingw-w64-i686-cc,
mingw32,mingw-w64-i686-libunistring,build-depends-on,mingw-w64-i686-cc,
mingw32,mingw-w64-i686-libuv,build-depends-on,mingw-w64-i686-cc,
mingw32,mingw-w64-i686-libva,build-depends-on,mingw-w64-i686-cc,
mingw32,mingw-w64-i686-libvorbis,build-depends-on,mingw-w64-i686-cc,
mingw32,mingw-w64-i686-libvpl,build-depends-on,mingw-w64-i686-cc,
mingw32,mingw-w64-i686-libvpx,build-depends-on,mingw-w64-i686-cc,
mingw32,mingw-w64-i686-libwebp,build-depends-on,mingw-w64-i686-cc,
mingw32,mingw-w64-i686-libwinpthread,build-depends-on,mingw-w64-i686-cc,
mingw32,mingw-w64-i686-libwmf,build-depends-on,mingw-w64-i686-cc,
mingw32,mingw-w64-i686-libx264,build-depends-on,mingw-w64-i686-cc,
mingw32,mingw-w64-i686-libxml2,build-depends-on,mingw-w64-i686-cc,
mingw32,mingw-w64-i686-libxml2-docs,build-depends-on,mingw-w64-i686-cc,
mingw32,mingw-w64-i686-libxmp,build-depends-on,mingw-w64-i686-cc,
mingw32,mingw-w64-i686-libxslt,build-depends-on,mingw-w64-i686-cc,
mingw32,mingw-w64-i686-libyaml,build-depends-on,mingw-w64-i686-cc,
mingw32,mingw-w64-i686-libyuv,build-depends-on,mingw-w64-i686-cc,
mingw32,mingw-w64-i686-lz4,build-depends-on,mingw-w64-i686-cc,
mingw32,mingw-w64-i686-lzo2,build-depends-on,mingw-w64-i686-cc,
mingw32,mingw-w64-i686-minizip,build-depends-on,mingw-w64-i686-cc,
mingw32,mingw-w64-i686-mpc,build-depends-on,mingw-w64-i686-cc,
mingw32,mingw-w64-i686-mpdecimal,build-depends-on,mingw-w64-i686-cc,
mingw32,mingw-w64-i686-mpfr,build-depends-on,mingw-w64-i686-cc,
mingw32,mingw-w64-i686-mpg123,build-depends-on,mingw-w64-i686-SDL2,
mingw32,mingw-w64-i686-mpg123,build-depends-on,mingw-w64-i686-cc,
mingw32,mingw-w64-i686-nasm,build-depends-on,mingw-w64-i686-cc,
mingw32,mingw-w64-i686-ncurses,build-depends-on,mingw-w64-i686-cc,
mingw32,mingw-w64-i686-nettle,build-depends-on,mingw-w64-i686-cc,
mingw32,mingw-w64-i686-nettle3,build-depends-on,mingw-w64-i686-cc,
mingw32,mingw-w64-i686-nghttp2,build-depends-on,mingw-w64-i686-cc,
mingw32,mingw-w64-i686-nghttp3,build-depends-on,mingw-w64-i686-cc,
mingw32,mingw-w64-i686-ngtcp2,build-depends-on,mingw-w64-i686-cc,
mingw32,mingw-w64-i686-ninja,build-depends-on,mingw-w64-i686-cc,
mingw32,mingw-w64-i686-nsis,build-depends-on,mingw-w64-i686-cc,
mingw32,mingw-w64-i686-ntldd,build-depends-on,mingw-w64-i686-cc,
mingw32,mingw-w64-i686-openal,build-depends-on,mingw-w64-i686-cc,
mingw32,mingw-w64-i686-opencore-amr,build-depends-on,mingw-w64-i686-cc,
mingw32,mingw-w64-i686-openexr,build-depends-on,mingw-w64-i686-cc,
mingw32,mingw-w64-i686-openh264,build-depends-on,mingw-w64-i686-cc,
mingw32,mingw-w64-i686-openjpeg2,build-depends-on,mingw-w64-i686-cc,
mingw32,mingw-w64-i686-openjph,build-depends-on,mingw-w64-i686-cc,
mingw32,mingw-w64-i686-openssl,build-depends-on,mingw-w64-i686-cc,
mingw32,mingw-w64-i686-opus,build-depends-on,mingw-w64-i686-cc,
mingw32,mingw-w64-i686-opus-docs,build-depends-on,mingw-w64-i686-cc,
mingw32,mingw-w64-i686-opusfile,build-depends-on,mingw-w64-i686-cc,
mingw32,mingw-w64-i686-p11-kit,build-depends-on,mingw-w64-i686-cc,
mingw32,mingw-w64-i686-pcre2,build-depends-on,mingw-w64-i686-cc,
mingw32,mingw-w64-i686-pixman,build-depends-on,mingw-w64-i686-cc,
mingw32,mingw-w64-i686-pkg-config,build-depends-on,mingw-w64-i686-cc,
mingw32,mingw-w64-i686-pkgconf,build-depends-on,mingw-w64-i686-cc,
mingw32,mingw-w64-i686-portaudio,build-depends-on,mingw-w64-i686-cc,
mingw32,mingw-w64-i686-portaudio-asio,build-depends-on,mingw-w64-i686-asiosdk,
mingw32,mingw-w64-i686-portaudio-asio,build-depends-on,mingw-w64-i686-cc,
mingw32,mingw-w64-i686-portaudio-asio,build-depends-on,mingw-w64-i686-cmake,
mingw32,mingw-w64-i686-portaudio-asio,build-depends-on,mingw-w64-i686-ninja,
mingw32,mingw-w64-i686-portaudio-asio,build-depends-on,mingw-w64-i686-pkgconf,
mingw32,mingw-w64-i686-python,build-depends-on,mingw-w64-i686-cc,
mingw32,mingw-w64-i686-python-babel,check-depends-on,mingw-w64-i686-python-freezegun,
mingw32,mingw-w64-i686-python-colorama,check-depends-on,mingw-w64-i686-python-mock,
mingw32,mingw-w64-i686-python-coverage,build-depends-on,mingw-w64-i686-cc,
mingw32,mingw-w64-i686-python-distlib,build-depends-on,mingw-w64-i686-cc,
mingw32,mingw-w64-i686-python-fastjsonschema,check-depends-on,mingw-w64-i686-python-pytest-benchmark,
mingw32,mingw-w64-i686-python-fonttools,build-depends-on,mingw-w64-i686-cc,
mingw32,mingw-w64-i686-python-fonttools,check-depends-on,mingw-w64-i686-python-brotli,
mingw32,mingw-w64-i686-python-fonttools,check-depends-on,mingw-w64-i686-python-pyfilesystem2,
mingw32,mingw-w64-i686-python-fonttools,check-depends-on,mingw-w64-i686-python-ufolib2,
mingw32,mingw-w64-i686-python-installer,build-depends-on,mingw-w64-i686-cc,
mingw32,mingw-w64-i686-python-lxml,build-depends-on,mingw-w64-i686-cc,
mingw32,mingw-w64-i686-python-markupsafe,build-depends-on,mingw-w64-i686-cc,
mingw32,mingw-w64-i686-python-packaging,check-depends-on,mingw-w64-i686-python-pretend,
mingw32,mingw-w64-i686-python-pygments,check-depends-on,mingw-w64-i686-python-wcag-contrast-ratio,
mingw32,mingw-w64-i686-python-pytest,check-depends-on,mingw-w64-i686-python-attrs,
mingw32,mingw-w64-i686-python-pytest,check-depends-on,mingw-w64-i686-python-hypothesis,
mingw32,mingw-w64-i686-python-pytest,check-depends-on,mingw-w64-i686-python-mock,
mingw32,mingw-w64-i686-python-pytest,check-depends-on,mingw-w64-i686-python-nose,
mingw32,mingw-w64-i686-python-pytest,check-depends-on,mingw-w64-i686-python-xmlschema,
mingw32,mingw-w64-i686-python-pytest-asyncio,check-depends-on,mingw-w64-i686-python-hypothesis,
mingw32,mingw-w64-i686-python-requests,check-depends-on,mingw-w64-i686-python-pytest-httpbin,
mingw32,mingw-w64-i686-python-setuptools,build-depends-on,mingw-w64-i686-cc,
mingw32,mingw-w64-i686-python-sphinx,check-depends-on,mingw-w64-i686-python-defusedxml,
mingw32,mingw-w64-i686-python-tornado,build-depends-on,mingw-w64-i686-cc,
mingw32,mingw-w64-i686-python-urllib3,check-depends-on,mingw-w64-i686-python-brotli,
mingw32,mingw-w64-i686-python-urllib3,check-depends-on,mingw-w64-i686-python-cryptography,
mingw32,mingw-w64-i686-python-urllib3,check-depends-on,mingw-w64-i686-python-dateutil,
mingw32,mingw-w64-i686-python-urllib3,check-depends-on,mingw-w64-i686-python-h2,
mingw32,mingw-w64-i686-python-urllib3,check-depends-on,mingw-w64-i686-python-mock,
mingw32,mingw-w64-i686-python-urllib3,check-depends-on,mingw-w64-i686-python-pyopenssl,
mingw32,mingw-w64-i686-python-urllib3,check-depends-on,mingw-w64-i686-python-trustme,
mingw32,mingw-w64-i686-python-urllib3,check-depends-on,mingw-w64-i686-python-zstandard,
mingw32,mingw-w64-i686-python-yaml,build-depends-on,mingw-w64-i686-cc,
mingw32,mingw-w64-i686-ragel,build-depends-on,mingw-w64-i686-cc,
mingw32,mingw-w64-i686-readline,build-depends-on,mingw-w64-i686-cc,
mingw32,mingw-w64-i686-rhash,build-depends-on,mingw-w64-i686-cc,
mingw32,mingw-w64-i686-rtmpdump,build-depends-on,mingw-w64-i686-cc,
mingw32,mingw-w64-i686-ruby,build-depends-on,mingw-w64-i686-cc,
mingw32,mingw-w64-i686-sdl12-compat,build-depends-on,mingw-w64-i686-cc,
mingw32,mingw-w64-i686-serd,build-depends-on,mingw-w64-i686-cc,
mingw32,mingw-w64-i686-spdlog,build-depends-on,mingw-w64-i686-cc,
mingw32,mingw-w64-i686-speex,build-depends-on,mingw-w64-i686-cc,
mingw32,mingw-w64-i686-speexdsp,build-depends-on,mingw-w64-i686-cc,
mingw32,mingw-w64-i686-sqlite3,build-depends-on,mingw-w64-i686-cc,
mingw32,mingw-w64-i686-srt,build-depends-on,mingw-w64-i686-cc,
mingw32,mingw-w64-i686-tcl,build-depends-on,mingw-w64-i686-cc,
mingw32,mingw-w64-i686-termcap,build-depends-on,mingw-w64-i686-cc,
mingw32,mingw-w64-i686-texinfo,build-depends-on,mingw-w64-i686-cc,
mingw32,mingw-w64-i686-tk,build-depends-on,mingw-w64-i686-cc,
mingw32,mingw-w64-i686-tools,build-depends-on,mingw-w64-i686-cc,
mingw32,mingw-w64-i686-unrar,build-depends-on,mingw-w64-i686-cc,
mingw32,mingw-w64-i686-vid.stab,build-depends-on,mingw-w64-i686-cc,
mingw32,mingw-w64-i686-vulkan-headers,build-depends-on,mingw-w64-i686-cc,
mingw32,mingw-w64-i686-vulkan-loader,build-depends-on,mingw-w64-i686-cc,
mingw32,mingw-w64-i686-wavpack,build-depends-on,mingw-w64-i686-cc,
mingw32,mingw-w64-i686-webp-pixbuf-loader,build-depends-on,mingw-w64-i686-cc,
mingw32,mingw-w64-i686-wget,build-depends-on,mingw-w64-i686-cc,
mingw32,mingw-w64-i686-windows-default-manifest,build-depends-on,mingw-w64-i686-cc,
mingw32,mingw-w64-i686-wineditline,build-depends-on,mingw-w64-i686-cc,
mingw32,mingw-w64-i686-winpthreads,build-depends-on,mingw-w64-i686-cc,
mingw32,mingw-w64-i686-x264,build-depends-on,mingw-w64-i686-cc,
mingw32,mingw-w64-i686-x265,build-depends-on,mingw-w64-i686-cc,
mingw32,mingw-w64-i686-xapian-core,build-depends-on,mingw-w64-i686-cc,
mingw32,mingw-w64-i686-xapian-core-docs,build-depends-on,mingw-w64-i686-cc,
mingw32,mingw-w64-i686-xmlto,build-depends-on,mingw-w64-i686-cc,
mingw32,mingw-w64-i686-xvidcore,build-depends-on,mingw-w64-i686-cc,
mingw32,mingw-w64-i686-xxhash,build-depends-on,mingw-w64-i686-cc,
mingw32,mingw-w64-i686-xz,build-depends-on,mingw-w64-i686-cc,
mingw32,mingw-w64-i686-zimg,build-depends-on,mingw-w64-i686-cc,
mingw32,mingw-w64-i686-zlib,build-depends-on,mingw-w64-i686-cc,
mingw32,mingw-w64-i686-zstd,build-depends-on,mingw-w64-i686-cc,
mingw32,mingw-w64-i686-zvbi,build-depends-on,mingw-w64-i686-cc,
ucrt64,mingw-w64-ucrt-x86_64-3proxy,build-depends-on,mingw-w64-ucrt-x86_64-cc,
ucrt64,mingw-w64-ucrt-x86_64-4th,build-depends-on,mingw-w64-ucrt-x86_64-cc,
ucrt64,mingw-w64-ucrt-x86_64-4ti2,build-depends-on,mingw-w64-ucrt-x86_64-cc,
ucrt64,mingw-w64-ucrt-x86_64-64tass,build-depends-on,mingw-w64-ucrt-x86_64-cc,
ucrt64,mingw-w64-ucrt-x86_64-7zip,build-depends-on,mingw-w64-ucrt-x86_64-cc,
ucrt64,mingw-w64-ucrt-x86_64-86box,build-depends-on,mingw-w64-ucrt-x86_64-cc,
ucrt64,mingw-w64-ucrt-x86_64-FAudio,build-depends-on,mingw-w64-ucrt-x86_64-cc,
ucrt64,mingw-w64-ucrt-x86_64-FAudio,build-depends-on,mingw-w64-ucrt-x86_64-cmake,
ucrt64,mingw-w64-ucrt-x86_64-FAudio,build-depends-on,mingw-w64-ucrt-x86_64-ninja,
ucrt64,mingw-w64-ucrt-x86_64-MinHook,build-depends-on,mingw-w64-ucrt-x86_64-cc,
ucrt64,mingw-w64-ucrt-x86_64-OpenSceneGraph,build-depends-on,mingw-w64-ucrt-x86_64-cc,
ucrt64,mingw-w64-ucrt-x86_64-OpenSceneGraph,build-depends-on,mingw-w64-ucrt-x86_64-cmake,
ucrt64,mingw-w64-ucrt-x86_64-OpenSceneGraph,build-depends-on,mingw-w64-ucrt-x86_64-cyrus-sasl,
ucrt64,mingw-w64-ucrt-x86_64-OpenSceneGraph,build-depends-on,mingw-w64-ucrt-x86_64-ninja,
ucrt64,mingw-w64-ucrt-x86_64-OpenSceneGraph,build-depends-on,mingw-w64-ucrt-x86_64-wxwidgets3.2-msw,
ucrt64,mingw-w64-ucrt-x86_64-SDL,build-depends-on,git,
ucrt64,mingw-w64-ucrt-x86_64-SDL,build-depends-on,mingw-w64-ucrt-x86_64-autotools,
ucrt64,mingw-w64-ucrt-x86_64-SDL,build-depends-on,mingw-w64-ucrt-x86_64-cc,
ucrt64,mingw-w64-ucrt-x86_64-SDL2,build-depends-on,mingw-w64-ucrt-x86_64-cc,
ucrt64,mingw-w64-ucrt-x86_64-SDL2,build-depends-on,mingw-w64-ucrt-x86_64-cmake,
ucrt64,mingw-w64-ucrt-x86_64-SDL2,build-depends-on,mingw-w64-ucrt-x86_64-ninja,
ucrt64,mingw-w64-ucrt-x86_64-SDL2,build-depends-on,mingw-w64-ucrt-x86_64-pkgconf,
ucrt64,mingw-w64-ucrt-x86_64-SDL2_gfx,build-depends-on,mingw-w64-ucrt-x86_64-autotools,
ucrt64,mingw-w64-ucrt-x86_64-SDL2_gfx,build-depends-on,mingw-w64-ucrt-x86_64-cc,
ucrt64,mingw-w64-ucrt-x86_64-SDL2_image,build-depends-on,mingw-w64-ucrt-x86_64-autotools,
ucrt64,mingw-w64-ucrt-x86_64-SDL2_image,build-depends-on,mingw-w64-ucrt-x86_64-cc,
ucrt64,mingw-w64-ucrt-x86_64-SDL2_mixer,build-depends-on,mingw-w64-ucrt-x86_64-autotools,
ucrt64,mingw-w64-ucrt-x86_64-SDL2_mixer,build-depends-on,mingw-w64-ucrt-x86_64-cc,
ucrt64,mingw-w64-ucrt-x86_64-SDL2_net,build-depends-on,mingw-w64-ucrt-x86_64-autotools,
ucrt64,mingw-w64-ucrt-x86_64-SDL2_net,build-depends-on,mingw-w64-ucrt-x86_64-cc,
ucrt64,mingw-w64-ucrt-x86_64-SDL2_pango,build-depends-on,mingw-w64-ucrt-x86_64-autotools,
ucrt64,mingw-w64-ucrt-x86_64-SDL2_pango,build-depends-on,mingw-w64-ucrt-x86_64-cc,
ucrt64,mingw-w64-ucrt-x86_64-SDL2_pango,build-depends-on,mingw-w64-ucrt-x86_64-gettext-tools,
ucrt64,mingw-w64-ucrt-x86_64-SDL2_pango,build-depends-on,mingw-w64-ucrt-x86_64-pkgconf,
ucrt64,mingw-w64-ucrt-x86_64-SDL2_sound,build-depends-on,mingw-w64-ucrt-x86_64-cc,
ucrt64,mingw-w64-ucrt-x86_64-SDL2_sound,build-depends-on,mingw-w64-ucrt-x86_64-cmake,
ucrt64,mingw-w64-ucrt-x86_64-SDL2_sound,build-depends-on,mingw-w64-ucrt-x86_64-ninja,
ucrt64,mingw-w64-ucrt-x86_64-SDL2_ttf,build-depends-on,mingw-w64-ucrt-x86_64-autotools,
ucrt64,mingw-w64-ucrt-x86_64-SDL2_ttf,build-depends-on,mingw-w64-ucrt-x86_64-cc,
ucrt64,mingw-w64-ucrt-x86_64-SDL2_ttf,build-depends-on,mingw-w64-ucrt-x86_64-cmake,
ucrt64,mingw-w64-ucrt-x86_64-SDL_gfx,build-depends-on,mingw-w64-ucrt-x86_64-autotools,
ucrt64,mingw-w64-ucrt-x86_64-SDL_gfx,build-depends-on,mingw-w64-ucrt-x86_64-cc,
ucrt64,mingw-w64-ucrt-x86_64-SDL_image,build-depends-on,mingw-w64-ucrt-x86_64-autotools,
ucrt64,mingw-w64-ucrt-x86_64-SDL_image,build-depends-on,mingw-w64-ucrt-x86_64-cc,
ucrt64,mingw-w64-ucrt-x86_64-SDL_mixer,build-depends-on,mingw-w64-ucrt-x86_64-autotools,
ucrt64,mingw-w64-ucrt-x86_64-SDL_mixer,build-depends-on,mingw-w64-ucrt-x86_64-cc,
ucrt64,mingw-w64-ucrt-x86_64-SDL_mixer,build-depends-on,mingw-w64-ucrt-x86_64-fluidsynth,
ucrt64,mingw-w64-ucrt-x86_64-SDL_mixer,build-depends-on,mingw-w64-ucrt-x86_64-openal,
ucrt64,mingw-w64-ucrt-x86_64-SDL_mixer,build-depends-on,mingw-w64-ucrt-x86_64-smpeg,
ucrt64,mingw-w64-ucrt-x86_64-SDL_net,build-depends-on,mingw-w64-ucrt-x86_64-autotools,
ucrt64,mingw-w64-ucrt-x86_64-SDL_net,build-depends-on,mingw-w64-ucrt-x86_64-cc,
ucrt64,mingw-w64-ucrt-x86_64-SDL_ttf,build-depends-on,mingw-w64-ucrt-x86_64-autotools,
ucrt64,mingw-w64-ucrt-x86_64-SDL_ttf,build-depends-on,mingw-w64-ucrt-x86_64-cc,
ucrt64,mingw-w64-ucrt-x86_64-a52dec,build-depends-on,mingw-w64-ucrt-x86_64-cc,
ucrt64,mingw-w64-ucrt-x86_64-aalib,build-depends-on,mingw-w64-ucrt-x86_64-cc,
ucrt64,mingw-w64-ucrt-x86_64-aas-sign,build-depends-on,mingw-w64-ucrt-x86_64-cc,
ucrt64,mingw-w64-ucrt-x86_64-abinit,build-depends-on,mingw-w64-ucrt-x86_64-cc,
ucrt64,mingw-w64-ucrt-x86_64-abinit,build-depends-on,mingw-w64-ucrt-x86_64-fc,
ucrt64,mingw-w64-ucrt-x86_64-abiword,build-depends-on,mingw-w64-ucrt-x86_64-cc,
ucrt64,mingw-w64-ucrt-x86_64-abseil-cpp,build-depends-on,mingw-w64-ucrt-x86_64-cc,
ucrt64,mingw-w64-ucrt-x86_64-accesskit-c,build-depends-on,mingw-w64-ucrt-x86_64-cc,
ucrt64,mingw-w64-ucrt-x86_64-ada-url,build-depends-on,mingw-w64-ucrt-x86_64-cc,
ucrt64,mingw-w64-ucrt-x86_64-adios2,build-depends-on,mingw-w64-ucrt-x86_64-cc,
ucrt64,mingw-w64-ucrt-x86_64-adios2,build-depends-on,mingw-w64-ucrt-x86_64-fc,
ucrt64,mingw-w64-ucrt-x86_64-adol-c,build-depends-on,mingw-w64-ucrt-x86_64-cc,
ucrt64,mingw-w64-ucrt-x86_64-advancecomp,build-depends-on,mingw-w64-ucrt-x86_64-cc,
ucrt64,mingw-w64-ucrt-x86_64-aegisub,build-depends-on,mingw-w64-ucrt-x86_64-cc,
ucrt64,mingw-w64-ucrt-x86_64-ag,build-depends-on,mingw-w64-ucrt-x86_64-cc,
ucrt64,mingw-w64-ucrt-x86_64-age-plugin-yubikey,build-depends-on,mingw-w64-ucrt-x86_64-cc,
ucrt64,mingw-w64-ucrt-x86_64-akira,build-depends-on,mingw-w64-ucrt-x86_64-cc,
ucrt64,mingw-w64-ucrt-x86_64-alembic,build-depends-on,mingw-w64-ucrt-x86_64-cc,
ucrt64,mingw-w64-ucrt-x86_64-allegro,build-depends-on,mingw-w64-ucrt-x86_64-cc,
ucrt64,mingw-w64-ucrt-x86_64-alure,build-depends-on,mingw-w64-ucrt-x86_64-cc,
ucrt64,mingw-w64-ucrt-x86_64-alure2,build-depends-on,mingw-w64-ucrt-x86_64-cc,
ucrt64,mingw-w64-ucrt-x86_64-amgcl,build-depends-on,mingw-w64-ucrt-x86_64-cc,
ucrt64,mingw-w64-ucrt-x86_64-amgcl,build-depends-on,mingw-w64-ucrt-x86_64-fc,
ucrt64,mingw-w64-ucrt-x86_64-amqp-cpp,build-depends-on,mingw-w64-ucrt-x86_64-cc,
ucrt64,mingw-w64-ucrt-x86_64-anari-sdk,build-depends-on,mingw-w64-ucrt-x86_64-cc,
ucrt64,mingw-w64-ucrt-x86_64-android-tools,build-depends-on,mingw-w64-ucrt-x86_64-cc,
ucrt64,mingw-w64-ucrt-x86_64-angleproject,build-depends-on,mingw-w64-ucrt-x86_64-cc,
ucrt64,mingw-w64-ucrt-x86_64-ansifilter,build-depends-on,mingw-w64-ucrt-x86_64-cc,
ucrt64,mingw-w64-ucrt-x86_64-antiword,build-depends-on,mingw-w64-ucrt-x86_64-cc,
ucrt64,mingw-w64-ucrt-x86_64-antlr3,build-depends-on,mingw-w64-ucrt-x86_64-cc,
ucrt64,mingw-w64-ucrt-x86_64-antlr4-runtime-cpp,build-depends-on,mingw-w64-ucrt-x86_64-cc,
ucrt64,mingw-w64-ucrt-x86_64-aom,build-depends-on,mingw-w64-ucrt-x86_64-cc,
ucrt64,mingw-w64-ucrt-x86_64-appstream,build-depends-on,mingw-w64-ucrt-x86_64-cc,
ucrt64,mingw-w64-ucrt-x86_64-appstream-glib,build-depends-on,mingw-w64-ucrt-x86_64-cc,
ucrt64,mingw-w64-ucrt-x86_64-apr,build-depends-on,mingw-w64-ucrt-x86_64-cc,
ucrt64,mingw-w64-ucrt-x86_64-apr-util,build-depends-on,mingw-w64-ucrt-x86_64-cc,
ucrt64,mingw-w64-ucrt-x86_64-aravis,build-depends-on,mingw-w64-ucrt-x86_64-cc,
ucrt64,mingw-w64-ucrt-x86_64-aravis-gst,build-depends-on,mingw-w64-ucrt-x86_64-cc,
ucrt64,mingw-w64-ucrt-x86_64-argon2,build-depends-on,mingw-w64-ucrt-x86_64-cc,
ucrt64,mingw-w64-ucrt-x86_64-args,build-depends-on,mingw-w64-ucrt-x86_64-cc,
ucrt64,mingw-w64-ucrt-x86_64-argtable,build-depends-on,mingw-w64-ucrt-x86_64-cc,
ucrt64,mingw-w64-ucrt-x86_64-aria2,build-depends-on,mingw-w64-ucrt-x86_64-cc,
ucrt64,mingw-w64-ucrt-x86_64-aribb24,build-depends-on,mingw-w64-ucrt-x86_64-cc,
ucrt64,mingw-w64-ucrt-x86_64-ark,build-depends-on,mingw-w64-ucrt-x86_64-cc,
ucrt64,mingw-w64-ucrt-x86_64-arm-none-eabi-binutils,build-depends-on,mingw-w64-ucrt-x86_64-cc,
ucrt64,mingw-w64-ucrt-x86_64-arm-none-eabi-gcc,build-depends-on,mingw-w64-ucrt-x86_64-cc,
ucrt64,mingw-w64-ucrt-x86_64-arm-none-eabi-newlib,build-depends-on,mingw-w64-ucrt-x86_64-cc,
ucrt64,mingw-w64-ucrt-x86_64-armadillo,build-depends-on,mingw-w64-ucrt-x86_64-cc,
ucrt64,mingw-w64-ucrt-x86_64-arpack,build-depends-on,mingw-w64-ucrt-x86_64-fc,
ucrt64,mingw-w64-ucrt-x86_64-arpack64,build-depends-on,mingw-w64-ucrt-x86_64-fc,
ucrt64,mingw-w64-ucrt-x86_64-arrow,build-depends-on,mingw-w64-ucrt-x86_64-cc,
ucrt64,mingw-w64-ucrt-x86_64-arrow-adbc,build-depends-on,mingw-w64-ucrt-x86_64-cc,
ucrt64,mingw-w64-ucrt-x86_64-arrow-adbc-driver-bigquery,build-depends-on,mingw-w64-ucrt-x86_64-cc,
ucrt64,mingw-w64-ucrt-x86_64-arrow-adbc-driver-flightsql,build-depends-on,mingw-w64-ucrt-x86_64-cc,
ucrt64,mingw-w64-ucrt-x86_64-arrow-adbc-driver-postgresql,build-depends-on,mingw-w64-ucrt-x86_64-cc,
ucrt64,mingw-w64-ucrt-x86_64-arrow-adbc-driver-snowflake,build-depends-on,mingw-w64-ucrt-x86_64-cc,
ucrt64,mingw-w64-ucrt-x86_64-arrow-adbc-driver-sqlite,build-depends-on,mingw-w64-ucrt-x86_64-cc,
ucrt64,mingw-w64-ucrt-x86_64-arrow-adbc-glib,build-depends-on,mingw-w64-ucrt-x86_64-cc,
ucrt64,mingw-w64-ucrt-x86_64-arturo,build-depends-on,mingw-w64-ucrt-x86_64-cc,
ucrt64,mingw-w64-ucrt-x86_64-asciidoc,build-depends-on,mingw-w64-ucrt-x86_64-cc,
ucrt64,mingw-w64-ucrt-x86_64-asciidoctor,build-depends-on,mingw-w64-ucrt-x86_64-cc,
ucrt64,mingw-w64-ucrt-x86_64-asio,build-depends-on,mingw-w64-ucrt-x86_64-cc,
ucrt64,mingw-w64-ucrt-x86_64-asmjit,build-depends-on,mingw-w64-ucrt-x86_64-cc,
ucrt64,mingw-w64-ucrt-x86_64-aspell,build-depends-on,mingw-w64-ucrt-x86_64-cc,
ucrt64,mingw-w64-ucrt-x86_64-assimp,build-depends-on,mingw-w64-ucrt-x86_64-cc,
ucrt64,mingw-w64-ucrt-x86_64-astyle,build-depends-on,mingw-w64-ucrt-x86_64-cc,
ucrt64,mingw-w64-ucrt-x86_64-atk,build-depends-on,mingw-w64-ucrt-x86_64-cc,
ucrt64,mingw-w64-ucrt-x86_64-atkmm,build-depends-on,mingw-w64-ucrt-x86_64-cc,
ucrt64,mingw-w64-ucrt-x86_64-atkmm-2.36,build-depends-on,mingw-w64-ucrt-x86_64-cc,
ucrt64,mingw-w64-ucrt-x86_64-attica,build-depends-on,mingw-w64-ucrt-x86_64-cc,
ucrt64,mingw-w64-ucrt-x86_64-aubio,build-depends-on,mingw-w64-ucrt-x86_64-cc,
ucrt64,mingw-w64-ucrt-x86_64-audaspace,build-depends-on,mingw-w64-ucrt-x86_64-cc,
ucrt64,mingw-w64-ucrt-x86_64-autohotkey,build-depends-on,mingw-w64-ucrt-x86_64-cc,
ucrt64,mingw-w64-ucrt-x86_64-avogadroapp,build-depends-on,mingw-w64-ucrt-x86_64-cc,
ucrt64,mingw-w64-ucrt-x86_64-avogadrolibs,build-depends-on,mingw-w64-ucrt-x86_64-cc,
ucrt64,mingw-w64-ucrt-x86_64-avogadrolibs-qt,build-depends-on,mingw-w64-ucrt-x86_64-cc,
ucrt64,mingw-w64-ucrt-x86_64-avr-binutils,build-depends-on,mingw-w64-ucrt-x86_64-cc,
ucrt64,mingw-w64-ucrt-x86_64-avr-gcc,build-depends-on,mingw-w64-ucrt-x86_64-cc,
ucrt64,mingw-w64-ucrt-x86_64-avrdude,build-depends-on,mingw-w64-ucrt-x86_64-cc,
ucrt64,mingw-w64-ucrt-x86_64-awf-gtk3,build-depends-on,mingw-w64-ucrt-x86_64-cc,
ucrt64,mingw-w64-ucrt-x86_64-awf-gtk4,build-depends-on,mingw-w64-ucrt-x86_64-cc,
ucrt64,mingw-w64-ucrt-x86_64-awf-qt5,build-depends-on,mingw-w64-ucrt-x86_64-cc,
ucrt64,mingw-w64-ucrt-x86_64-awf-qt6,build-depends-on,mingw-w64-ucrt-x86_64-cc,
ucrt64,mingw-w64-ucrt-x86_64-aws-c-auth,build-depends-on,mingw-w64-ucrt-x86_64-cc,
ucrt64,mingw-w64-ucrt-x86_64-aws-c-cal,build-depends-on,mingw-w64-ucrt-x86_64-cc,
ucrt64,mingw-w64-ucrt-x86_64-aws-c-common,build-depends-on,mingw-w64-ucrt-x86_64-cc,
ucrt64,mingw-w64-ucrt-x86_64-aws-c-compression,build-depends-on,mingw-w64-ucrt-x86_64-cc,
ucrt64,mingw-w64-ucrt-x86_64-aws-c-event-stream,build-depends-on,mingw-w64-ucrt-x86_64-cc,
ucrt64,mingw-w64-ucrt-x86_64-aws-c-http,build-depends-on,mingw-w64-ucrt-x86_64-cc,
ucrt64,mingw-w64-ucrt-x86_64-aws-c-io,build-depends-on,mingw-w64-ucrt-x86_64-cc,
ucrt64,mingw-w64-ucrt-x86_64-aws-c-mqtt,build-depends-on,mingw-w64-ucrt-x86_64-cc,
ucrt64,mingw-w64-ucrt-x86_64-aws-c-s3,build-depends-on,mingw-w64-ucrt-x86_64-cc,
ucrt64,mingw-w64-ucrt-x86_64-aws-c-sdkutils,build-depends-on,mingw-w64-ucrt-x86_64-cc,
ucrt64,mingw-w64-ucrt-x86_64-aws-checksums,build-depends-on,mingw-w64-ucrt-x86_64-cc,
ucrt64,mingw-w64-ucrt-x86_64-aws-crt-cpp,build-depends-on,mingw-w64-ucrt-x86_64-cc,
ucrt64,mingw-w64-ucrt-x86_64-aws-sdk-cpp,build-depends-on,mingw-w64-ucrt-x86_64-cc,
ucrt64,mingw-w64-ucrt-x86_64-aztecgen,build-depends-on,mingw-w64-ucrt-x86_64-cc,
ucrt64,mingw-w64-ucrt-x86_64-b3sum,build-depends-on,mingw-w64-ucrt-x86_64-cc,
ucrt64,mingw-w64-ucrt-x86_64-babl,build-depends-on,mingw-w64-ucrt-x86_64-cc,
ucrt64,mingw-w64-ucrt-x86_64-badvpn,build-depends-on,mingw-w64-ucrt-x86_64-cc,
ucrt64,mingw-w64-ucrt-x86_64-baobab,build-depends-on,mingw-w64-ucrt-x86_64-cc,
ucrt64,mingw-w64-ucrt-x86_64-bc,build-depends-on,mingw-w64-ucrt-x86_64-cc,
ucrt64,mingw-w64-ucrt-x86_64-bcftools,build-depends-on,mingw-w64-ucrt-x86_64-cc,
ucrt64,mingw-w64-ucrt-x86_64-bcg729,build-depends-on,mingw-w64-ucrt-x86_64-cc,
ucrt64,mingw-w64-ucrt-x86_64-bcunit,build-depends-on,mingw-w64-ucrt-x86_64-cc,
ucrt64,mingw-w64-ucrt-x86_64-benchmark,build-depends-on,mingw-w64-ucrt-x86_64-cc,
ucrt64,mingw-w64-ucrt-x86_64-bin2header,build-depends-on,mingw-w64-ucrt-x86_64-cc,
ucrt64,mingw-w64-ucrt-x86_64-binaryen,build-depends-on,mingw-w64-ucrt-x86_64-cc,
ucrt64,mingw-w64-ucrt-x86_64-binutils,build-depends-on,mingw-w64-ucrt-x86_64-cc,
ucrt64,mingw-w64-ucrt-x86_64-bitwise,build-depends-on,mingw-w64-ucrt-x86_64-cc,
ucrt64,mingw-w64-ucrt-x86_64-blas,build-depends-on,mingw-w64-ucrt-x86_64-cc,
ucrt64,mingw-w64-ucrt-x86_64-blas,build-depends-on,mingw-w64-ucrt-x86_64-fc,
ucrt64,mingw-w64-ucrt-x86_64-blas64,build-depends-on,mingw-w64-ucrt-x86_64-cc,
ucrt64,mingw-w64-ucrt-x86_64-blas64,build-depends-on,mingw-w64-ucrt-x86_64-fc,
ucrt64,mingw-w64-ucrt-x86_64-blender,build-depends-on,mingw-w64-ucrt-x86_64-cc,
ucrt64,mingw-w64-ucrt-x86_64-blis,build-depends-on,mingw-w64-ucrt-x86_64-cc,
ucrt64,mingw-w64-ucrt-x86_64-blis,build-depends-on,mingw-w64-ucrt-x86_64-fc,
ucrt64,mingw-w64-ucrt-x86_64-bliss,build-depends-on,mingw-w64-ucrt-x86_64-cc,
ucrt64,mingw-w64-ucrt-x86_64-blosc,build-depends-on,mingw-w64-ucrt-x86_64-cc,
ucrt64,mingw-w64-ucrt-x86_64-blosc2,build-depends-on,mingw-w64-ucrt-x86_64-cc,
ucrt64,mingw-w64-ucrt-x86_64-boost,build-depends-on,mingw-w64-ucrt-x86_64-cc,
ucrt64,mingw-w64-ucrt-x86_64-boost-libs,build-depends-on,mingw-w64-ucrt-x86_64-cc,
ucrt64,mingw-w64-ucrt-x86_64-bootloadhid,build-depends-on,mingw-w64-ucrt-x86_64-cc,
ucrt64,mingw-w64-ucrt-x86_64-box2d,build-depends-on,mingw-w64-ucrt-x86_64-cc,
ucrt64,mingw-w64-ucrt-x86_64-bpmdetect,build-depends-on,mingw-w64-ucrt-x86_64-cc,
ucrt64,mingw-w64-ucrt-x86_64-breakpad,build-depends-on,mingw-w64-ucrt-x86_64-cc,
ucrt64,mingw-w64-ucrt-x86_64-breeze,build-depends-on,mingw-w64-ucrt-x86_64-cc,
ucrt64,mingw-w64-ucrt-x86_64-breeze-icons,build-depends-on,mingw-w64-ucrt-x86_64-cc,
ucrt64,mingw-w64-ucrt-x86_64-brotli,build-depends-on,mingw-w64-ucrt-x86_64-cc,
ucrt64,mingw-w64-ucrt-x86_64-brotli-testdata,build-depends-on,mingw-w64-ucrt-x86_64-cc,
ucrt64,mingw-w64-ucrt-x86_64-bsdfprocessor,build-depends-on,mingw-w64-ucrt-x86_64-cc,
ucrt64,mingw-w64-ucrt-x86_64-btyacc,build-depends-on,mingw-w64-ucrt-x86_64-cc,
ucrt64,mingw-w64-ucrt-x86_64-bullet,build-depends-on,mingw-w64-ucrt-x86_64-cc,
ucrt64,mingw-w64-ucrt-x86_64-bullet-dp,build-depends-on,mingw-w64-ucrt-x86_64-cc,
ucrt64,mingw-w64-ucrt-x86_64-butler,build-depends-on,mingw-w64-ucrt-x86_64-cc,
ucrt64,mingw-w64-ucrt-x86_64-bzip2,build-depends-on,mingw-w64-ucrt-x86_64-cc,
ucrt64,mingw-w64-ucrt-x86_64-bzip3,build-depends-on,mingw-w64-ucrt-x86_64-cc,
ucrt64,mingw-w64-ucrt-x86_64-c-ares,build-depends-on,mingw-w64-ucrt-x86_64-cc,
ucrt64,mingw-w64-ucrt-x86_64-c4core,build-depends-on,mingw-w64-ucrt-x86_64-cc,
ucrt64,mingw-w64-ucrt-x86_64-cabextract,build-depends-on,mingw-w64-ucrt-x86_64-cc,
ucrt64,mingw-w64-ucrt-x86_64-cairo,build-depends-on,mingw-w64-ucrt-x86_64-cc,
ucrt64,mingw-w64-ucrt-x86_64-cairomm,build-depends-on,mingw-w64-ucrt-x86_64-cc,
ucrt64,mingw-w64-ucrt-x86_64-cairomm-1.16,build-depends-on,mingw-w64-ucrt-x86_64-cc,
ucrt64,mingw-w64-ucrt-x86_64-calceph,build-depends-on,mingw-w64-ucrt-x86_64-cc,
ucrt64,mingw-w64-ucrt-x86_64-calceph,build-depends-on,mingw-w64-ucrt-x86_64-fc,
ucrt64,mingw-w64-ucrt-x86_64-calcmysky,build-depends-on,mingw-w64-ucrt-x86_64-cc,
ucrt64,mingw-w64-ucrt-x86_64-calculix-ccx,build-depends-on,mingw-w64-ucrt-x86_64-fc,
ucrt64,mingw-w64-ucrt-x86_64-cantarell-fonts,build-depends-on,mingw-w64-ucrt-x86_64-cc,
ucrt64,mingw-w64-ucrt-x86_64-capnproto,build-depends-on,mingw-w64-ucrt-x86_64-cc,
ucrt64,mingw-w64-ucrt-x86_64-capstone,build-depends-on,mingw-w64-ucrt-x86_64-cc,
ucrt64,mingw-w64-ucrt-x86_64-cargo-msrv,build-depends-on,mingw-w64-ucrt-x86_64-cc,
ucrt64,mingw-w64-ucrt-x86_64-cas-offinder,build-depends-on,mingw-w64-ucrt-x86_64-cc,
ucrt64,mingw-w64-ucrt-x86_64-castxml,build-depends-on,mingw-w64-ucrt-x86_64-cc,
ucrt64,mingw-w64-ucrt-x86_64-catch,build-depends-on,mingw-w64-ucrt-x86_64-cc,
ucrt64,mingw-w64-ucrt-x86_64-cava,build-depends-on,mingw-w64-ucrt-x86_64-cc,
ucrt64,mingw-w64-ucrt-x86_64-cblas,build-depends-on,mingw-w64-ucrt-x86_64-cc,
ucrt64,mingw-w64-ucrt-x86_64-cblas,build-depends-on,mingw-w64-ucrt-x86_64-fc,
ucrt64,mingw-w64-ucrt-x86_64-cblas64,build-depends-on,mingw-w64-ucrt-x86_64-cc,
ucrt64,mingw-w64-ucrt-x86_64-cblas64,build-depends-on,mingw-w64-ucrt-x86_64-fc,
ucrt64,mingw-w64-ucrt-x86_64-ccache,build-depends-on,mingw-w64-ucrt-x86_64-cc,
ucrt64,mingw-w64-ucrt-x86_64-ccmake,build-depends-on,mingw-w64-ucrt-x86_64-cc,
ucrt64,mingw-w64-ucrt-x86_64-cddlib,build-depends-on,mingw-w64-ucrt-x86_64-cc,
ucrt64,mingw-w64-ucrt-x86_64-cego,build-depends-on,mingw-w64-ucrt-x86_64-cc,
ucrt64,mingw-w64-ucrt-x86_64-cereal,build-depends-on,mingw-w64-ucrt-x86_64-cc,
ucrt64,mingw-w64-ucrt-x86_64-ceres-solver,build-depends-on,mingw-w64-ucrt-x86_64-cc,
ucrt64,mingw-w64-ucrt-x86_64-cfitsio,build-depends-on,mingw-w64-ucrt-x86_64-cc,
ucrt64,mingw-w64-ucrt-x86_64-cgal,build-depends-on,mingw-w64-ucrt-x86_64-cc,
ucrt64,mingw-w64-ucrt-x86_64-cglm,build-depends-on,mingw-w64-ucrt-x86_64-cc,
ucrt64,mingw-w64-ucrt-x86_64-cglm-docs,build-depends-on,mingw-w64-ucrt-x86_64-cc,
ucrt64,mingw-w64-ucrt-x86_64-cgns,build-depends-on,mingw-w64-ucrt-x86_64-cc,
ucrt64,mingw-w64-ucrt-x86_64-cgns,build-depends-on,mingw-w64-ucrt-x86_64-fc,
ucrt64,mingw-w64-ucrt-x86_64-chafa,build-depends-on,mingw-w64-ucrt-x86_64-cc,
ucrt64,mingw-w64-ucrt-x86_64-charls,build-depends-on,mingw-w64-ucrt-x86_64-cc,
ucrt64,mingw-w64-ucrt-x86_64-check,build-depends-on,mingw-w64-ucrt-x86_64-cc,
ucrt64,mingw-w64-ucrt-x86_64-chicken,build-depends-on,mingw-w64-ucrt-x86_64-cc,
ucrt64,mingw-w64-ucrt-x86_64-chipmunk,build-depends-on,mingw-w64-ucrt-x86_64-cc,
ucrt64,mingw-w64-ucrt-x86_64-chmlib,build-depends-on,mingw-w64-ucrt-x86_64-cc,
ucrt64,mingw-w64-ucrt-x86_64-chromaprint,build-depends-on,mingw-w64-ucrt-x86_64-cc,
ucrt64,mingw-w64-ucrt-x86_64-chrono-date,build-depends-on,mingw-w64-ucrt-x86_64-cc,
ucrt64,mingw-w64-ucrt-x86_64-civetweb,build-depends-on,mingw-w64-ucrt-x86_64-cc,
ucrt64,mingw-w64-ucrt-x86_64-cjose,build-depends-on,mingw-w64-ucrt-x86_64-cc,
ucrt64,mingw-w64-ucrt-x86_64-cjson,build-depends-on,mingw-w64-ucrt-x86_64-cc,
ucrt64,mingw-w64-ucrt-x86_64-clang-21,build-depends-on,mingw-w64-ucrt-x86_64-cc,
ucrt64,mingw-w64-ucrt-x86_64-clblast,build-depends-on,mingw-w64-ucrt-x86_64-cc,
ucrt64,mingw-w64-ucrt-x86_64-cli11,build-depends-on,mingw-w64-ucrt-x86_64-cc,
ucrt64,mingw-w64-ucrt-x86_64-clip,build-depends-on,mingw-w64-ucrt-x86_64-cc,
ucrt64,mingw-w64-ucrt-x86_64-clipper2,build-depends-on,mingw-w64-ucrt-x86_64-cc,
ucrt64,mingw-w64-ucrt-x86_64-cliquer,build-depends-on,mingw-w64-ucrt-x86_64-cc,
ucrt64,mingw-w64-ucrt-x86_64-clucene,build-depends-on,mingw-w64-ucrt-x86_64-cc,
ucrt64,mingw-w64-ucrt-x86_64-clustal-omega,build-depends-on,mingw-w64-ucrt-x86_64-cc,
ucrt64,mingw-w64-ucrt-x86_64-cmake,build-depends-on,mingw-w64-ucrt-x86_64-cc,
ucrt64,mingw-w64-ucrt-x86_64-cmake-bootstrap,build-depends-on,mingw-w64-ucrt-x86_64-cc,
ucrt64,mingw-w64-ucrt-x86_64-cmake-cmcldeps,build-depends-on,mingw-w64-ucrt-x86_64-cc,
ucrt64,mingw-w64-ucrt-x86_64-cmake-docs,build-depends-on,mingw-w64-ucrt-x86_64-cc,
ucrt64,mingw-w64-ucrt-x86_64-cmake-gui,build-depends-on,mingw-w64-ucrt-x86_64-cc,
ucrt64,mingw-w64-ucrt-x86_64-cmakerc,build-depends-on,mingw-w64-ucrt-x86_64-cc,
ucrt64,mingw-w64-ucrt-x86_64-cmark,build-depends-on,mingw-w64-ucrt-x86_64-cc,
ucrt64,mingw-w64-ucrt-x86_64-cmdpack,build-depends-on,mingw-w64-ucrt-x86_64-cc,
ucrt64,mingw-w64-ucrt-x86_64-cmocka,build-depends-on,mingw-w64-ucrt-x86_64-cc,
ucrt64,mingw-w64-ucrt-x86_64-cmr,build-depends-on,mingw-w64-ucrt-x86_64-cc,
ucrt64,mingw-w64-ucrt-x86_64-cninja,build-depends-on,mingw-w64-ucrt-x86_64-cc,
ucrt64,mingw-w64-ucrt-x86_64-codeblocks,build-depends-on,mingw-w64-ucrt-x86_64-cc,
ucrt64,mingw-w64-ucrt-x86_64-codeblocks-fortranproject,build-depends-on,mingw-w64-ucrt-x86_64-cc,
ucrt64,mingw-w64-ucrt-x86_64-codec2,build-depends-on,mingw-w64-ucrt-x86_64-cc,
ucrt64,mingw-w64-ucrt-x86_64-codelite,build-depends-on,mingw-w64-ucrt-x86_64-cc,
ucrt64,mingw-w64-ucrt-x86_64-cogl,build-depends-on,mingw-w64-ucrt-x86_64-cc,
ucrt64,mingw-w64-ucrt-x86_64-coin,build-depends-on,mingw-w64-ucrt-x86_64-cc,
ucrt64,mingw-w64-ucrt-x86_64-coin-docs,build-depends-on,mingw-w64-ucrt-x86_64-cc,
ucrt64,mingw-w64-ucrt-x86_64-coin-or-asl,build-depends-on,mingw-w64-ucrt-x86_64-cc,
ucrt64,mingw-w64-ucrt-x86_64-coin-or-cbc,build-depends-on,mingw-w64-ucrt-x86_64-cc,
ucrt64,mingw-w64-ucrt-x86_64-coin-or-cgl,build-depends-on,mingw-w64-ucrt-x86_64-cc,
ucrt64,mingw-w64-ucrt-x86_64-coin-or-clp,build-depends-on,mingw-w64-ucrt-x86_64-cc,
ucrt64,mingw-w64-ucrt-x86_64-coin-or-coinutils,build-depends-on,mingw-w64-ucrt-x86_64-cc,
ucrt64,mingw-w64-ucrt-x86_64-coin-or-coinutils,build-depends-on,mingw-w64-ucrt-x86_64-fc,
ucrt64,mingw-w64-ucrt-x86_64-coin-or-mp,build-depends-on,mingw-w64-ucrt-x86_64-cc,
ucrt64,mingw-w64-ucrt-x86_64-coin-or-osi,build-depends-on,mingw-w64-ucrt-x86_64-cc,
ucrt64,mingw-w64-ucrt-x86_64-collada-dom,build-depends-on,mingw-w64-ucrt-x86_64-cc,
ucrt64,mingw-w64-ucrt-x86_64-compiler-rt-21,build-depends-on,mingw-w64-ucrt-x86_64-cc,
ucrt64,mingw-w64-ucrt-x86_64-concurrentqueue,build-depends-on,mingw-w64-ucrt-x86_64-cc,
ucrt64,mingw-w64-ucrt-x86_64-confuse,build-depends-on,mingw-w64-ucrt-x86_64-cc,
ucrt64,mingw-w64-ucrt-x86_64-connect,build-depends-on,mingw-w64-ucrt-x86_64-cc,
ucrt64,mingw-w64-ucrt-x86_64-coordgen,build-depends-on,mingw-w64-ucrt-x86_64-cc,
ucrt64,mingw-w64-ucrt-x86_64-corrade,build-depends-on,mingw-w64-ucrt-x86_64-cc,
ucrt64,mingw-w64-ucrt-x86_64-cp2k,build-depends-on,mingw-w64-ucrt-x86_64-cc,
ucrt64,mingw-w64-ucrt-x86_64-cp2k,build-depends-on,mingw-w64-ucrt-x86_64-fc,
ucrt64,mingw-w64-ucrt-x86_64-cppcheck,build-depends-on,mingw-w64-ucrt-x86_64-cc,
ucrt64,mingw-w64-ucrt-x86_64-cppdap,build-depends-on,mingw-w64-ucrt-x86_64-cc,
ucrt64,mingw-w64-ucrt-x86_64-cpptest,build-depends-on,mingw-w64-ucrt-x86_64-cc,
ucrt64,mingw-w64-ucrt-x86_64-cppunit,build-depends-on,mingw-w64-ucrt-x86_64-cc,
ucrt64,mingw-w64-ucrt-x86_64-cpputest,build-depends-on,mingw-w64-ucrt-x86_64-cc,
ucrt64,mingw-w64-ucrt-x86_64-cppwinrt,build-depends-on,mingw-w64-ucrt-x86_64-cc,
ucrt64,mingw-w64-ucrt-x86_64-cppzmq,build-depends-on,mingw-w64-ucrt-x86_64-cc,
ucrt64,mingw-w64-ucrt-x86_64-cpr,build-depends-on,mingw-w64-ucrt-x86_64-cc,
ucrt64,mingw-w64-ucrt-x86_64-creduce,build-depends-on,mingw-w64-ucrt-x86_64-cc,
ucrt64,mingw-w64-ucrt-x86_64-croc,build-depends-on,mingw-w64-ucrt-x86_64-cc,
ucrt64,mingw-w64-ucrt-x86_64-crt,build-depends-on,mingw-w64-ucrt-x86_64-cc,
ucrt64,mingw-w64-ucrt-x86_64-crypto++,build-depends-on,mingw-w64-ucrt-x86_64-cc,
ucrt64,mingw-w64-ucrt-x86_64-csfml,build-depends-on,mingw-w64-ucrt-x86_64-cc,
ucrt64,mingw-w64-ucrt-x86_64-csfml-docs,build-depends-on,mingw-w64-ucrt-x86_64-cc,
ucrt64,mingw-w64-ucrt-x86_64-ctags,build-depends-on,mingw-w64-ucrt-x86_64-cc,
ucrt64,mingw-w64-ucrt-x86_64-ctpl,build-depends-on,mingw-w64-ucrt-x86_64-cc,
ucrt64,mingw-w64-ucrt-x86_64-cuba,build-depends-on,mingw-w64-ucrt-x86_64-cc,
ucrt64,mingw-w64-ucrt-x86_64-cuba,build-depends-on,mingw-w64-ucrt-x86_64-fc,
ucrt64,mingw-w64-ucrt-x86_64-cubature,build-depends-on,mingw-w64-ucrt-x86_64-cc,
ucrt64,mingw-w64-ucrt-x86_64-cubelib,build-depends-on,mingw-w64-ucrt-x86_64-cc,
ucrt64,mingw-w64-ucrt-x86_64-cubelib,build-depends-on,mingw-w64-ucrt-x86_64-fc,
ucrt64,mingw-w64-ucrt-x86_64-cubew,build-depends-on,mingw-w64-ucrt-x86_64-cc,
ucrt64,mingw-w64-ucrt-x86_64-cubew,build-depends-on,mingw-w64-ucrt-x86_64-fc,
ucrt64,mingw-w64-ucrt-x86_64-cunit,build-depends-on,mingw-w64-ucrt-x86_64-cc,
ucrt64,mingw-w64-ucrt-x86_64-curl,build-depends-on,mingw-w64-ucrt-x86_64-cc,
ucrt64,mingw-w64-ucrt-x86_64-curl-gnutls,build-depends-on,mingw-w64-ucrt-x86_64-cc,
ucrt64,mingw-w64-ucrt-x86_64-curl-winssl,build-depends-on,mingw-w64-ucrt-x86_64-cc,
ucrt64,mingw-w64-ucrt-x86_64-cvise,build-depends-on,mingw-w64-ucrt-x86_64-cc,
ucrt64,mingw-w64-ucrt-x86_64-cxxopts,build-depends-on,mingw-w64-ucrt-x86_64-cc,
ucrt64,mingw-w64-ucrt-x86_64-cyrus-sasl,build-depends-on,mingw-w64-ucrt-x86_64-cc,
ucrt64,mingw-w64-ucrt-x86_64-cython,build-depends-on,mingw-w64-ucrt-x86_64-cc,
ucrt64,mingw-w64-ucrt-x86_64-daala,build-depends-on,mingw-w64-ucrt-x86_64-cc,
ucrt64,mingw-w64-ucrt-x86_64-darktable,build-depends-on,mingw-w64-ucrt-x86_64-cc,
ucrt64,mingw-w64-ucrt-x86_64-dav1d,build-depends-on,mingw-w64-ucrt-x86_64-cc,
ucrt64,mingw-w64-ucrt-x86_64-dav2d,build-depends-on,mingw-w64-ucrt-x86_64-cc,
ucrt64,mingw-w64-ucrt-x86_64-db,build-depends-on,mingw-w64-ucrt-x86_64-cc,
ucrt64,mingw-w64-ucrt-x86_64-db-docs,build-depends-on,mingw-w64-ucrt-x86_64-cc,
ucrt64,mingw-w64-ucrt-x86_64-dbc_parser_cpp,build-depends-on,mingw-w64-ucrt-x86_64-cc,
ucrt64,mingw-w64-ucrt-x86_64-dbcsr,build-depends-on,mingw-w64-ucrt-x86_64-cc,
ucrt64,mingw-w64-ucrt-x86_64-dbcsr,build-depends-on,mingw-w64-ucrt-x86_64-fc,
ucrt64,mingw-w64-ucrt-x86_64-dbus,build-depends-on,mingw-w64-ucrt-x86_64-cc,
ucrt64,mingw-w64-ucrt-x86_64-dbus-c++,build-depends-on,mingw-w64-ucrt-x86_64-cc,
ucrt64,mingw-w64-ucrt-x86_64-dbus-doc,build-depends-on,mingw-w64-ucrt-x86_64-cc,
ucrt64,mingw-w64-ucrt-x86_64-dbus-doc,build-depends-on,mingw-w64-ucrt-x86_64-cmake,
ucrt64,mingw-w64-ucrt-x86_64-dbus-doc,build-depends-on,mingw-w64-ucrt-x86_64-doxygen,
ucrt64,mingw-w64-ucrt-x86_64-dbus-doc,build-depends-on,mingw-w64-ucrt-x86_64-expat,
ucrt64,mingw-w64-ucrt-x86_64-dbus-doc,build-depends-on,mingw-w64-ucrt-x86_64-glib2,
ucrt64,mingw-w64-ucrt-x86_64-dbus-doc,build-depends-on,mingw-w64-ucrt-x86_64-ninja,
ucrt64,mingw-w64-ucrt-x86_64-dbus-doc,build-depends-on,mingw-w64-ucrt-x86_64-pkgconf,
ucrt64,mingw-w64-ucrt-x86_64-dbus-glib,build-depends-on,mingw-w64-ucrt-x86_64-cc,
ucrt64,mingw-w64-ucrt-x86_64-dcadec,build-depends-on,mingw-w64-ucrt-x86_64-cc,
ucrt64,mingw-w64-ucrt-x86_64-dcmtk,build-depends-on,mingw-w64-ucrt-x86_64-cc,
ucrt64,mingw-w64-ucrt-x86_64-dcraw,build-depends-on,mingw-w64-ucrt-x86_64-cc,
ucrt64,mingw-w64-ucrt-x86_64-desktop-file-utils,build-depends-on,mingw-w64-ucrt-x86_64-cc,
ucrt64,mingw-w64-ucrt-x86_64-devcon,build-depends-on,mingw-w64-ucrt-x86_64-cc,
ucrt64,mingw-w64-ucrt-x86_64-devil,build-depends-on,mingw-w64-ucrt-x86_64-cc,
ucrt64,mingw-w64-ucrt-x86_64-dftbplus,build-depends-on,mingw-w64-ucrt-x86_64-cc,
ucrt64,mingw-w64-ucrt-x86_64-dftbplus,build-depends-on,mingw-w64-ucrt-x86_64-fc,
ucrt64,mingw-w64-ucrt-x86_64-dftd4,build-depends-on,mingw-w64-ucrt-x86_64-cc,
ucrt64,mingw-w64-ucrt-x86_64-dftd4,build-depends-on,mingw-w64-ucrt-x86_64-fc,
ucrt64,mingw-w64-ucrt-x86_64-dfu-programmer,build-depends-on,mingw-w64-ucrt-x86_64-cc,
ucrt64,mingw-w64-ucrt-x86_64-dfu-util,build-depends-on,mingw-w64-ucrt-x86_64-cc,
ucrt64,mingw-w64-ucrt-x86_64-dht,build-depends-on,mingw-w64-ucrt-x86_64-cc,
ucrt64,mingw-w64-ucrt-x86_64-dia,build-depends-on,mingw-w64-ucrt-x86_64-cc,
ucrt64,mingw-w64-ucrt-x86_64-diffutils,build-depends-on,mingw-w64-ucrt-x86_64-cc,
ucrt64,mingw-w64-ucrt-x86_64-directx-headers,build-depends-on,mingw-w64-ucrt-x86_64-cc,
ucrt64,mingw-w64-ucrt-x86_64-directxmath,build-depends-on,mingw-w64-ucrt-x86_64-cc,
ucrt64,mingw-w64-ucrt-x86_64-directxmesh,build-depends-on,mingw-w64-ucrt-x86_64-cc,
ucrt64,mingw-w64-ucrt-x86_64-directxtex,build-depends-on,mingw-w64-ucrt-x86_64-cc,
ucrt64,mingw-w64-ucrt-x86_64-directxtk,build-depends-on,mingw-w64-ucrt-x86_64-cc,
ucrt64,mingw-w64-ucrt-x86_64-discount,build-depends-on,mingw-w64-ucrt-x86_64-cc,
ucrt64,mingw-w64-ucrt-x86_64-distorm,build-depends-on,mingw-w64-ucrt-x86_64-cc,
ucrt64,mingw-w64-ucrt-x86_64-djview,build-depends-on,mingw-w64-ucrt-x86_64-cc,
ucrt64,mingw-w64-ucrt-x86_64-djvulibre,build-depends-on,mingw-w64-ucrt-x86_64-cc,
ucrt64,mingw-w64-ucrt-x86_64-dlfcn,build-depends-on,mingw-w64-ucrt-x86_64-cc,
ucrt64,mingw-w64-ucrt-x86_64-dlib,build-depends-on,mingw-w64-ucrt-x86_64-cc,
ucrt64,mingw-w64-ucrt-x86_64-dmake,build-depends-on,mingw-w64-ucrt-x86_64-cc,
ucrt64,mingw-w64-ucrt-x86_64-dnscrypt-proxy,build-depends-on,mingw-w64-ucrt-x86_64-cc,
ucrt64,mingw-w64-ucrt-x86_64-dnslookup,build-depends-on,mingw-w64-ucrt-x86_64-cc,
ucrt64,mingw-w64-ucrt-x86_64-doctest,build-depends-on,mingw-w64-ucrt-x86_64-cc,
ucrt64,mingw-w64-ucrt-x86_64-dosbox-staging,build-depends-on,mingw-w64-ucrt-x86_64-cc,
ucrt64,mingw-w64-ucrt-x86_64-double-conversion,build-depends-on,mingw-w64-ucrt-x86_64-cc,
ucrt64,mingw-w64-ucrt-x86_64-doxygen,build-depends-on,mingw-w64-ucrt-x86_64-cc,
ucrt64,mingw-w64-ucrt-x86_64-draco,build-depends-on,mingw-w64-ucrt-x86_64-cc,
ucrt64,mingw-w64-ucrt-x86_64-dragon,build-depends-on,mingw-w64-ucrt-x86_64-cc,
ucrt64,mingw-w64-ucrt-x86_64-dragonbox,build-depends-on,mingw-w64-ucrt-x86_64-cc,
ucrt64,mingw-w64-ucrt-x86_64-drmingw,build-depends-on,mingw-w64-ucrt-x86_64-cc,
ucrt64,mingw-w64-ucrt-x86_64-dsdp,build-depends-on,mingw-w64-ucrt-x86_64-cc,
ucrt64,mingw-w64-ucrt-x86_64-dtc,build-depends-on,mingw-w64-ucrt-x86_64-cc,
ucrt64,mingw-w64-ucrt-x86_64-ducible,build-depends-on,mingw-w64-ucrt-x86_64-cc,
ucrt64,mingw-w64-ucrt-x86_64-ducible,build-depends-on,mingw-w64-ucrt-x86_64-python3,
ucrt64,mingw-w64-ucrt-x86_64-duckdb,build-depends-on,mingw-w64-ucrt-x86_64-cc,
ucrt64,mingw-w64-ucrt-x86_64-duktape,build-depends-on,mingw-w64-ucrt-x86_64-cc,
ucrt64,mingw-w64-ucrt-x86_64-dumb,build-depends-on,mingw-w64-ucrt-x86_64-cc,
ucrt64,mingw-w64-ucrt-x86_64-dwarfstack,build-depends-on,mingw-w64-ucrt-x86_64-cc,
ucrt64,mingw-w64-ucrt-x86_64-dxvk,build-depends-on,mingw-w64-ucrt-x86_64-cc,
ucrt64,mingw-w64-ucrt-x86_64-ebook-tools,build-depends-on,mingw-w64-ucrt-x86_64-cc,
ucrt64,mingw-w64-ucrt-x86_64-eccodes,build-depends-on,mingw-w64-ucrt-x86_64-cc,
ucrt64,mingw-w64-ucrt-x86_64-eccodes,build-depends-on,mingw-w64-ucrt-x86_64-fc,
ucrt64,mingw-w64-ucrt-x86_64-ecpprog,build-depends-on,mingw-w64-ucrt-x86_64-cc,
ucrt64,mingw-w64-ucrt-x86_64-editorconfig-core-c,build-depends-on,mingw-w64-ucrt-x86_64-cc,
ucrt64,mingw-w64-ucrt-x86_64-editrights,build-depends-on,mingw-w64-ucrt-x86_64-cc,
ucrt64,mingw-w64-ucrt-x86_64-edyn,build-depends-on,mingw-w64-ucrt-x86_64-cc,
ucrt64,mingw-w64-ucrt-x86_64-efl,build-depends-on,mingw-w64-ucrt-x86_64-cc,
ucrt64,mingw-w64-ucrt-x86_64-efxc2,build-depends-on,mingw-w64-ucrt-x86_64-cc,
ucrt64,mingw-w64-ucrt-x86_64-eigen3,build-depends-on,mingw-w64-ucrt-x86_64-cc,
ucrt64,mingw-w64-ucrt-x86_64-eigen3,build-depends-on,mingw-w64-ucrt-x86_64-fc,
ucrt64,mingw-w64-ucrt-x86_64-elisa,build-depends-on,mingw-w64-ucrt-x86_64-cc,
ucrt64,mingw-w64-ucrt-x86_64-elmerfem,build-depends-on,mingw-w64-ucrt-x86_64-cc,
ucrt64,mingw-w64-ucrt-x86_64-elmerfem,build-depends-on,mingw-w64-ucrt-x86_64-fc,
ucrt64,mingw-w64-ucrt-x86_64-elmerfem-mpi,build-depends-on,mingw-w64-ucrt-x86_64-cc,
ucrt64,mingw-w64-ucrt-x86_64-elmerfem-mpi,build-depends-on,mingw-w64-ucrt-x86_64-fc,
ucrt64,mingw-w64-ucrt-x86_64-emacs,build-depends-on,mingw-w64-ucrt-x86_64-cc,
ucrt64,mingw-w64-ucrt-x86_64-emacs-pdf-tools-server,build-depends-on,mingw-w64-ucrt-x86_64-cc,
ucrt64,mingw-w64-ucrt-x86_64-embree,build-depends-on,mingw-w64-ucrt-x86_64-cc,
ucrt64,mingw-w64-ucrt-x86_64-emscripten,build-depends-on,mingw-w64-ucrt-x86_64-cc,
ucrt64,mingw-w64-ucrt-x86_64-enca,build-depends-on,mingw-w64-ucrt-x86_64-cc,
ucrt64,mingw-w64-ucrt-x86_64-enchant,build-depends-on,mingw-w64-ucrt-x86_64-cc,
ucrt64,mingw-w64-ucrt-x86_64-enet,build-depends-on,mingw-w64-ucrt-x86_64-cc,
ucrt64,mingw-w64-ucrt-x86_64-engauge-digitizer,build-depends-on,mingw-w64-ucrt-x86_64-cc,
ucrt64,mingw-w64-ucrt-x86_64-ensmallen,build-depends-on,mingw-w64-ucrt-x86_64-cc,
ucrt64,mingw-w64-ucrt-x86_64-enter-tex,build-depends-on,mingw-w64-ucrt-x86_64-cc,
ucrt64,mingw-w64-ucrt-x86_64-entt,build-depends-on,mingw-w64-ucrt-x86_64-cc,
ucrt64,mingw-w64-ucrt-x86_64-entt-docs,build-depends-on,mingw-w64-ucrt-x86_64-cc,
ucrt64,mingw-w64-ucrt-x86_64-eog,build-depends-on,mingw-w64-ucrt-x86_64-cc,
ucrt64,mingw-w64-ucrt-x86_64-eog-plugins,build-depends-on,mingw-w64-ucrt-x86_64-cc,
ucrt64,mingw-w64-ucrt-x86_64-epstool,build-depends-on,mingw-w64-ucrt-x86_64-cc,
ucrt64,mingw-w64-ucrt-x86_64-esbuild,build-depends-on,mingw-w64-ucrt-x86_64-cc,
ucrt64,mingw-w64-ucrt-x86_64-espeak-ng,build-depends-on,mingw-w64-ucrt-x86_64-cc,
ucrt64,mingw-w64-ucrt-x86_64-evince,build-depends-on,mingw-w64-ucrt-x86_64-cc,
ucrt64,mingw-w64-ucrt-x86_64-exiv2,build-depends-on,mingw-w64-ucrt-x86_64-cc,
ucrt64,mingw-w64-ucrt-x86_64-expat,build-depends-on,mingw-w64-ucrt-x86_64-cc,
ucrt64,mingw-w64-ucrt-x86_64-expresscpp,build-depends-on,mingw-w64-ucrt-x86_64-cc,
ucrt64,mingw-w64-ucrt-x86_64-extra-cmake-modules,build-depends-on,mingw-w64-ucrt-x86_64-cc,
ucrt64,mingw-w64-ucrt-x86_64-extremetuxracer,build-depends-on,mingw-w64-ucrt-x86_64-cc,
ucrt64,mingw-w64-ucrt-x86_64-f2c,build-depends-on,mingw-w64-ucrt-x86_64-cc,
ucrt64,mingw-w64-ucrt-x86_64-faac,build-depends-on,mingw-w64-ucrt-x86_64-cc,
ucrt64,mingw-w64-ucrt-x86_64-faad2,build-depends-on,mingw-w64-ucrt-x86_64-cc,
ucrt64,mingw-w64-ucrt-x86_64-fann,build-depends-on,mingw-w64-ucrt-x86_64-cc,
ucrt64,mingw-w64-ucrt-x86_64-farstream,build-depends-on,mingw-w64-ucrt-x86_64-cc,
ucrt64,mingw-w64-ucrt-x86_64-fast_float,build-depends-on,mingw-w64-ucrt-x86_64-cc,
ucrt64,mingw-w64-ucrt-x86_64-fastfetch,build-depends-on,mingw-w64-ucrt-x86_64-cc,
ucrt64,mingw-w64-ucrt-x86_64-fastgltf,build-depends-on,mingw-w64-ucrt-x86_64-cc,
ucrt64,mingw-w64-ucrt-x86_64-fastjar,build-depends-on,mingw-w64-ucrt-x86_64-cc,
ucrt64,mingw-w64-ucrt-x86_64-fcrackzip,build-depends-on,mingw-w64-ucrt-x86_64-cc,
ucrt64,mingw-w64-ucrt-x86_64-fdk-aac,build-depends-on,mingw-w64-ucrt-x86_64-cc,
ucrt64,mingw-w64-ucrt-x86_64-ffcall,build-depends-on,mingw-w64-ucrt-x86_64-cc,
ucrt64,mingw-w64-ucrt-x86_64-ffmpeg,build-depends-on,mingw-w64-ucrt-x86_64-cc,
ucrt64,mingw-w64-ucrt-x86_64-ffms2,build-depends-on,mingw-w64-ucrt-x86_64-cc,
ucrt64,mingw-w64-ucrt-x86_64-ffts,build-depends-on,mingw-w64-ucrt-x86_64-cc,
ucrt64,mingw-w64-ucrt-x86_64-fftw,build-depends-on,mingw-w64-ucrt-x86_64-cc,
ucrt64,mingw-w64-ucrt-x86_64-fgsl,build-depends-on,mingw-w64-ucrt-x86_64-cc,
ucrt64,mingw-w64-ucrt-x86_64-fgsl,build-depends-on,mingw-w64-ucrt-x86_64-fc,
ucrt64,mingw-w64-ucrt-x86_64-file,build-depends-on,mingw-w64-ucrt-x86_64-cc,
ucrt64,mingw-w64-ucrt-x86_64-filezilla,build-depends-on,mingw-w64-ucrt-x86_64-cc,
ucrt64,mingw-w64-ucrt-x86_64-firebird,build-depends-on,mingw-w64-ucrt-x86_64-cc,
ucrt64,mingw-w64-ucrt-x86_64-flac,build-depends-on,mingw-w64-ucrt-x86_64-cc,
ucrt64,mingw-w64-ucrt-x86_64-flameshot,build-depends-on,mingw-w64-ucrt-x86_64-cc,
ucrt64,mingw-w64-ucrt-x86_64-flann,build-depends-on,mingw-w64-ucrt-x86_64-cc,
ucrt64,mingw-w64-ucrt-x86_64-flashrom,build-depends-on,mingw-w64-ucrt-x86_64-cc,
ucrt64,mingw-w64-ucrt-x86_64-flatbuffers,build-depends-on,mingw-w64-ucrt-x86_64-cc,
ucrt64,mingw-w64-ucrt-x86_64-flecs,build-depends-on,mingw-w64-ucrt-x86_64-cc,
ucrt64,mingw-w64-ucrt-x86_64-flecs-docs,build-depends-on,mingw-w64-ucrt-x86_64-cc,
ucrt64,mingw-w64-ucrt-x86_64-flexdll,build-depends-on,mingw-w64-ucrt-x86_64-cc,
ucrt64,mingw-w64-ucrt-x86_64-flexdll-bootstrap,build-depends-on,mingw-w64-ucrt-x86_64-cc,
ucrt64,mingw-w64-ucrt-x86_64-flickcurl,build-depends-on,mingw-w64-ucrt-x86_64-cc,
ucrt64,mingw-w64-ucrt-x86_64-flif,build-depends-on,mingw-w64-ucrt-x86_64-cc,
ucrt64,mingw-w64-ucrt-x86_64-flint,build-depends-on,mingw-w64-ucrt-x86_64-cc,
ucrt64,mingw-w64-ucrt-x86_64-fltk,build-depends-on,mingw-w64-ucrt-x86_64-cc,
ucrt64,mingw-w64-ucrt-x86_64-fltk1.3,build-depends-on,mingw-w64-ucrt-x86_64-cc,
ucrt64,mingw-w64-ucrt-x86_64-fluidsynth,build-depends-on,mingw-w64-ucrt-x86_64-cc,
ucrt64,mingw-w64-ucrt-x86_64-fmt,build-depends-on,mingw-w64-ucrt-x86_64-cc,
ucrt64,mingw-w64-ucrt-x86_64-folly,build-depends-on,mingw-w64-ucrt-x86_64-cc,
ucrt64,mingw-w64-ucrt-x86_64-fontconfig,build-depends-on,mingw-w64-ucrt-x86_64-cc,
ucrt64,mingw-w64-ucrt-x86_64-fontforge,build-depends-on,mingw-w64-ucrt-x86_64-cc,
ucrt64,mingw-w64-ucrt-x86_64-fortran-stdlib,build-depends-on,mingw-w64-ucrt-x86_64-fc,
ucrt64,mingw-w64-ucrt-x86_64-fortune-mod,build-depends-on,mingw-w64-ucrt-x86_64-cc,
ucrt64,mingw-w64-ucrt-x86_64-fossil,build-depends-on,mingw-w64-ucrt-x86_64-cc,
ucrt64,mingw-w64-ucrt-x86_64-fox,build-depends-on,mingw-w64-ucrt-x86_64-cc,
ucrt64,mingw-w64-ucrt-x86_64-fpm,build-depends-on,mingw-w64-ucrt-x86_64-fc,
ucrt64,mingw-w64-ucrt-x86_64-fq,build-depends-on,mingw-w64-ucrt-x86_64-cc,
ucrt64,mingw-w64-ucrt-x86_64-freealut,build-depends-on,mingw-w64-ucrt-x86_64-cc,
ucrt64,mingw-w64-ucrt-x86_64-freecad,build-depends-on,mingw-w64-ucrt-x86_64-cc,
ucrt64,mingw-w64-ucrt-x86_64-freeglut,build-depends-on,mingw-w64-ucrt-x86_64-cc,
ucrt64,mingw-w64-ucrt-x86_64-freeimage,build-depends-on,mingw-w64-ucrt-x86_64-cc,
ucrt64,mingw-w64-ucrt-x86_64-freerdp,build-depends-on,mingw-w64-ucrt-x86_64-cc,
ucrt64,mingw-w64-ucrt-x86_64-freetds,build-depends-on,mingw-w64-ucrt-x86_64-cc,
ucrt64,mingw-w64-ucrt-x86_64-freetype,build-depends-on,mingw-w64-ucrt-x86_64-cc,
ucrt64,mingw-w64-ucrt-x86_64-frei0r-plugins,build-depends-on,mingw-w64-ucrt-x86_64-cc,
ucrt64,mingw-w64-ucrt-x86_64-fribidi,build-depends-on,mingw-w64-ucrt-x86_64-cc,
ucrt64,mingw-w64-ucrt-x86_64-fritzing,build-depends-on,mingw-w64-ucrt-x86_64-cc,
ucrt64,mingw-w64-ucrt-x86_64-frontistr,build-depends-on,mingw-w64-ucrt-x86_64-cc,
ucrt64,mingw-w64-ucrt-x86_64-frontistr,build-depends-on,mingw-w64-ucrt-x86_64-fc,
ucrt64,mingw-w64-ucrt-x86_64-frozen,build-depends-on,mingw-w64-ucrt-x86_64-cc,
ucrt64,mingw-w64-ucrt-x86_64-fswatch,build-depends-on,mingw-w64-ucrt-x86_64-cc,
ucrt64,mingw-w64-ucrt-x86_64-ftgl,build-depends-on,mingw-w64-ucrt-x86_64-cc,
ucrt64,mingw-w64-ucrt-x86_64-ftxui,build-depends-on,mingw-w64-ucrt-x86_64-cc,
ucrt64,mingw-w64-ucrt-x86_64-fxc2,build-depends-on,mingw-w64-ucrt-x86_64-cc,
ucrt64,mingw-w64-ucrt-x86_64-fzf,build-depends-on,mingw-w64-ucrt-x86_64-cc,
ucrt64,mingw-w64-ucrt-x86_64-fzssh,build-depends-on,mingw-w64-ucrt-x86_64-cc,
ucrt64,mingw-w64-ucrt-x86_64-gammaray,build-depends-on,mingw-w64-ucrt-x86_64-cc,
ucrt64,mingw-w64-ucrt-x86_64-gau2grid,build-depends-on,mingw-w64-ucrt-x86_64-cc,
ucrt64,mingw-w64-ucrt-x86_64-gavl,build-depends-on,mingw-w64-ucrt-x86_64-cc,
ucrt64,mingw-w64-ucrt-x86_64-gc,build-depends-on,mingw-w64-ucrt-x86_64-cc,
ucrt64,mingw-w64-ucrt-x86_64-gcab,build-depends-on,mingw-w64-ucrt-x86_64-cc,
ucrt64,mingw-w64-ucrt-x86_64-gdal,build-depends-on,mingw-w64-ucrt-x86_64-cc,
ucrt64,mingw-w64-ucrt-x86_64-gdb,build-depends-on,mingw-w64-ucrt-x86_64-cc,
ucrt64,mingw-w64-ucrt-x86_64-gdb-multiarch,build-depends-on,mingw-w64-ucrt-x86_64-cc,
ucrt64,mingw-w64-ucrt-x86_64-gdbm,build-depends-on,mingw-w64-ucrt-x86_64-cc,
ucrt64,mingw-w64-ucrt-x86_64-gdcm,build-depends-on,mingw-w64-ucrt-x86_64-cc,
ucrt64,mingw-w64-ucrt-x86_64-gdk-pixbuf2,build-depends-on,mingw-w64-ucrt-x86_64-cc,
ucrt64,mingw-w64-ucrt-x86_64-gdk-pixbuf2-docs,build-depends-on,mingw-w64-ucrt-x86_64-cc,
ucrt64,mingw-w64-ucrt-x86_64-gdl,build-depends-on,mingw-w64-ucrt-x86_64-cc,
ucrt64,mingw-w64-ucrt-x86_64-gdu,build-depends-on,mingw-w64-ucrt-x86_64-cc,
ucrt64,mingw-w64-ucrt-x86_64-geany,build-depends-on,mingw-w64-ucrt-x86_64-cc,
ucrt64,mingw-w64-ucrt-x86_64-geany,build-depends-on,mingw-w64-ucrt-x86_64-perl-xml-parser,
ucrt64,mingw-w64-ucrt-x86_64-geany-plugins,build-depends-on,mingw-w64-ucrt-x86_64-cc,
ucrt64,mingw-w64-ucrt-x86_64-gedit,build-depends-on,mingw-w64-ucrt-x86_64-cc,
ucrt64,mingw-w64-ucrt-x86_64-gedit-plugins,build-depends-on,mingw-w64-ucrt-x86_64-cc,
ucrt64,mingw-w64-ucrt-x86_64-gegl,build-depends-on,mingw-w64-ucrt-x86_64-cc,
ucrt64,mingw-w64-ucrt-x86_64-gegl-docs,build-depends-on,mingw-w64-ucrt-x86_64-cc,
ucrt64,mingw-w64-ucrt-x86_64-gemini-cli,build-depends-on,mingw-w64-ucrt-x86_64-cc,
ucrt64,mingw-w64-ucrt-x86_64-genromfs,build-depends-on,mingw-w64-ucrt-x86_64-cc,
ucrt64,mingw-w64-ucrt-x86_64-geocode-glib,build-depends-on,mingw-w64-ucrt-x86_64-cc,
ucrt64,mingw-w64-ucrt-x86_64-geographiclib,build-depends-on,mingw-w64-ucrt-x86_64-cc,
ucrt64,mingw-w64-ucrt-x86_64-geoip,build-depends-on,mingw-w64-ucrt-x86_64-cc,
ucrt64,mingw-w64-ucrt-x86_64-geos,build-depends-on,mingw-w64-ucrt-x86_64-cc,
ucrt64,mingw-w64-ucrt-x86_64-gettext-libtextstyle,build-depends-on,mingw-w64-ucrt-x86_64-cc,
ucrt64,mingw-w64-ucrt-x86_64-gettext-runtime,build-depends-on,mingw-w64-ucrt-x86_64-cc,
ucrt64,mingw-w64-ucrt-x86_64-gettext-tools,build-depends-on,mingw-w64-ucrt-x86_64-cc,
ucrt64,mingw-w64-ucrt-x86_64-gexiv2,build-depends-on,mingw-w64-ucrt-x86_64-cc,
ucrt64,mingw-w64-ucrt-x86_64-gf2x,build-depends-on,mingw-w64-ucrt-x86_64-cc,
ucrt64,mingw-w64-ucrt-x86_64-gflags,build-depends-on,mingw-w64-ucrt-x86_64-cc,
ucrt64,mingw-w64-ucrt-x86_64-ggml,build-depends-on,mingw-w64-ucrt-x86_64-cc,
ucrt64,mingw-w64-ucrt-x86_64-ghdl-llvm,build-depends-on,mingw-w64-ucrt-x86_64-cc,
ucrt64,mingw-w64-ucrt-x86_64-ghdl-mcode,build-depends-on,mingw-w64-ucrt-x86_64-cc,
ucrt64,mingw-w64-ucrt-x86_64-ghex,build-depends-on,mingw-w64-ucrt-x86_64-cc,
ucrt64,mingw-w64-ucrt-x86_64-ghostscript,build-depends-on,mingw-w64-ucrt-x86_64-cc,
ucrt64,mingw-w64-ucrt-x86_64-gi-docgen,build-depends-on,mingw-w64-ucrt-x86_64-cc,
ucrt64,mingw-w64-ucrt-x86_64-giflib,build-depends-on,mingw-w64-ucrt-x86_64-cc,
ucrt64,mingw-w64-ucrt-x86_64-gimp,build-depends-on,mingw-w64-ucrt-x86_64-cc,
ucrt64,mingw-w64-ucrt-x86_64-ginkgo,build-depends-on,mingw-w64-ucrt-x86_64-cc,
ucrt64,mingw-w64-ucrt-x86_64-git,build-depends-on,mingw-w64-ucrt-x86_64-cc,
ucrt64,mingw-w64-ucrt-x86_64-git-archimport,build-depends-on,mingw-w64-ucrt-x86_64-cc,
ucrt64,mingw-w64-ucrt-x86_64-git-credential-wincred,build-depends-on,mingw-w64-ucrt-x86_64-cc,
ucrt64,mingw-w64-ucrt-x86_64-git-cvs,build-depends-on,mingw-w64-ucrt-x86_64-cc,
ucrt64,mingw-w64-ucrt-x86_64-git-doc-html,build-depends-on,mingw-w64-ucrt-x86_64-cc,
ucrt64,mingw-w64-ucrt-x86_64-git-doc-man,build-depends-on,mingw-w64-ucrt-x86_64-cc,
ucrt64,mingw-w64-ucrt-x86_64-git-for-windows-addons,build-depends-on,mingw-w64-ucrt-x86_64-cc,
ucrt64,mingw-w64-ucrt-x86_64-git-gui,build-depends-on,mingw-w64-ucrt-x86_64-cc,
ucrt64,mingw-w64-ucrt-x86_64-git-p4,build-depends-on,mingw-w64-ucrt-x86_64-cc,
ucrt64,mingw-w64-ucrt-x86_64-git-perl,build-depends-on,mingw-w64-ucrt-x86_64-cc,
ucrt64,mingw-w64-ucrt-x86_64-git-send-email,build-depends-on,mingw-w64-ucrt-x86_64-cc,
ucrt64,mingw-w64-ucrt-x86_64-git-subtree,build-depends-on,mingw-w64-ucrt-x86_64-cc,
ucrt64,mingw-w64-ucrt-x86_64-git-svn,build-depends-on,mingw-w64-ucrt-x86_64-cc,
ucrt64,mingw-w64-ucrt-x86_64-gitg,build-depends-on,mingw-w64-ucrt-x86_64-cc,
ucrt64,mingw-w64-ucrt-x86_64-github-cli,build-depends-on,mingw-w64-ucrt-x86_64-cc,
ucrt64,mingw-w64-ucrt-x86_64-gitk,build-depends-on,mingw-w64-ucrt-x86_64-cc,
ucrt64,mingw-w64-ucrt-x86_64-gitweb,build-depends-on,mingw-w64-ucrt-x86_64-cc,
ucrt64,mingw-w64-ucrt-x86_64-gl2ps,build-depends-on,mingw-w64-ucrt-x86_64-cc,
ucrt64,mingw-w64-ucrt-x86_64-glab,build-depends-on,mingw-w64-ucrt-x86_64-cc,
ucrt64,mingw-w64-ucrt-x86_64-glade,build-depends-on,mingw-w64-ucrt-x86_64-cc,
ucrt64,mingw-w64-ucrt-x86_64-glaze,build-depends-on,mingw-w64-ucrt-x86_64-cc,
ucrt64,mingw-w64-ucrt-x86_64-glbinding,build-depends-on,mingw-w64-ucrt-x86_64-cc,
ucrt64,mingw-w64-ucrt-x86_64-glew,build-depends-on,mingw-w64-ucrt-x86_64-cc,
ucrt64,mingw-w64-ucrt-x86_64-glfw,build-depends-on,mingw-w64-ucrt-x86_64-cc,
ucrt64,mingw-w64-ucrt-x86_64-glfw-docs,build-depends-on,mingw-w64-ucrt-x86_64-cc,
ucrt64,mingw-w64-ucrt-x86_64-glib-networking,build-depends-on,mingw-w64-ucrt-x86_64-cc,
ucrt64,mingw-w64-ucrt-x86_64-glib2,build-depends-on,mingw-w64-ucrt-x86_64-cc,
ucrt64,mingw-w64-ucrt-x86_64-glibmm,build-depends-on,mingw-w64-ucrt-x86_64-cc,
ucrt64,mingw-w64-ucrt-x86_64-glibmm-2.68,build-depends-on,mingw-w64-ucrt-x86_64-cc,
ucrt64,mingw-w64-ucrt-x86_64-glm,build-depends-on,mingw-w64-ucrt-x86_64-cc,
ucrt64,mingw-w64-ucrt-x86_64-global,build-depends-on,mingw-w64-ucrt-x86_64-cc,
ucrt64,mingw-w64-ucrt-x86_64-globjects,build-depends-on,mingw-w64-ucrt-x86_64-cc,
ucrt64,mingw-w64-ucrt-x86_64-glog,build-depends-on,mingw-w64-ucrt-x86_64-cc,
ucrt64,mingw-w64-ucrt-x86_64-glpk,build-depends-on,mingw-w64-ucrt-x86_64-cc,
ucrt64,mingw-w64-ucrt-x86_64-glsl-optimizer,build-depends-on,mingw-w64-ucrt-x86_64-cc,
ucrt64,mingw-w64-ucrt-x86_64-glslang,build-depends-on,mingw-w64-ucrt-x86_64-cc,
ucrt64,mingw-w64-ucrt-x86_64-glslviewer,build-depends-on,mingw-w64-ucrt-x86_64-cc,
ucrt64,mingw-w64-ucrt-x86_64-gmic,build-depends-on,mingw-w64-ucrt-x86_64-cc,
ucrt64,mingw-w64-ucrt-x86_64-gmime,build-depends-on,mingw-w64-ucrt-x86_64-cc,
ucrt64,mingw-w64-ucrt-x86_64-gmp,build-depends-on,mingw-w64-ucrt-x86_64-cc,
ucrt64,mingw-w64-ucrt-x86_64-gmsh,build-depends-on,mingw-w64-ucrt-x86_64-cc,
ucrt64,mingw-w64-ucrt-x86_64-gn,build-depends-on,mingw-w64-ucrt-x86_64-cc,
ucrt64,mingw-w64-ucrt-x86_64-gnatcoll-gmp,build-depends-on,mingw-w64-ucrt-x86_64-omp,
ucrt64,mingw-w64-ucrt-x86_64-gnatcoll-iconv,build-depends-on,mingw-w64-ucrt-x86_64-omp,
ucrt64,mingw-w64-ucrt-x86_64-gnatcoll-lzma,build-depends-on,mingw-w64-ucrt-x86_64-omp,
ucrt64,mingw-w64-ucrt-x86_64-gnatcoll-omp,build-depends-on,mingw-w64-ucrt-x86_64-omp,
ucrt64,mingw-w64-ucrt-x86_64-gnatcoll-python,build-depends-on,mingw-w64-ucrt-x86_64-omp,
ucrt64,mingw-w64-ucrt-x86_64-gnatcoll-readline,build-depends-on,mingw-w64-ucrt-x86_64-omp,
ucrt64,mingw-w64-ucrt-x86_64-gnatcoll-zlib,build-depends-on,mingw-w64-ucrt-x86_64-omp,
ucrt64,mingw-w64-ucrt-x86_64-gnome-calculator,build-depends-on,mingw-w64-ucrt-x86_64-cc,
ucrt64,mingw-w64-ucrt-x86_64-gnome-text-editor,build-depends-on,mingw-w64-ucrt-x86_64-cc,
ucrt64,mingw-w64-ucrt-x86_64-gnumeric,build-depends-on,mingw-w64-ucrt-x86_64-cc,
ucrt64,mingw-w64-ucrt-x86_64-gnupg,build-depends-on,mingw-w64-ucrt-x86_64-cc,
ucrt64,mingw-w64-ucrt-x86_64-gnuplot,build-depends-on,mingw-w64-ucrt-x86_64-cc,
ucrt64,mingw-w64-ucrt-x86_64-gnuradio,build-depends-on,mingw-w64-ucrt-x86_64-cc,
ucrt64,mingw-w64-ucrt-x86_64-gnutls,build-depends-on,mingw-w64-ucrt-x86_64-cc,
ucrt64,mingw-w64-ucrt-x86_64-go,build-depends-on,mingw-w64-ucrt-x86_64-cc,
ucrt64,mingw-w64-ucrt-x86_64-gobject-introspection,build-depends-on,mingw-w64-ucrt-x86_64-cc,
ucrt64,mingw-w64-ucrt-x86_64-gobject-introspection-runtime,build-depends-on,mingw-w64-ucrt-x86_64-cc,
ucrt64,mingw-w64-ucrt-x86_64-godot,build-depends-on,mingw-w64-ucrt-x86_64-cc,
ucrt64,mingw-w64-ucrt-x86_64-godot-cpp,build-depends-on,mingw-w64-ucrt-x86_64-cc,
ucrt64,mingw-w64-ucrt-x86_64-goffice,build-depends-on,mingw-w64-ucrt-x86_64-cc,
ucrt64,mingw-w64-ucrt-x86_64-gojq,build-depends-on,mingw-w64-ucrt-x86_64-cc,
ucrt64,mingw-w64-ucrt-x86_64-goocanvas,build-depends-on,mingw-w64-ucrt-x86_64-cc,
ucrt64,mingw-w64-ucrt-x86_64-goxel,build-depends-on,mingw-w64-ucrt-x86_64-cc,
ucrt64,mingw-w64-ucrt-x86_64-gperf,build-depends-on,mingw-w64-ucrt-x86_64-cc,
ucrt64,mingw-w64-ucrt-x86_64-gpgme,build-depends-on,mingw-w64-ucrt-x86_64-cc,
ucrt64,mingw-w64-ucrt-x86_64-gphoto2,build-depends-on,mingw-w64-ucrt-x86_64-cc,
ucrt64,mingw-w64-ucrt-x86_64-gplugin,build-depends-on,mingw-w64-ucrt-x86_64-cc,
ucrt64,mingw-w64-ucrt-x86_64-gplugin,build-depends-on,mingw-w64-ucrt-x86_64-gettext,
ucrt64,mingw-w64-ucrt-x86_64-gprbuild,build-depends-on,mingw-w64-ucrt-x86_64-gprbuild-bootstrap-git,
ucrt64,mingw-w64-ucrt-x86_64-gptfdisk,build-depends-on,mingw-w64-ucrt-x86_64-cc,
ucrt64,mingw-w64-ucrt-x86_64-gputils,build-depends-on,mingw-w64-ucrt-x86_64-cc,
ucrt64,mingw-w64-ucrt-x86_64-gr,build-depends-on,mingw-w64-ucrt-x86_64-cc,
ucrt64,mingw-w64-ucrt-x86_64-granite,build-depends-on,mingw-w64-ucrt-x86_64-cc,
ucrt64,mingw-w64-ucrt-x86_64-granite7,build-depends-on,mingw-w64-ucrt-x86_64-cc,
ucrt64,mingw-w64-ucrt-x86_64-grantlee,build-depends-on,mingw-w64-ucrt-x86_64-cc,
ucrt64,mingw-w64-ucrt-x86_64-graphene,build-depends-on,mingw-w64-ucrt-x86_64-cc,
ucrt64,mingw-w64-ucrt-x86_64-graphicsmagick,build-depends-on,mingw-w64-ucrt-x86_64-cc,
ucrt64,mingw-w64-ucrt-x86_64-graphite2,build-depends-on,mingw-w64-ucrt-x86_64-cc,
ucrt64,mingw-w64-ucrt-x86_64-graphviz,build-depends-on,mingw-w64-ucrt-x86_64-cc,
ucrt64,mingw-w64-ucrt-x86_64-graphviz-docs,build-depends-on,mingw-w64-ucrt-x86_64-cc,
ucrt64,mingw-w64-ucrt-x86_64-grep,build-depends-on,mingw-w64-ucrt-x86_64-cc,
ucrt64,mingw-w64-ucrt-x86_64-gromacs,build-depends-on,mingw-w64-ucrt-x86_64-cc,
ucrt64,mingw-w64-ucrt-x86_64-groonga,build-depends-on,mingw-w64-ucrt-x86_64-cc,
ucrt64,mingw-w64-ucrt-x86_64-groonga,build-depends-on,mingw-w64-ucrt-x86_64-omp,
ucrt64,mingw-w64-ucrt-x86_64-grpc,build-depends-on,mingw-w64-ucrt-x86_64-cc,
ucrt64,mingw-w64-ucrt-x86_64-grype,build-depends-on,mingw-w64-ucrt-x86_64-cc,
ucrt64,mingw-w64-ucrt-x86_64-gsasl,build-depends-on,mingw-w64-ucrt-x86_64-cc,
ucrt64,mingw-w64-ucrt-x86_64-gsettings-desktop-schemas,build-depends-on,mingw-w64-ucrt-x86_64-cc,
ucrt64,mingw-w64-ucrt-x86_64-gsl,build-depends-on,mingw-w64-ucrt-x86_64-cc,
ucrt64,mingw-w64-ucrt-x86_64-gsl-lite,build-depends-on,mingw-w64-ucrt-x86_64-cc,
ucrt64,mingw-w64-ucrt-x86_64-gsm,build-depends-on,mingw-w64-ucrt-x86_64-cc,
ucrt64,mingw-w64-ucrt-x86_64-gsoap,build-depends-on,mingw-w64-ucrt-x86_64-cc,
ucrt64,mingw-w64-ucrt-x86_64-gspell,build-depends-on,mingw-w64-ucrt-x86_64-cc,
ucrt64,mingw-w64-ucrt-x86_64-gss,build-depends-on,mingw-w64-ucrt-x86_64-cc,
ucrt64,mingw-w64-ucrt-x86_64-gssdp,build-depends-on,mingw-w64-ucrt-x86_64-cc,
ucrt64,mingw-w64-ucrt-x86_64-gssdp-docs,build-depends-on,mingw-w64-ucrt-x86_64-cc,
ucrt64,mingw-w64-ucrt-x86_64-gst-devtools,build-depends-on,mingw-w64-ucrt-x86_64-cc,
ucrt64,mingw-w64-ucrt-x86_64-gst-editing-services,build-depends-on,mingw-w64-ucrt-x86_64-cc,
ucrt64,mingw-w64-ucrt-x86_64-gst-libav,build-depends-on,mingw-w64-ucrt-x86_64-cc,
ucrt64,mingw-w64-ucrt-x86_64-gst-plugin-gtk,build-depends-on,mingw-w64-ucrt-x86_64-cc,
ucrt64,mingw-w64-ucrt-x86_64-gst-plugin-opencv,build-depends-on,mingw-w64-ucrt-x86_64-cc,
ucrt64,mingw-w64-ucrt-x86_64-gst-plugin-opencv,build-depends-on,mingw-w64-ucrt-x86_64-libjpeg,
ucrt64,mingw-w64-ucrt-x86_64-gst-plugins-bad,build-depends-on,mingw-w64-ucrt-x86_64-cc,
ucrt64,mingw-w64-ucrt-x86_64-gst-plugins-bad,build-depends-on,mingw-w64-ucrt-x86_64-libjpeg,
ucrt64,mingw-w64-ucrt-x86_64-gst-plugins-bad-libs,build-depends-on,mingw-w64-ucrt-x86_64-cc,
ucrt64,mingw-w64-ucrt-x86_64-gst-plugins-bad-libs,build-depends-on,mingw-w64-ucrt-x86_64-libjpeg,
ucrt64,mingw-w64-ucrt-x86_64-gst-plugins-base,build-depends-on,mingw-w64-ucrt-x86_64-cc,
ucrt64,mingw-w64-ucrt-x86_64-gst-plugins-good,build-depends-on,mingw-w64-ucrt-x86_64-cc,
ucrt64,mingw-w64-ucrt-x86_64-gst-plugins-ugly,build-depends-on,mingw-w64-ucrt-x86_64-cc,
ucrt64,mingw-w64-ucrt-x86_64-gst-python,build-depends-on,mingw-w64-ucrt-x86_64-cc,
ucrt64,mingw-w64-ucrt-x86_64-gst-rtsp-server,build-depends-on,mingw-w64-ucrt-x86_64-cc,
ucrt64,mingw-w64-ucrt-x86_64-gstreamer,build-depends-on,mingw-w64-ucrt-x86_64-cc,
ucrt64,mingw-w64-ucrt-x86_64-gtest,build-depends-on,mingw-w64-ucrt-x86_64-cc,
ucrt64,mingw-w64-ucrt-x86_64-gtk-doc,build-depends-on,mingw-w64-ucrt-x86_64-cc,
ucrt64,mingw-w64-ucrt-x86_64-gtk-update-icon-cache,build-depends-on,mingw-w64-ucrt-x86_64-cc,
ucrt64,mingw-w64-ucrt-x86_64-gtk-vnc,build-depends-on,mingw-w64-ucrt-x86_64-cc,
ucrt64,mingw-w64-ucrt-x86_64-gtk2,build-depends-on,mingw-w64-ucrt-x86_64-cc,
ucrt64,mingw-w64-ucrt-x86_64-gtk3,build-depends-on,mingw-w64-ucrt-x86_64-cc,
ucrt64,mingw-w64-ucrt-x86_64-gtk4,build-depends-on,mingw-w64-ucrt-x86_64-cc,
ucrt64,mingw-w64-ucrt-x86_64-gtkdatabox,build-depends-on,mingw-w64-ucrt-x86_64-cc,
ucrt64,mingw-w64-ucrt-x86_64-gtkmm-4.0,build-depends-on,mingw-w64-ucrt-x86_64-cc,
ucrt64,mingw-w64-ucrt-x86_64-gtkmm3,build-depends-on,mingw-w64-ucrt-x86_64-cc,
ucrt64,mingw-w64-ucrt-x86_64-gtksourceview3,build-depends-on,mingw-w64-ucrt-x86_64-cc,
ucrt64,mingw-w64-ucrt-x86_64-gtksourceview4,build-depends-on,mingw-w64-ucrt-x86_64-cc,
ucrt64,mingw-w64-ucrt-x86_64-gtksourceview5,build-depends-on,mingw-w64-ucrt-x86_64-cc,
ucrt64,mingw-w64-ucrt-x86_64-gtksourceviewmm3,build-depends-on,mingw-w64-ucrt-x86_64-cc,
ucrt64,mingw-w64-ucrt-x86_64-gtkspell3,build-depends-on,mingw-w64-ucrt-x86_64-cc,
ucrt64,mingw-w64-ucrt-x86_64-gtkwave,build-depends-on,mingw-w64-ucrt-x86_64-cc,
ucrt64,mingw-w64-ucrt-x86_64-gtkwave,build-depends-on,perlxml,
ucrt64,mingw-w64-ucrt-x86_64-gts,build-depends-on,mingw-w64-ucrt-x86_64-cc,
ucrt64,mingw-w64-ucrt-x86_64-gumbo-parser,build-depends-on,mingw-w64-ucrt-x86_64-cc,
ucrt64,mingw-w64-ucrt-x86_64-gxml,build-depends-on,mingw-w64-ucrt-x86_64-cc,
ucrt64,mingw-w64-ucrt-x86_64-hackrf,build-depends-on,mingw-w64-ucrt-x86_64-cc,
ucrt64,mingw-w64-ucrt-x86_64-handbrake,build-depends-on,mingw-w64-ucrt-x86_64-cc,
ucrt64,mingw-w64-ucrt-x86_64-harfbuzz,build-depends-on,mingw-w64-ucrt-x86_64-cc,
ucrt64,mingw-w64-ucrt-x86_64-harfbuzz-cairo,build-depends-on,mingw-w64-ucrt-x86_64-cc,
ucrt64,mingw-w64-ucrt-x86_64-harfbuzz-docs,build-depends-on,mingw-w64-ucrt-x86_64-cc,
ucrt64,mingw-w64-ucrt-x86_64-harfbuzz-icu,build-depends-on,mingw-w64-ucrt-x86_64-cc,
ucrt64,mingw-w64-ucrt-x86_64-harfbuzz-utils,build-depends-on,mingw-w64-ucrt-x86_64-cc,
ucrt64,mingw-w64-ucrt-x86_64-hclient,build-depends-on,mingw-w64-ucrt-x86_64-cc,
ucrt64,mingw-w64-ucrt-x86_64-hdf4,build-depends-on,mingw-w64-ucrt-x86_64-cc,
ucrt64,mingw-w64-ucrt-x86_64-hdf4,build-depends-on,mingw-w64-ucrt-x86_64-fc,
ucrt64,mingw-w64-ucrt-x86_64-hdf5,build-depends-on,mingw-w64-ucrt-x86_64-cc,
ucrt64,mingw-w64-ucrt-x86_64-hdf5,build-depends-on,mingw-w64-ucrt-x86_64-fc,
ucrt64,mingw-w64-ucrt-x86_64-heimdall,build-depends-on,mingw-w64-ucrt-x86_64-cc,
ucrt64,mingw-w64-ucrt-x86_64-helics,build-depends-on,mingw-w64-ucrt-x86_64-cc,
ucrt64,mingw-w64-ucrt-x86_64-hexchat,build-depends-on,mingw-w64-ucrt-x86_64-cc,
ucrt64,mingw-w64-ucrt-x86_64-hid-bootloader-cli,build-depends-on,mingw-w64-ucrt-x86_64-cc,
ucrt64,mingw-w64-ucrt-x86_64-hidapi,build-depends-on,mingw-w64-ucrt-x86_64-cc,
ucrt64,mingw-w64-ucrt-x86_64-hidapitester,build-depends-on,mingw-w64-ucrt-x86_64-cc,
ucrt64,mingw-w64-ucrt-x86_64-highfive,build-depends-on,mingw-w64-ucrt-x86_64-cc,
ucrt64,mingw-w64-ucrt-x86_64-highlight,build-depends-on,mingw-w64-ucrt-x86_64-cc,
ucrt64,mingw-w64-ucrt-x86_64-highs,build-depends-on,mingw-w64-ucrt-x86_64-cc,
ucrt64,mingw-w64-ucrt-x86_64-highs,build-depends-on,mingw-w64-ucrt-x86_64-fc,
ucrt64,mingw-w64-ucrt-x86_64-highway,build-depends-on,mingw-w64-ucrt-x86_64-cc,
ucrt64,mingw-w64-ucrt-x86_64-hiredis,build-depends-on,mingw-w64-ucrt-x86_64-cc,
ucrt64,mingw-w64-ucrt-x86_64-hlsl2glsl,build-depends-on,mingw-w64-ucrt-x86_64-cc,
ucrt64,mingw-w64-ucrt-x86_64-htslib,build-depends-on,mingw-w64-ucrt-x86_64-cc,
ucrt64,mingw-w64-ucrt-x86_64-http-parser,build-depends-on,mingw-w64-ucrt-x86_64-cc,
ucrt64,mingw-w64-ucrt-x86_64-hugo,build-depends-on,mingw-w64-ucrt-x86_64-cc,
ucrt64,mingw-w64-ucrt-x86_64-hunspell,build-depends-on,mingw-w64-ucrt-x86_64-cc,
ucrt64,mingw-w64-ucrt-x86_64-hwloc,build-depends-on,mingw-w64-ucrt-x86_64-cc,
ucrt64,mingw-w64-ucrt-x86_64-hyphen,build-depends-on,mingw-w64-ucrt-x86_64-cc,
ucrt64,mingw-w64-ucrt-x86_64-hyphen-en,build-depends-on,mingw-w64-ucrt-x86_64-cc,
ucrt64,mingw-w64-ucrt-x86_64-hypre,build-depends-on,mingw-w64-ucrt-x86_64-cc,
ucrt64,mingw-w64-ucrt-x86_64-i2pd,build-depends-on,mingw-w64-ucrt-x86_64-cc,
ucrt64,mingw-w64-ucrt-x86_64-icesprog,build-depends-on,mingw-w64-ucrt-x86_64-cc,
ucrt64,mingw-w64-ucrt-x86_64-icestorm,build-depends-on,mingw-w64-ucrt-x86_64-cc,
ucrt64,mingw-w64-ucrt-x86_64-iconv,build-depends-on,mingw-w64-ucrt-x86_64-cc,
ucrt64,mingw-w64-ucrt-x86_64-icoutils,build-depends-on,mingw-w64-ucrt-x86_64-cc,
ucrt64,mingw-w64-ucrt-x86_64-icu,build-depends-on,mingw-w64-ucrt-x86_64-cc,
ucrt64,mingw-w64-ucrt-x86_64-id3lib,build-depends-on,mingw-w64-ucrt-x86_64-cc,
ucrt64,mingw-w64-ucrt-x86_64-ideviceinstaller,build-depends-on,mingw-w64-ucrt-x86_64-cc,
ucrt64,mingw-w64-ucrt-x86_64-idevicerestore,build-depends-on,mingw-w64-ucrt-x86_64-cc,
ucrt64,mingw-w64-ucrt-x86_64-ifcopenshell,build-depends-on,mingw-w64-ucrt-x86_64-cc,
ucrt64,mingw-w64-ucrt-x86_64-igraph,build-depends-on,mingw-w64-ucrt-x86_64-cc,
ucrt64,mingw-w64-ucrt-x86_64-iir,build-depends-on,mingw-w64-ucrt-x86_64-cc,
ucrt64,mingw-w64-ucrt-x86_64-imagemagick,build-depends-on,mingw-w64-ucrt-x86_64-cc,
ucrt64,mingw-w64-ucrt-x86_64-imagemagick-docs,build-depends-on,mingw-w64-ucrt-x86_64-cc,
ucrt64,mingw-w64-ucrt-x86_64-imath,build-depends-on,mingw-w64-ucrt-x86_64-cc,
ucrt64,mingw-w64-ucrt-x86_64-iml,build-depends-on,mingw-w64-ucrt-x86_64-cc,
ucrt64,mingw-w64-ucrt-x86_64-immer,build-depends-on,mingw-w64-ucrt-x86_64-cc,
ucrt64,mingw-w64-ucrt-x86_64-include-what-you-use,build-depends-on,mingw-w64-ucrt-x86_64-cc,
ucrt64,mingw-w64-ucrt-x86_64-indent,build-depends-on,mingw-w64-ucrt-x86_64-cc,
ucrt64,mingw-w64-ucrt-x86_64-inja,build-depends-on,mingw-w64-ucrt-x86_64-cc,
ucrt64,mingw-w64-ucrt-x86_64-inkscape,build-depends-on,mingw-w64-ucrt-x86_64-cc,
ucrt64,mingw-w64-ucrt-x86_64-innoextract,build-depends-on,mingw-w64-ucrt-x86_64-cc,
ucrt64,mingw-w64-ucrt-x86_64-intel-xed,build-depends-on,mingw-w64-ucrt-x86_64-cc,
ucrt64,mingw-w64-ucrt-x86_64-irrlicht,build-depends-on,mingw-w64-ucrt-x86_64-cc,
ucrt64,mingw-w64-ucrt-x86_64-is_utf8,build-depends-on,mingw-w64-ucrt-x86_64-cc,
ucrt64,mingw-w64-ucrt-x86_64-isa-l,build-depends-on,mingw-w64-ucrt-x86_64-cc,
ucrt64,mingw-w64-ucrt-x86_64-isl,build-depends-on,mingw-w64-ucrt-x86_64-cc,
ucrt64,mingw-w64-ucrt-x86_64-ispc,build-depends-on,mingw-w64-ucrt-x86_64-cc,
ucrt64,mingw-w64-ucrt-x86_64-itk,build-depends-on,mingw-w64-ucrt-x86_64-cc,
ucrt64,mingw-w64-ucrt-x86_64-itstool,build-depends-on,mingw-w64-ucrt-x86_64-cc,
ucrt64,mingw-w64-ucrt-x86_64-iverilog,build-depends-on,mingw-w64-ucrt-x86_64-cc,
ucrt64,mingw-w64-ucrt-x86_64-ixion,build-depends-on,mingw-w64-ucrt-x86_64-cc,
ucrt64,mingw-w64-ucrt-x86_64-jack2,build-depends-on,mingw-w64-ucrt-x86_64-cc,
ucrt64,mingw-w64-ucrt-x86_64-jansson,build-depends-on,mingw-w64-ucrt-x86_64-cc,
ucrt64,mingw-w64-ucrt-x86_64-jasper,build-depends-on,mingw-w64-ucrt-x86_64-cc,
ucrt64,mingw-w64-ucrt-x86_64-jasper-docs,build-depends-on,mingw-w64-ucrt-x86_64-cc,
ucrt64,mingw-w64-ucrt-x86_64-jbig2dec,build-depends-on,mingw-w64-ucrt-x86_64-cc,
ucrt64,mingw-w64-ucrt-x86_64-jbigkit,build-depends-on,mingw-w64-ucrt-x86_64-cc,
ucrt64,mingw-w64-ucrt-x86_64-jemalloc,build-depends-on,mingw-w64-ucrt-x86_64-cc,
ucrt64,mingw-w64-ucrt-x86_64-jkqtplotter,build-depends-on,mingw-w64-ucrt-x86_64-cc,
ucrt64,mingw-w64-ucrt-x86_64-jo,build-depends-on,mingw-w64-ucrt-x86_64-cc,
ucrt64,mingw-w64-ucrt-x86_64-jolt-physics,build-depends-on,mingw-w64-ucrt-x86_64-cc,
ucrt64,mingw-w64-ucrt-x86_64-jom,build-depends-on,mingw-w64-ucrt-x86_64-cc,
ucrt64,mingw-w64-ucrt-x86_64-jp2-pixbuf-loader,build-depends-on,mingw-w64-ucrt-x86_64-cc,
ucrt64,mingw-w64-ucrt-x86_64-jpegoptim,build-depends-on,mingw-w64-ucrt-x86_64-cc,
ucrt64,mingw-w64-ucrt-x86_64-jq,build-depends-on,mingw-w64-ucrt-x86_64-cc,
ucrt64,mingw-w64-ucrt-x86_64-jq-lsp,build-depends-on,mingw-w64-ucrt-x86_64-cc,
ucrt64,mingw-w64-ucrt-x86_64-json-c,build-depends-on,mingw-w64-ucrt-x86_64-cc,
ucrt64,mingw-w64-ucrt-x86_64-json-fortran,build-depends-on,mingw-w64-ucrt-x86_64-fc,
ucrt64,mingw-w64-ucrt-x86_64-json-glib,build-depends-on,mingw-w64-ucrt-x86_64-cc,
ucrt64,mingw-w64-ucrt-x86_64-json-schema-validator,build-depends-on,mingw-w64-ucrt-x86_64-cc,
ucrt64,mingw-w64-ucrt-x86_64-jsoncpp,build-depends-on,mingw-w64-ucrt-x86_64-cc,
ucrt64,mingw-w64-ucrt-x86_64-jsonnet,build-depends-on,mingw-w64-ucrt-x86_64-cc,
ucrt64,mingw-w64-ucrt-x86_64-jsonrpc-glib,build-depends-on,mingw-w64-ucrt-x86_64-cc,
ucrt64,mingw-w64-ucrt-x86_64-jsonrpc-glib-docs,build-depends-on,mingw-w64-ucrt-x86_64-cc,
ucrt64,mingw-w64-ucrt-x86_64-judy,build-depends-on,mingw-w64-ucrt-x86_64-cc,
ucrt64,mingw-w64-ucrt-x86_64-jxrlib,build-depends-on,mingw-w64-ucrt-x86_64-cc,
ucrt64,mingw-w64-ucrt-x86_64-karchive,build-depends-on,mingw-w64-ucrt-x86_64-cc,
ucrt64,mingw-w64-ucrt-x86_64-kate,build-depends-on,mingw-w64-ucrt-x86_64-cc,
ucrt64,mingw-w64-ucrt-x86_64-kate-wakatime,build-depends-on,mingw-w64-ucrt-x86_64-cc,
ucrt64,mingw-w64-ucrt-x86_64-kbookmarks,build-depends-on,mingw-w64-ucrt-x86_64-cc,
ucrt64,mingw-w64-ucrt-x86_64-kcachegrind,build-depends-on,mingw-w64-ucrt-x86_64-cc,
ucrt64,mingw-w64-ucrt-x86_64-kcmutils,build-depends-on,mingw-w64-ucrt-x86_64-cc,
ucrt64,mingw-w64-ucrt-x86_64-kcodecs,build-depends-on,mingw-w64-ucrt-x86_64-cc,
ucrt64,mingw-w64-ucrt-x86_64-kcolorscheme,build-depends-on,mingw-w64-ucrt-x86_64-cc,
ucrt64,mingw-w64-ucrt-x86_64-kcompletion,build-depends-on,mingw-w64-ucrt-x86_64-cc,
ucrt64,mingw-w64-ucrt-x86_64-kconfig,build-depends-on,mingw-w64-ucrt-x86_64-cc,
ucrt64,mingw-w64-ucrt-x86_64-kconfigwidgets,build-depends-on,mingw-w64-ucrt-x86_64-cc,
ucrt64,mingw-w64-ucrt-x86_64-kcontacts,build-depends-on,mingw-w64-ucrt-x86_64-cc,
ucrt64,mingw-w64-ucrt-x86_64-kcoreaddons,build-depends-on,mingw-w64-ucrt-x86_64-cc,
ucrt64,mingw-w64-ucrt-x86_64-kcrash,build-depends-on,mingw-w64-ucrt-x86_64-cc,
ucrt64,mingw-w64-ucrt-x86_64-kdbusaddons,build-depends-on,mingw-w64-ucrt-x86_64-cc,
ucrt64,mingw-w64-ucrt-x86_64-kddockwidgets,build-depends-on,mingw-w64-ucrt-x86_64-cc,
ucrt64,mingw-w64-ucrt-x86_64-kdeclarative,build-depends-on,mingw-w64-ucrt-x86_64-cc,
ucrt64,mingw-w64-ucrt-x86_64-kdeconnect,build-depends-on,mingw-w64-ucrt-x86_64-cc,
ucrt64,mingw-w64-ucrt-x86_64-kdegraphics-mobipocket,build-depends-on,mingw-w64-ucrt-x86_64-cc,
ucrt64,mingw-w64-ucrt-x86_64-kdenlive,build-depends-on,mingw-w64-ucrt-x86_64-cc,
ucrt64,mingw-w64-ucrt-x86_64-kdiagram,build-depends-on,mingw-w64-ucrt-x86_64-cc,
ucrt64,mingw-w64-ucrt-x86_64-kdiff3,build-depends-on,mingw-w64-ucrt-x86_64-cc,
ucrt64,mingw-w64-ucrt-x86_64-kdnssd,build-depends-on,mingw-w64-ucrt-x86_64-cc,
ucrt64,mingw-w64-ucrt-x86_64-kdoctools,build-depends-on,mingw-w64-ucrt-x86_64-cc,
ucrt64,mingw-w64-ucrt-x86_64-kdsingleapplication,build-depends-on,mingw-w64-ucrt-x86_64-cc,
ucrt64,mingw-w64-ucrt-x86_64-kdstatemachineeditor,build-depends-on,mingw-w64-ucrt-x86_64-cc,
ucrt64,mingw-w64-ucrt-x86_64-keepassxc,build-depends-on,mingw-w64-ucrt-x86_64-cc,
ucrt64,mingw-w64-ucrt-x86_64-keystone,build-depends-on,mingw-w64-ucrt-x86_64-cc,
ucrt64,mingw-w64-ucrt-x86_64-kfilemetadata,build-depends-on,mingw-w64-ucrt-x86_64-cc,
ucrt64,mingw-w64-ucrt-x86_64-kglobalaccel,build-depends-on,mingw-w64-ucrt-x86_64-cc,
ucrt64,mingw-w64-ucrt-x86_64-kguiaddons,build-depends-on,mingw-w64-ucrt-x86_64-cc,
ucrt64,mingw-w64-ucrt-x86_64-kholidays,build-depends-on,mingw-w64-ucrt-x86_64-cc,
ucrt64,mingw-w64-ucrt-x86_64-ki18n,build-depends-on,mingw-w64-ucrt-x86_64-cc,
ucrt64,mingw-w64-ucrt-x86_64-kicad,build-depends-on,mingw-w64-ucrt-x86_64-cc,
ucrt64,mingw-w64-ucrt-x86_64-kicad-demos,build-depends-on,mingw-w64-ucrt-x86_64-cc,
ucrt64,mingw-w64-ucrt-x86_64-kicad-meta,build-depends-on,mingw-w64-ucrt-x86_64-cc,
ucrt64,mingw-w64-ucrt-x86_64-kicad-packages3D,build-depends-on,mingw-w64-ucrt-x86_64-cmake,
ucrt64,mingw-w64-ucrt-x86_64-kicad-packages3D,build-depends-on,mingw-w64-ucrt-x86_64-ninja,
ucrt64,mingw-w64-ucrt-x86_64-kiconthemes,build-depends-on,mingw-w64-ucrt-x86_64-cc,
ucrt64,mingw-w64-ucrt-x86_64-kidletime,build-depends-on,mingw-w64-ucrt-x86_64-cc,
ucrt64,mingw-w64-ucrt-x86_64-kimageformats,build-depends-on,mingw-w64-ucrt-x86_64-cc,
ucrt64,mingw-w64-ucrt-x86_64-kio,build-depends-on,mingw-w64-ucrt-x86_64-cc,
ucrt64,mingw-w64-ucrt-x86_64-kirigami,build-depends-on,mingw-w64-ucrt-x86_64-cc,
ucrt64,mingw-w64-ucrt-x86_64-kirigami-addons,build-depends-on,mingw-w64-ucrt-x86_64-cc,
ucrt64,mingw-w64-ucrt-x86_64-kiss_fft,build-depends-on,mingw-w64-ucrt-x86_64-cc,
ucrt64,mingw-w64-ucrt-x86_64-kitemmodels,build-depends-on,mingw-w64-ucrt-x86_64-cc,
ucrt64,mingw-w64-ucrt-x86_64-kitemviews,build-depends-on,mingw-w64-ucrt-x86_64-cc,
ucrt64,mingw-w64-ucrt-x86_64-kjobwidgets,build-depends-on,mingw-w64-ucrt-x86_64-cc,
ucrt64,mingw-w64-ucrt-x86_64-knewstuff,build-depends-on,mingw-w64-ucrt-x86_64-cc,
ucrt64,mingw-w64-ucrt-x86_64-knotifications,build-depends-on,mingw-w64-ucrt-x86_64-cc,
ucrt64,mingw-w64-ucrt-x86_64-knotifyconfig,build-depends-on,mingw-w64-ucrt-x86_64-cc,
ucrt64,mingw-w64-ucrt-x86_64-koboldcpp,build-depends-on,mingw-w64-ucrt-x86_64-cc,
ucrt64,mingw-w64-ucrt-x86_64-konsole,build-depends-on,mingw-w64-ucrt-x86_64-cc,
ucrt64,mingw-w64-ucrt-x86_64-konversation,build-depends-on,mingw-w64-ucrt-x86_64-cc,
ucrt64,mingw-w64-ucrt-x86_64-kpackage,build-depends-on,mingw-w64-ucrt-x86_64-cc,
ucrt64,mingw-w64-ucrt-x86_64-kparts,build-depends-on,mingw-w64-ucrt-x86_64-cc,
ucrt64,mingw-w64-ucrt-x86_64-kpeople,build-depends-on,mingw-w64-ucrt-x86_64-cc,
ucrt64,mingw-w64-ucrt-x86_64-kplotting,build-depends-on,mingw-w64-ucrt-x86_64-cc,
ucrt64,mingw-w64-ucrt-x86_64-kqtquickcharts,build-depends-on,mingw-w64-ucrt-x86_64-cc,
ucrt64,mingw-w64-ucrt-x86_64-krita,build-depends-on,mingw-w64-ucrt-x86_64-cc,
ucrt64,mingw-w64-ucrt-x86_64-krpc-cpp,build-depends-on,mingw-w64-ucrt-x86_64-cc,
ucrt64,mingw-w64-ucrt-x86_64-kseexpr,build-depends-on,mingw-w64-ucrt-x86_64-cc,
ucrt64,mingw-w64-ucrt-x86_64-kservice,build-depends-on,mingw-w64-ucrt-x86_64-cc,
ucrt64,mingw-w64-ucrt-x86_64-kstatusnotifieritem,build-depends-on,mingw-w64-ucrt-x86_64-cc,
ucrt64,mingw-w64-ucrt-x86_64-ktexteditor,build-depends-on,mingw-w64-ucrt-x86_64-cc,
ucrt64,mingw-w64-ucrt-x86_64-ktextwidgets,build-depends-on,mingw-w64-ucrt-x86_64-cc,
ucrt64,mingw-w64-ucrt-x86_64-ktouch,build-depends-on,mingw-w64-ucrt-x86_64-cc,
ucrt64,mingw-w64-ucrt-x86_64-ktx-software,build-depends-on,mingw-w64-ucrt-x86_64-cc,
ucrt64,mingw-w64-ucrt-x86_64-kunitconversion,build-depends-on,mingw-w64-ucrt-x86_64-cc,
ucrt64,mingw-w64-ucrt-x86_64-kuserfeedback,build-depends-on,mingw-w64-ucrt-x86_64-cc,
ucrt64,mingw-w64-ucrt-x86_64-kvazaar,build-depends-on,mingw-w64-ucrt-x86_64-cc,
ucrt64,mingw-w64-ucrt-x86_64-kwallet,build-depends-on,mingw-w64-ucrt-x86_64-cc,
ucrt64,mingw-w64-ucrt-x86_64-kwidgetsaddons,build-depends-on,mingw-w64-ucrt-x86_64-cc,
ucrt64,mingw-w64-ucrt-x86_64-kwindowsystem,build-depends-on,mingw-w64-ucrt-x86_64-cc,
ucrt64,mingw-w64-ucrt-x86_64-kxmlgui,build-depends-on,mingw-w64-ucrt-x86_64-cc,
ucrt64,mingw-w64-ucrt-x86_64-l-smash,build-depends-on,mingw-w64-ucrt-x86_64-cc,
ucrt64,mingw-w64-ucrt-x86_64-labplot,build-depends-on,mingw-w64-ucrt-x86_64-cc,
ucrt64,mingw-w64-ucrt-x86_64-lager,build-depends-on,mingw-w64-ucrt-x86_64-cc,
ucrt64,mingw-w64-ucrt-x86_64-lame,build-depends-on,mingw-w64-ucrt-x86_64-cc,
ucrt64,mingw-w64-ucrt-x86_64-lammps,build-depends-on,mingw-w64-ucrt-x86_64-cc,
ucrt64,mingw-w64-ucrt-x86_64-lammps,build-depends-on,mingw-w64-ucrt-x86_64-fc,
ucrt64,mingw-w64-ucrt-x86_64-lapack,build-depends-on,mingw-w64-ucrt-x86_64-cc,
ucrt64,mingw-w64-ucrt-x86_64-lapack,build-depends-on,mingw-w64-ucrt-x86_64-fc,
ucrt64,mingw-w64-ucrt-x86_64-lapack64,build-depends-on,mingw-w64-ucrt-x86_64-cc,
ucrt64,mingw-w64-ucrt-x86_64-lapack64,build-depends-on,mingw-w64-ucrt-x86_64-fc,
ucrt64,mingw-w64-ucrt-x86_64-lapacke,build-depends-on,mingw-w64-ucrt-x86_64-cc,
ucrt64,mingw-w64-ucrt-x86_64-lapacke,build-depends-on,mingw-w64-ucrt-x86_64-fc,
ucrt64,mingw-w64-ucrt-x86_64-lapacke64,build-depends-on,mingw-w64-ucrt-x86_64-cc,
ucrt64,mingw-w64-ucrt-x86_64-lapacke64,build-depends-on,mingw-w64-ucrt-x86_64-fc,
ucrt64,mingw-w64-ucrt-x86_64-lasem,build-depends-on,mingw-w64-ucrt-x86_64-cc,
ucrt64,mingw-w64-ucrt-x86_64-laszip,build-depends-on,mingw-w64-ucrt-x86_64-cc,
ucrt64,mingw-w64-ucrt-x86_64-lcms2,build-depends-on,mingw-w64-ucrt-x86_64-cc,
ucrt64,mingw-w64-ucrt-x86_64-ldns,build-depends-on,mingw-w64-ucrt-x86_64-cc,
ucrt64,mingw-w64-ucrt-x86_64-ledger,build-depends-on,mingw-w64-ucrt-x86_64-cc,
ucrt64,mingw-w64-ucrt-x86_64-lensfun,build-depends-on,mingw-w64-ucrt-x86_64-cc,
ucrt64,mingw-w64-ucrt-x86_64-leocad,build-depends-on,mingw-w64-ucrt-x86_64-cc,
ucrt64,mingw-w64-ucrt-x86_64-leptonica,build-depends-on,mingw-w64-ucrt-x86_64-cc,
ucrt64,mingw-w64-ucrt-x86_64-lerc,build-depends-on,mingw-w64-ucrt-x86_64-cc,
ucrt64,mingw-w64-ucrt-x86_64-level-zero-headers,build-depends-on,mingw-w64-ucrt-x86_64-cc,
ucrt64,mingw-w64-ucrt-x86_64-level-zero-loader,build-depends-on,mingw-w64-ucrt-x86_64-cc,
ucrt64,mingw-w64-ucrt-x86_64-leveldb,build-depends-on,mingw-w64-ucrt-x86_64-cc,
ucrt64,mingw-w64-ucrt-x86_64-lexbor,build-depends-on,mingw-w64-ucrt-x86_64-cc,
ucrt64,mingw-w64-ucrt-x86_64-lf,build-depends-on,mingw-w64-ucrt-x86_64-cc,
ucrt64,mingw-w64-ucrt-x86_64-lfcbase,build-depends-on,mingw-w64-ucrt-x86_64-cc,
ucrt64,mingw-w64-ucrt-x86_64-lfcxml,build-depends-on,mingw-w64-ucrt-x86_64-cc,
ucrt64,mingw-w64-ucrt-x86_64-lfortran,build-depends-on,mingw-w64-ucrt-x86_64-cc,
ucrt64,mingw-w64-ucrt-x86_64-lib2geom,build-depends-on,mingw-w64-ucrt-x86_64-cc,
ucrt64,mingw-w64-ucrt-x86_64-lib3mf,build-depends-on,mingw-w64-ucrt-x86_64-cc,
ucrt64,mingw-w64-ucrt-x86_64-libaacs,build-depends-on,mingw-w64-ucrt-x86_64-cc,
ucrt64,mingw-w64-ucrt-x86_64-libabw,build-depends-on,mingw-w64-ucrt-x86_64-cc,
ucrt64,mingw-w64-ucrt-x86_64-libad9361-iio,build-depends-on,mingw-w64-ucrt-x86_64-cc,
ucrt64,mingw-w64-ucrt-x86_64-libadwaita,build-depends-on,mingw-w64-ucrt-x86_64-cc,
ucrt64,mingw-w64-ucrt-x86_64-libaec,build-depends-on,mingw-w64-ucrt-x86_64-cc,
ucrt64,mingw-w64-ucrt-x86_64-libarchive,build-depends-on,mingw-w64-ucrt-x86_64-cc,
ucrt64,mingw-w64-ucrt-x86_64-libaribcaption,build-depends-on,mingw-w64-ucrt-x86_64-cc,
ucrt64,mingw-w64-ucrt-x86_64-libart_lgpl,build-depends-on,mingw-w64-ucrt-x86_64-cc,
ucrt64,mingw-w64-ucrt-x86_64-libass,build-depends-on,mingw-w64-ucrt-x86_64-cc,
ucrt64,mingw-w64-ucrt-x86_64-libassuan,build-depends-on,mingw-w64-ucrt-x86_64-cc,
ucrt64,mingw-w64-ucrt-x86_64-libatomic_ops,build-depends-on,mingw-w64-ucrt-x86_64-cc,
ucrt64,mingw-w64-ucrt-x86_64-libavif,build-depends-on,mingw-w64-ucrt-x86_64-cc,
ucrt64,mingw-w64-ucrt-x86_64-libavro,build-depends-on,mingw-w64-ucrt-x86_64-cc,
ucrt64,mingw-w64-ucrt-x86_64-libb2,build-depends-on,mingw-w64-ucrt-x86_64-cc,
ucrt64,mingw-w64-ucrt-x86_64-libb64,build-depends-on,mingw-w64-ucrt-x86_64-cc,
ucrt64,mingw-w64-ucrt-x86_64-libbacktrace,build-depends-on,mingw-w64-ucrt-x86_64-cc,
ucrt64,mingw-w64-ucrt-x86_64-libbdplus,build-depends-on,mingw-w64-ucrt-x86_64-cc,
ucrt64,mingw-w64-ucrt-x86_64-libblake3,build-depends-on,mingw-w64-ucrt-x86_64-cc,
ucrt64,mingw-w64-ucrt-x86_64-libbluray,build-depends-on,mingw-w64-ucrt-x86_64-cc,
ucrt64,mingw-w64-ucrt-x86_64-libbotan,build-depends-on,mingw-w64-ucrt-x86_64-cc,
ucrt64,mingw-w64-ucrt-x86_64-libbraiding,build-depends-on,mingw-w64-ucrt-x86_64-cc,
ucrt64,mingw-w64-ucrt-x86_64-libbs2b,build-depends-on,mingw-w64-ucrt-x86_64-cc,
ucrt64,mingw-w64-ucrt-x86_64-libbsdf,build-depends-on,mingw-w64-ucrt-x86_64-cc,
ucrt64,mingw-w64-ucrt-x86_64-libcaca,build-depends-on,mingw-w64-ucrt-x86_64-cc,
ucrt64,mingw-w64-ucrt-x86_64-libcacard,build-depends-on,mingw-w64-ucrt-x86_64-cc,
ucrt64,mingw-w64-ucrt-x86_64-libcbor,build-depends-on,mingw-w64-ucrt-x86_64-cc,
ucrt64,mingw-w64-ucrt-x86_64-libcddb,build-depends-on,mingw-w64-ucrt-x86_64-cc,
ucrt64,mingw-w64-ucrt-x86_64-libcdio,build-depends-on,mingw-w64-ucrt-x86_64-cc,
ucrt64,mingw-w64-ucrt-x86_64-libcdio-paranoia,build-depends-on,mingw-w64-ucrt-x86_64-cc,
ucrt64,mingw-w64-ucrt-x86_64-libcdr,build-depends-on,mingw-w64-ucrt-x86_64-cc,
ucrt64,mingw-w64-ucrt-x86_64-libcello,build-depends-on,mingw-w64-ucrt-x86_64-cc,
ucrt64,mingw-w64-ucrt-x86_64-libcerf,build-depends-on,mingw-w64-ucrt-x86_64-cc,
ucrt64,mingw-w64-ucrt-x86_64-libcloudproviders,build-depends-on,mingw-w64-ucrt-x86_64-cc,
ucrt64,mingw-w64-ucrt-x86_64-libcmis,build-depends-on,mingw-w64-ucrt-x86_64-cc,
ucrt64,mingw-w64-ucrt-x86_64-libconfig,build-depends-on,mingw-w64-ucrt-x86_64-cc,
ucrt64,mingw-w64-ucrt-x86_64-libconfini,build-depends-on,mingw-w64-ucrt-x86_64-cc,
ucrt64,mingw-w64-ucrt-x86_64-libcue,build-depends-on,mingw-w64-ucrt-x86_64-cc,
ucrt64,mingw-w64-ucrt-x86_64-libdatrie,build-depends-on,mingw-w64-ucrt-x86_64-cc,
ucrt64,mingw-w64-ucrt-x86_64-libdatrie-docs,build-depends-on,mingw-w64-ucrt-x86_64-cc,
ucrt64,mingw-w64-ucrt-x86_64-libdazzle,build-depends-on,mingw-w64-ucrt-x86_64-cc,
ucrt64,mingw-w64-ucrt-x86_64-libdca,build-depends-on,mingw-w64-ucrt-x86_64-cc,
ucrt64,mingw-w64-ucrt-x86_64-libde265,build-depends-on,mingw-w64-ucrt-x86_64-SDL2,
ucrt64,mingw-w64-ucrt-x86_64-libde265,build-depends-on,mingw-w64-ucrt-x86_64-cc,
ucrt64,mingw-w64-ucrt-x86_64-libdeflate,build-depends-on,mingw-w64-ucrt-x86_64-cc,
ucrt64,mingw-w64-ucrt-x86_64-libdex,build-depends-on,mingw-w64-ucrt-x86_64-cc,
ucrt64,mingw-w64-ucrt-x86_64-libdicom,build-depends-on,mingw-w64-ucrt-x86_64-cc,
ucrt64,mingw-w64-ucrt-x86_64-libdiscid,build-depends-on,mingw-w64-ucrt-x86_64-cc,
ucrt64,mingw-w64-ucrt-x86_64-libdmtx,build-depends-on,mingw-w64-ucrt-x86_64-cc,
ucrt64,mingw-w64-ucrt-x86_64-libdsm,build-depends-on,mingw-w64-ucrt-x86_64-cc,
ucrt64,mingw-w64-ucrt-x86_64-libdvbpsi,build-depends-on,mingw-w64-ucrt-x86_64-cc,
ucrt64,mingw-w64-ucrt-x86_64-libdvdcss,build-depends-on,mingw-w64-ucrt-x86_64-cc,
ucrt64,mingw-w64-ucrt-x86_64-libdvdnav,build-depends-on,mingw-w64-ucrt-x86_64-cc,
ucrt64,mingw-w64-ucrt-x86_64-libdvdread,build-depends-on,mingw-w64-ucrt-x86_64-cc,
ucrt64,mingw-w64-ucrt-x86_64-libdwarf,build-depends-on,mingw-w64-ucrt-x86_64-cc,
ucrt64,mingw-w64-ucrt-x86_64-libe-book,build-depends-on,mingw-w64-ucrt-x86_64-cc,
ucrt64,mingw-w64-ucrt-x86_64-libebml,build-depends-on,mingw-w64-ucrt-x86_64-cc,
ucrt64,mingw-w64-ucrt-x86_64-libebur128,build-depends-on,mingw-w64-ucrt-x86_64-cc,
ucrt64,mingw-w64-ucrt-x86_64-libelf,build-depends-on,mingw-w64-ucrt-x86_64-cc,
ucrt64,mingw-w64-ucrt-x86_64-libepoxy,build-depends-on,mingw-w64-ucrt-x86_64-cc,
ucrt64,mingw-w64-ucrt-x86_64-libepubgen,build-depends-on,mingw-w64-ucrt-x86_64-cc,
ucrt64,mingw-w64-ucrt-x86_64-liberime,build-depends-on,mingw-w64-ucrt-x86_64-cc,
ucrt64,mingw-w64-ucrt-x86_64-libetonyek,build-depends-on,mingw-w64-ucrt-x86_64-cc,
ucrt64,mingw-w64-ucrt-x86_64-libevent,build-depends-on,mingw-w64-ucrt-x86_64-cc,
ucrt64,mingw-w64-ucrt-x86_64-libexif,build-depends-on,mingw-w64-ucrt-x86_64-cc,
ucrt64,mingw-w64-ucrt-x86_64-libexodus,build-depends-on,mingw-w64-ucrt-x86_64-cc,
ucrt64,mingw-w64-ucrt-x86_64-libexodus,build-depends-on,mingw-w64-ucrt-x86_64-fc,
ucrt64,mingw-w64-ucrt-x86_64-libexttextcat,build-depends-on,mingw-w64-ucrt-x86_64-cc,
ucrt64,mingw-w64-ucrt-x86_64-libfdf,build-depends-on,mingw-w64-ucrt-x86_64-fc,
ucrt64,mingw-w64-ucrt-x86_64-libffi,build-depends-on,mingw-w64-ucrt-x86_64-cc,
ucrt64,mingw-w64-ucrt-x86_64-libfido2,build-depends-on,mingw-w64-ucrt-x86_64-cc,
ucrt64,mingw-w64-ucrt-x86_64-libfilezilla,build-depends-on,mingw-w64-ucrt-x86_64-cc,
ucrt64,mingw-w64-ucrt-x86_64-libfilezilla,build-depends-on,mingw-w64-ucrt-x86_64-gettext,
ucrt64,mingw-w64-ucrt-x86_64-libfixmath,build-depends-on,mingw-w64-ucrt-x86_64-cc,
ucrt64,mingw-w64-ucrt-x86_64-libfreehand,build-depends-on,mingw-w64-ucrt-x86_64-cc,
ucrt64,mingw-w64-ucrt-x86_64-libfreexl,build-depends-on,mingw-w64-ucrt-x86_64-cc,
ucrt64,mingw-w64-ucrt-x86_64-libftdi,build-depends-on,mingw-w64-ucrt-x86_64-cc,
ucrt64,mingw-w64-ucrt-x86_64-libfyaml,build-depends-on,mingw-w64-ucrt-x86_64-cc,
ucrt64,mingw-w64-ucrt-x86_64-libgadu,build-depends-on,mingw-w64-ucrt-x86_64-cc,
ucrt64,mingw-w64-ucrt-x86_64-libgcrypt,build-depends-on,mingw-w64-ucrt-x86_64-cc,
ucrt64,mingw-w64-ucrt-x86_64-libgd,build-depends-on,mingw-w64-ucrt-x86_64-cc,
ucrt64,mingw-w64-ucrt-x86_64-libgda,build-depends-on,mingw-w64-ucrt-x86_64-cc,
ucrt64,mingw-w64-ucrt-x86_64-libgdiplus,build-depends-on,mingw-w64-ucrt-x86_64-cc,
ucrt64,mingw-w64-ucrt-x86_64-libgedit-amtk,build-depends-on,mingw-w64-ucrt-x86_64-cc,
ucrt64,mingw-w64-ucrt-x86_64-libgedit-amtk-docs,build-depends-on,mingw-w64-ucrt-x86_64-cc,
ucrt64,mingw-w64-ucrt-x86_64-libgedit-gfls,build-depends-on,mingw-w64-ucrt-x86_64-cc,
ucrt64,mingw-w64-ucrt-x86_64-libgedit-gfls-docs,build-depends-on,mingw-w64-ucrt-x86_64-cc,
ucrt64,mingw-w64-ucrt-x86_64-libgedit-gtksourceview,build-depends-on,mingw-w64-ucrt-x86_64-cc,
ucrt64,mingw-w64-ucrt-x86_64-libgedit-tepl,build-depends-on,mingw-w64-ucrt-x86_64-cc,
ucrt64,mingw-w64-ucrt-x86_64-libgedit-tepl-docs,build-depends-on,mingw-w64-ucrt-x86_64-cc,
ucrt64,mingw-w64-ucrt-x86_64-libgee,build-depends-on,mingw-w64-ucrt-x86_64-cc,
ucrt64,mingw-w64-ucrt-x86_64-libgeotiff,build-depends-on,mingw-w64-ucrt-x86_64-cc,
ucrt64,mingw-w64-ucrt-x86_64-libgig,build-depends-on,mingw-w64-ucrt-x86_64-cc,
ucrt64,mingw-w64-ucrt-x86_64-libgit2,build-depends-on,mingw-w64-ucrt-x86_64-cc,
ucrt64,mingw-w64-ucrt-x86_64-libgit2-glib,build-depends-on,mingw-w64-ucrt-x86_64-cc,
ucrt64,mingw-w64-ucrt-x86_64-libgit2-glib-docs,build-depends-on,mingw-w64-ucrt-x86_64-cc,
ucrt64,mingw-w64-ucrt-x86_64-libgit2-winhttp,build-depends-on,mingw-w64-ucrt-x86_64-cc,
ucrt64,mingw-w64-ucrt-x86_64-libgme,build-depends-on,mingw-w64-ucrt-x86_64-cc,
ucrt64,mingw-w64-ucrt-x86_64-libgnurx,build-depends-on,mingw-w64-ucrt-x86_64-cc,
ucrt64,mingw-w64-ucrt-x86_64-libgoom2,build-depends-on,mingw-w64-ucrt-x86_64-cc,
ucrt64,mingw-w64-ucrt-x86_64-libgovirt,build-depends-on,mingw-w64-ucrt-x86_64-cc,
ucrt64,mingw-w64-ucrt-x86_64-libgpg-error,build-depends-on,mingw-w64-ucrt-x86_64-cc,
ucrt64,mingw-w64-ucrt-x86_64-libgphoto2,build-depends-on,mingw-w64-ucrt-x86_64-cc,
ucrt64,mingw-w64-ucrt-x86_64-libgridxc,build-depends-on,mingw-w64-ucrt-x86_64-fc,
ucrt64,mingw-w64-ucrt-x86_64-libgsf,build-depends-on,mingw-w64-ucrt-x86_64-cc,
ucrt64,mingw-w64-ucrt-x86_64-libguess,build-depends-on,mingw-w64-ucrt-x86_64-cc,
ucrt64,mingw-w64-ucrt-x86_64-libgusb,build-depends-on,mingw-w64-ucrt-x86_64-cc,
ucrt64,mingw-w64-ucrt-x86_64-libgweather,build-depends-on,mingw-w64-ucrt-x86_64-cc,
ucrt64,mingw-w64-ucrt-x86_64-libgxps,build-depends-on,mingw-w64-ucrt-x86_64-cc,
ucrt64,mingw-w64-ucrt-x86_64-libhandy,build-depends-on,mingw-w64-ucrt-x86_64-cc,
ucrt64,mingw-w64-ucrt-x86_64-libhandy-docs,build-depends-on,mingw-w64-ucrt-x86_64-cc,
ucrt64,mingw-w64-ucrt-x86_64-libharu,build-depends-on,mingw-w64-ucrt-x86_64-cc,
ucrt64,mingw-w64-ucrt-x86_64-libheif,build-depends-on,mingw-w64-ucrt-x86_64-cc,
ucrt64,mingw-w64-ucrt-x86_64-libhomfly,build-depends-on,mingw-w64-ucrt-x86_64-cc,
ucrt64,mingw-w64-ucrt-x86_64-libical,build-depends-on,mingw-w64-ucrt-x86_64-cc,
ucrt64,mingw-w64-ucrt-x86_64-libiconv,build-depends-on,mingw-w64-ucrt-x86_64-cc,
ucrt64,mingw-w64-ucrt-x86_64-libicsneo,build-depends-on,mingw-w64-ucrt-x86_64-cc,
ucrt64,mingw-w64-ucrt-x86_64-libid3tag,build-depends-on,mingw-w64-ucrt-x86_64-cc,
ucrt64,mingw-w64-ucrt-x86_64-libidl2,build-depends-on,mingw-w64-ucrt-x86_64-cc,
ucrt64,mingw-w64-ucrt-x86_64-libidn,build-depends-on,mingw-w64-ucrt-x86_64-cc,
ucrt64,mingw-w64-ucrt-x86_64-libidn2,build-depends-on,mingw-w64-ucrt-x86_64-cc,
ucrt64,mingw-w64-ucrt-x86_64-libieee1284,build-depends-on,mingw-w64-ucrt-x86_64-cc,
ucrt64,mingw-w64-ucrt-x86_64-libiff,build-depends-on,mingw-w64-ucrt-x86_64-cc,
ucrt64,mingw-w64-ucrt-x86_64-libiio,build-depends-on,mingw-w64-ucrt-x86_64-cc,
ucrt64,mingw-w64-ucrt-x86_64-libilbc,build-depends-on,mingw-w64-ucrt-x86_64-cc,
ucrt64,mingw-w64-ucrt-x86_64-libilbm,build-depends-on,mingw-w64-ucrt-x86_64-cc,
ucrt64,mingw-w64-ucrt-x86_64-libimobiledevice,build-depends-on,mingw-w64-ucrt-x86_64-cc,
ucrt64,mingw-w64-ucrt-x86_64-libimobiledevice-glue,build-depends-on,mingw-w64-ucrt-x86_64-cc,
ucrt64,mingw-w64-ucrt-x86_64-libinih,build-depends-on,mingw-w64-ucrt-x86_64-cc,
ucrt64,mingw-w64-ucrt-x86_64-libint2,build-depends-on,mingw-w64-ucrt-x86_64-cc,
ucrt64,mingw-w64-ucrt-x86_64-libint2,build-depends-on,mingw-w64-ucrt-x86_64-fc,
ucrt64,mingw-w64-ucrt-x86_64-libipt,build-depends-on,mingw-w64-ucrt-x86_64-cc,
ucrt64,mingw-w64-ucrt-x86_64-libiptcdata,build-depends-on,mingw-w64-ucrt-x86_64-cc,
ucrt64,mingw-w64-ucrt-x86_64-libirecovery,build-depends-on,mingw-w64-ucrt-x86_64-cc,
ucrt64,mingw-w64-ucrt-x86_64-libjaylink,build-depends-on,mingw-w64-ucrt-x86_64-cc,
ucrt64,mingw-w64-ucrt-x86_64-libjpeg-turbo,build-depends-on,mingw-w64-ucrt-x86_64-cc,
ucrt64,mingw-w64-ucrt-x86_64-libjxl,build-depends-on,mingw-w64-ucrt-x86_64-cc,
ucrt64,mingw-w64-ucrt-x86_64-libkexiv2,build-depends-on,mingw-w64-ucrt-x86_64-cc,
ucrt64,mingw-w64-ucrt-x86_64-libkml,build-depends-on,mingw-w64-ucrt-x86_64-cc,
ucrt64,mingw-w64-ucrt-x86_64-libkqueue,build-depends-on,mingw-w64-ucrt-x86_64-cc,
ucrt64,mingw-w64-ucrt-x86_64-libksba,build-depends-on,mingw-w64-ucrt-x86_64-cc,
ucrt64,mingw-w64-ucrt-x86_64-liblangtag,build-depends-on,mingw-w64-ucrt-x86_64-cc,
ucrt64,mingw-w64-ucrt-x86_64-liblas,build-depends-on,mingw-w64-ucrt-x86_64-cc,
ucrt64,mingw-w64-ucrt-x86_64-liblastfm,build-depends-on,mingw-w64-ucrt-x86_64-cc,
ucrt64,mingw-w64-ucrt-x86_64-liblc3,build-depends-on,mingw-w64-ucrt-x86_64-cc,
ucrt64,mingw-w64-ucrt-x86_64-liblcf,build-depends-on,mingw-w64-ucrt-x86_64-cc,
ucrt64,mingw-w64-ucrt-x86_64-liblo,build-depends-on,mingw-w64-ucrt-x86_64-cc,
ucrt64,mingw-w64-ucrt-x86_64-liblqr,build-depends-on,mingw-w64-ucrt-x86_64-cc,
ucrt64,mingw-w64-ucrt-x86_64-libltdl,build-depends-on,mingw-w64-ucrt-x86_64-cc,
ucrt64,mingw-w64-ucrt-x86_64-libluv,build-depends-on,mingw-w64-ucrt-x86_64-cc,
ucrt64,mingw-w64-ucrt-x86_64-libmad,build-depends-on,mingw-w64-ucrt-x86_64-cc,
ucrt64,mingw-w64-ucrt-x86_64-libmangle,build-depends-on,mingw-w64-ucrt-x86_64-cc,
ucrt64,mingw-w64-ucrt-x86_64-libmariadbclient,build-depends-on,mingw-w64-ucrt-x86_64-cc,
ucrt64,mingw-w64-ucrt-x86_64-libmatroska,build-depends-on,mingw-w64-ucrt-x86_64-cc,
ucrt64,mingw-w64-ucrt-x86_64-libmaxminddb,build-depends-on,mingw-w64-ucrt-x86_64-cc,
ucrt64,mingw-w64-ucrt-x86_64-libmbd,build-depends-on,mingw-w64-ucrt-x86_64-cc,
ucrt64,mingw-w64-ucrt-x86_64-libmbd,build-depends-on,mingw-w64-ucrt-x86_64-fc,
ucrt64,mingw-w64-ucrt-x86_64-libmd,build-depends-on,mingw-w64-ucrt-x86_64-cc,
ucrt64,mingw-w64-ucrt-x86_64-libmediainfo,build-depends-on,mingw-w64-ucrt-x86_64-cc,
ucrt64,mingw-w64-ucrt-x86_64-libmem,build-depends-on,mingw-w64-ucrt-x86_64-cc,
ucrt64,mingw-w64-ucrt-x86_64-libmfx,build-depends-on,mingw-w64-ucrt-x86_64-cc,
ucrt64,mingw-w64-ucrt-x86_64-libmicrodns,build-depends-on,mingw-w64-ucrt-x86_64-cc,
ucrt64,mingw-w64-ucrt-x86_64-libmicrohttpd,build-depends-on,mingw-w64-ucrt-x86_64-cc,
ucrt64,mingw-w64-ucrt-x86_64-libmikmod,build-depends-on,mingw-w64-ucrt-x86_64-cc,
ucrt64,mingw-w64-ucrt-x86_64-libmimic,build-depends-on,mingw-w64-ucrt-x86_64-cc,
ucrt64,mingw-w64-ucrt-x86_64-libminpack,build-depends-on,mingw-w64-ucrt-x86_64-fc,
ucrt64,mingw-w64-ucrt-x86_64-libmng,build-depends-on,mingw-w64-ucrt-x86_64-cc,
ucrt64,mingw-w64-ucrt-x86_64-libmodbus,build-depends-on,mingw-w64-ucrt-x86_64-cc,
ucrt64,mingw-w64-ucrt-x86_64-libmodplug,build-depends-on,mingw-w64-ucrt-x86_64-cc,
ucrt64,mingw-w64-ucrt-x86_64-libmongocrypt,build-depends-on,mingw-w64-ucrt-x86_64-cc,
ucrt64,mingw-w64-ucrt-x86_64-libmongoose,build-depends-on,mingw-w64-ucrt-x86_64-cc,
ucrt64,mingw-w64-ucrt-x86_64-libmongoose-docs,build-depends-on,mingw-w64-ucrt-x86_64-cc,
ucrt64,mingw-w64-ucrt-x86_64-libmowgli,build-depends-on,mingw-w64-ucrt-x86_64-cc,
ucrt64,mingw-w64-ucrt-x86_64-libmpack,build-depends-on,mingw-w64-ucrt-x86_64-cc,
ucrt64,mingw-w64-ucrt-x86_64-libmpcdec,build-depends-on,mingw-w64-ucrt-x86_64-cc,
ucrt64,mingw-w64-ucrt-x86_64-libmpeg2,build-depends-on,mingw-w64-ucrt-x86_64-cc,
ucrt64,mingw-w64-ucrt-x86_64-libmspack,build-depends-on,mingw-w64-ucrt-x86_64-cc,
ucrt64,mingw-w64-ucrt-x86_64-libmspub,build-depends-on,mingw-w64-ucrt-x86_64-cc,
ucrt64,mingw-w64-ucrt-x86_64-libmsym,build-depends-on,mingw-w64-ucrt-x86_64-cc,
ucrt64,mingw-w64-ucrt-x86_64-libmwaw,build-depends-on,mingw-w64-ucrt-x86_64-cc,
ucrt64,mingw-w64-ucrt-x86_64-libmypaint,build-depends-on,mingw-w64-ucrt-x86_64-cc,
ucrt64,mingw-w64-ucrt-x86_64-libmysofa,build-depends-on,mingw-w64-ucrt-x86_64-cc,
ucrt64,mingw-w64-ucrt-x86_64-libnatpmp,build-depends-on,mingw-w64-ucrt-x86_64-cc,
ucrt64,mingw-w64-ucrt-x86_64-libnegf,build-depends-on,mingw-w64-ucrt-x86_64-cc,
ucrt64,mingw-w64-ucrt-x86_64-libnegf,build-depends-on,mingw-w64-ucrt-x86_64-fc,
ucrt64,mingw-w64-ucrt-x86_64-libnegf,build-depends-on,mingw-w64-ucrt-x86_64-omp,
ucrt64,mingw-w64-ucrt-x86_64-libnfs,build-depends-on,mingw-w64-ucrt-x86_64-cc,
ucrt64,mingw-w64-ucrt-x86_64-libnice,build-depends-on,mingw-w64-ucrt-x86_64-cc,
ucrt64,mingw-w64-ucrt-x86_64-libnotify,build-depends-on,mingw-w64-ucrt-x86_64-cc,
ucrt64,mingw-w64-ucrt-x86_64-libnova,build-depends-on,mingw-w64-ucrt-x86_64-cc,
ucrt64,mingw-w64-ucrt-x86_64-libnpupnp,build-depends-on,mingw-w64-ucrt-x86_64-cc,
ucrt64,mingw-w64-ucrt-x86_64-libntlm,build-depends-on,mingw-w64-ucrt-x86_64-cc,
ucrt64,mingw-w64-ucrt-x86_64-libnumbertext,build-depends-on,mingw-w64-ucrt-x86_64-cc,
ucrt64,mingw-w64-ucrt-x86_64-liboauth,build-depends-on,mingw-w64-ucrt-x86_64-cc,
ucrt64,mingw-w64-ucrt-x86_64-libodfgen,build-depends-on,mingw-w64-ucrt-x86_64-cc,
ucrt64,mingw-w64-ucrt-x86_64-libogg,build-depends-on,mingw-w64-ucrt-x86_64-cc,
ucrt64,mingw-w64-ucrt-x86_64-libomemo-c,build-depends-on,mingw-w64-ucrt-x86_64-cc,
ucrt64,mingw-w64-ucrt-x86_64-libopenmpt,build-depends-on,mingw-w64-ucrt-x86_64-cc,
ucrt64,mingw-w64-ucrt-x86_64-libopenmpt-modplug,build-depends-on,mingw-w64-ucrt-x86_64-cc,
ucrt64,mingw-w64-ucrt-x86_64-libopusenc,build-depends-on,mingw-w64-ucrt-x86_64-cc,
ucrt64,mingw-w64-ucrt-x86_64-liboqs,build-depends-on,mingw-w64-ucrt-x86_64-cc,
ucrt64,mingw-w64-ucrt-x86_64-liborigin,build-depends-on,mingw-w64-ucrt-x86_64-cc,
ucrt64,mingw-w64-ucrt-x86_64-libosmpbf,build-depends-on,mingw-w64-ucrt-x86_64-cc,
ucrt64,mingw-w64-ucrt-x86_64-libosmscout,build-depends-on,mingw-w64-ucrt-x86_64-cc,
ucrt64,mingw-w64-ucrt-x86_64-libotr,build-depends-on,mingw-w64-ucrt-x86_64-cc,
ucrt64,mingw-w64-ucrt-x86_64-libp11,build-depends-on,mingw-w64-ucrt-x86_64-cc,
ucrt64,mingw-w64-ucrt-x86_64-libpagemaker,build-depends-on,mingw-w64-ucrt-x86_64-cc,
ucrt64,mingw-w64-ucrt-x86_64-libpanel,build-depends-on,mingw-w64-ucrt-x86_64-cc,
ucrt64,mingw-w64-ucrt-x86_64-libpanel-docs,build-depends-on,mingw-w64-ucrt-x86_64-cc,
ucrt64,mingw-w64-ucrt-x86_64-libpaper,build-depends-on,mingw-w64-ucrt-x86_64-cc,
ucrt64,mingw-w64-ucrt-x86_64-libpcap,build-depends-on,mingw-w64-ucrt-x86_64-cc,
ucrt64,mingw-w64-ucrt-x86_64-libpeas,build-depends-on,mingw-w64-ucrt-x86_64-cc,
ucrt64,mingw-w64-ucrt-x86_64-libpeas-docs,build-depends-on,mingw-w64-ucrt-x86_64-cc,
ucrt64,mingw-w64-ucrt-x86_64-libpeas2,build-depends-on,mingw-w64-ucrt-x86_64-cc,
ucrt64,mingw-w64-ucrt-x86_64-libpeas2-docs,build-depends-on,mingw-w64-ucrt-x86_64-cc,
ucrt64,mingw-w64-ucrt-x86_64-libplacebo,build-depends-on,mingw-w64-ucrt-x86_64-cc,
ucrt64,mingw-w64-ucrt-x86_64-libplacebo-demos,build-depends-on,mingw-w64-ucrt-x86_64-cc,
ucrt64,mingw-w64-ucrt-x86_64-libplist,build-depends-on,mingw-w64-ucrt-x86_64-cc,
ucrt64,mingw-w64-ucrt-x86_64-libpng,build-depends-on,mingw-w64-ucrt-x86_64-cc,
ucrt64,mingw-w64-ucrt-x86_64-libpqxx,build-depends-on,mingw-w64-ucrt-x86_64-cc,
ucrt64,mingw-w64-ucrt-x86_64-libprojectm,build-depends-on,mingw-w64-ucrt-x86_64-cc,
ucrt64,mingw-w64-ucrt-x86_64-libproxy,build-depends-on,mingw-w64-ucrt-x86_64-cc,
ucrt64,mingw-w64-ucrt-x86_64-libpsl,build-depends-on,mingw-w64-ucrt-x86_64-cc,
ucrt64,mingw-w64-ucrt-x86_64-libpsml,build-depends-on,mingw-w64-ucrt-x86_64-fc,
ucrt64,mingw-w64-ucrt-x86_64-libpst,build-depends-on,mingw-w64-ucrt-x86_64-cc,
ucrt64,mingw-w64-ucrt-x86_64-libqalculate,build-depends-on,mingw-w64-ucrt-x86_64-cc,
ucrt64,mingw-w64-ucrt-x86_64-libqxp,build-depends-on,mingw-w64-ucrt-x86_64-cc,
ucrt64,mingw-w64-ucrt-x86_64-libraqm,build-depends-on,mingw-w64-ucrt-x86_64-cc,
ucrt64,mingw-w64-ucrt-x86_64-librasterlite2,build-depends-on,mingw-w64-ucrt-x86_64-cc,
ucrt64,mingw-w64-ucrt-x86_64-libraw,build-depends-on,mingw-w64-ucrt-x86_64-cc,
ucrt64,mingw-w64-ucrt-x86_64-librclone,build-depends-on,mingw-w64-ucrt-x86_64-cc,
ucrt64,mingw-w64-ucrt-x86_64-librdata,build-depends-on,mingw-w64-ucrt-x86_64-cc,
ucrt64,mingw-w64-ucrt-x86_64-librdkafka,build-depends-on,mingw-w64-ucrt-x86_64-cc,
ucrt64,mingw-w64-ucrt-x86_64-libreplaygain,build-depends-on,mingw-w64-ucrt-x86_64-cc,
ucrt64,mingw-w64-ucrt-x86_64-libresidfp,build-depends-on,mingw-w64-ucrt-x86_64-cc,
ucrt64,mingw-w64-ucrt-x86_64-libresprite,build-depends-on,mingw-w64-ucrt-x86_64-cc,
ucrt64,mingw-w64-ucrt-x86_64-libressl,build-depends-on,mingw-w64-ucrt-x86_64-cc,
ucrt64,mingw-w64-ucrt-x86_64-librest,build-depends-on,mingw-w64-ucrt-x86_64-cc,
ucrt64,mingw-w64-ucrt-x86_64-librevenge,build-depends-on,mingw-w64-ucrt-x86_64-cc,
ucrt64,mingw-w64-ucrt-x86_64-librime,build-depends-on,mingw-w64-ucrt-x86_64-cc,
ucrt64,mingw-w64-ucrt-x86_64-librist,build-depends-on,mingw-w64-ucrt-x86_64-cc,
ucrt64,mingw-w64-ucrt-x86_64-librsvg,build-depends-on,mingw-w64-ucrt-x86_64-cc,
ucrt64,mingw-w64-ucrt-x86_64-librsvg-docs,build-depends-on,mingw-w64-ucrt-x86_64-cc,
ucrt64,mingw-w64-ucrt-x86_64-librsync,build-depends-on,mingw-w64-ucrt-x86_64-cc,
ucrt64,mingw-w64-ucrt-x86_64-librttopo,build-depends-on,mingw-w64-ucrt-x86_64-cc,
ucrt64,mingw-w64-ucrt-x86_64-libsamplerate,build-depends-on,mingw-w64-ucrt-x86_64-cc,
ucrt64,mingw-w64-ucrt-x86_64-libsass,build-depends-on,mingw-w64-ucrt-x86_64-cc,
ucrt64,mingw-w64-ucrt-x86_64-libsbml,build-depends-on,mingw-w64-ucrt-x86_64-cc,
ucrt64,mingw-w64-ucrt-x86_64-libsbsms,build-depends-on,mingw-w64-ucrt-x86_64-cc,
ucrt64,mingw-w64-ucrt-x86_64-libsecret,build-depends-on,mingw-w64-ucrt-x86_64-cc,
ucrt64,mingw-w64-ucrt-x86_64-libserdes,build-depends-on,mingw-w64-ucrt-x86_64-cc,
ucrt64,mingw-w64-ucrt-x86_64-libserialport,build-depends-on,mingw-w64-ucrt-x86_64-cc,
ucrt64,mingw-w64-ucrt-x86_64-libshout,build-depends-on,mingw-w64-ucrt-x86_64-cc,
ucrt64,mingw-w64-ucrt-x86_64-libshumate,build-depends-on,mingw-w64-ucrt-x86_64-cc,
ucrt64,mingw-w64-ucrt-x86_64-libshumate-docs,build-depends-on,mingw-w64-ucrt-x86_64-cc,
ucrt64,mingw-w64-ucrt-x86_64-libsidplayfp,build-depends-on,mingw-w64-ucrt-x86_64-cc,
ucrt64,mingw-w64-ucrt-x86_64-libsigc++,build-depends-on,mingw-w64-ucrt-x86_64-cc,
ucrt64,mingw-w64-ucrt-x86_64-libsigc++-3.0,build-depends-on,mingw-w64-ucrt-x86_64-cc,
ucrt64,mingw-w64-ucrt-x86_64-libsignal-protocol-c,build-depends-on,mingw-w64-ucrt-x86_64-cc,
ucrt64,mingw-w64-ucrt-x86_64-libsigsegv,build-depends-on,mingw-w64-ucrt-x86_64-cc,
ucrt64,mingw-w64-ucrt-x86_64-libslirp,build-depends-on,mingw-w64-ucrt-x86_64-cc,
ucrt64,mingw-w64-ucrt-x86_64-libsmi,build-depends-on,mingw-w64-ucrt-x86_64-cc,
ucrt64,mingw-w64-ucrt-x86_64-libsndfile,build-depends-on,mingw-w64-ucrt-x86_64-cc,
ucrt64,mingw-w64-ucrt-x86_64-libsodium,build-depends-on,mingw-w64-ucrt-x86_64-cc,
ucrt64,mingw-w64-ucrt-x86_64-libsoundio,build-depends-on,mingw-w64-ucrt-x86_64-cc,
ucrt64,mingw-w64-ucrt-x86_64-libsoup3,build-depends-on,mingw-w64-ucrt-x86_64-cc,
ucrt64,mingw-w64-ucrt-x86_64-libsoup3-docs,build-depends-on,mingw-w64-ucrt-x86_64-cc,
ucrt64,mingw-w64-ucrt-x86_64-libsoxr,build-depends-on,mingw-w64-ucrt-x86_64-cc,
ucrt64,mingw-w64-ucrt-x86_64-libspatialaudio,build-depends-on,mingw-w64-ucrt-x86_64-cc,
ucrt64,mingw-w64-ucrt-x86_64-libspatialite,build-depends-on,mingw-w64-ucrt-x86_64-cc,
ucrt64,mingw-w64-ucrt-x86_64-libspectre,build-depends-on,mingw-w64-ucrt-x86_64-cc,
ucrt64,mingw-w64-ucrt-x86_64-libspelling,build-depends-on,mingw-w64-ucrt-x86_64-cc,
ucrt64,mingw-w64-ucrt-x86_64-libspiro,build-depends-on,mingw-w64-ucrt-x86_64-cc,
ucrt64,mingw-w64-ucrt-x86_64-libspng,build-depends-on,mingw-w64-ucrt-x86_64-cc,
ucrt64,mingw-w64-ucrt-x86_64-libsquish,build-depends-on,mingw-w64-ucrt-x86_64-cc,
ucrt64,mingw-w64-ucrt-x86_64-libsrtp,build-depends-on,mingw-w64-ucrt-x86_64-cc,
ucrt64,mingw-w64-ucrt-x86_64-libssh,build-depends-on,mingw-w64-ucrt-x86_64-cc,
ucrt64,mingw-w64-ucrt-x86_64-libssh2,build-depends-on,mingw-w64-ucrt-x86_64-cc,
ucrt64,mingw-w64-ucrt-x86_64-libssh2-wincng,build-depends-on,mingw-w64-ucrt-x86_64-cc,
ucrt64,mingw-w64-ucrt-x86_64-libstaroffice,build-depends-on,mingw-w64-ucrt-x86_64-cc,
ucrt64,mingw-w64-ucrt-x86_64-libstemmer,build-depends-on,mingw-w64-ucrt-x86_64-cc,
ucrt64,mingw-w64-ucrt-x86_64-libsynctex,build-depends-on,mingw-w64-ucrt-x86_64-cc,
ucrt64,mingw-w64-ucrt-x86_64-libsystre,build-depends-on,mingw-w64-ucrt-x86_64-cc,
ucrt64,mingw-w64-ucrt-x86_64-libtasn1,build-depends-on,mingw-w64-ucrt-x86_64-cc,
ucrt64,mingw-w64-ucrt-x86_64-libtermkey,build-depends-on,mingw-w64-ucrt-x86_64-cc,
ucrt64,mingw-w64-ucrt-x86_64-libthai,build-depends-on,mingw-w64-ucrt-x86_64-cc,
ucrt64,mingw-w64-ucrt-x86_64-libthai-docs,build-depends-on,mingw-w64-ucrt-x86_64-cc,
ucrt64,mingw-w64-ucrt-x86_64-libtheora,build-depends-on,mingw-w64-ucrt-x86_64-SDL,
ucrt64,mingw-w64-ucrt-x86_64-libtheora,build-depends-on,mingw-w64-ucrt-x86_64-cc,
ucrt64,mingw-w64-ucrt-x86_64-libtiff,build-depends-on,mingw-w64-ucrt-x86_64-cc,
ucrt64,mingw-w64-ucrt-x86_64-libtiff-docs,build-depends-on,mingw-w64-ucrt-x86_64-cc,
ucrt64,mingw-w64-ucrt-x86_64-libtimidity,build-depends-on,mingw-w64-ucrt-x86_64-cc,
ucrt64,mingw-w64-ucrt-x86_64-libtomcrypt,build-depends-on,mingw-w64-ucrt-x86_64-cc,
ucrt64,mingw-w64-ucrt-x86_64-libtommath,build-depends-on,mingw-w64-ucrt-x86_64-cc,
ucrt64,mingw-w64-ucrt-x86_64-libtool,build-depends-on,mingw-w64-ucrt-x86_64-cc,
ucrt64,mingw-w64-ucrt-x86_64-libtorrent-rasterbar,build-depends-on,mingw-w64-ucrt-x86_64-cc,
ucrt64,mingw-w64-ucrt-x86_64-libtre,build-depends-on,mingw-w64-ucrt-x86_64-cc,
ucrt64,mingw-w64-ucrt-x86_64-libtree-sitter,build-depends-on,mingw-w64-ucrt-x86_64-cc,
ucrt64,mingw-w64-ucrt-x86_64-libu2f-emu,build-depends-on,mingw-w64-ucrt-x86_64-cc,
ucrt64,mingw-w64-ucrt-x86_64-libuhd,build-depends-on,mingw-w64-ucrt-x86_64-cc,
ucrt64,mingw-w64-ucrt-x86_64-libultrahdr,build-depends-on,mingw-w64-ucrt-x86_64-cc,
ucrt64,mingw-w64-ucrt-x86_64-libunibreak,build-depends-on,mingw-w64-ucrt-x86_64-cc,
ucrt64,mingw-w64-ucrt-x86_64-libunifex,build-depends-on,mingw-w64-ucrt-x86_64-cc,
ucrt64,mingw-w64-ucrt-x86_64-libuninameslist,build-depends-on,mingw-w64-ucrt-x86_64-cc,
ucrt64,mingw-w64-ucrt-x86_64-libunistring,build-depends-on,mingw-w64-ucrt-x86_64-cc,
ucrt64,mingw-w64-ucrt-x86_64-libusb,build-depends-on,mingw-w64-ucrt-x86_64-cc,
ucrt64,mingw-w64-ucrt-x86_64-libusb-compat,build-depends-on,mingw-w64-ucrt-x86_64-cc,
ucrt64,mingw-w64-ucrt-x86_64-libusb-win32,build-depends-on,mingw-w64-ucrt-x86_64-cc,
ucrt64,mingw-w64-ucrt-x86_64-libusbmuxd,build-depends-on,mingw-w64-ucrt-x86_64-cc,
ucrt64,mingw-w64-ucrt-x86_64-libutf8proc,build-depends-on,mingw-w64-ucrt-x86_64-cc,
ucrt64,mingw-w64-ucrt-x86_64-libutp,build-depends-on,mingw-w64-ucrt-x86_64-cc,
ucrt64,mingw-w64-ucrt-x86_64-libuv,build-depends-on,mingw-w64-ucrt-x86_64-cc,
ucrt64,mingw-w64-ucrt-x86_64-libva,build-depends-on,mingw-w64-ucrt-x86_64-cc,
ucrt64,mingw-w64-ucrt-x86_64-libva-utils,build-depends-on,mingw-w64-ucrt-x86_64-cc,
ucrt64,mingw-w64-ucrt-x86_64-libvips,build-depends-on,mingw-w64-ucrt-x86_64-cc,
ucrt64,mingw-w64-ucrt-x86_64-libvips,build-depends-on,mingw-w64-ucrt-x86_64-omp,
ucrt64,mingw-w64-ucrt-x86_64-libvirt,build-depends-on,mingw-w64-ucrt-x86_64-cc,
ucrt64,mingw-w64-ucrt-x86_64-libvirt-glib,build-depends-on,mingw-w64-ucrt-x86_64-cc,
ucrt64,mingw-w64-ucrt-x86_64-libvisio,build-depends-on,mingw-w64-ucrt-x86_64-cc,
ucrt64,mingw-w64-ucrt-x86_64-libvmime,build-depends-on,mingw-w64-ucrt-x86_64-cc,
ucrt64,mingw-w64-ucrt-x86_64-libvncserver,build-depends-on,mingw-w64-ucrt-x86_64-SDL2,
ucrt64,mingw-w64-ucrt-x86_64-libvncserver,build-depends-on,mingw-w64-ucrt-x86_64-cc,
ucrt64,mingw-w64-ucrt-x86_64-libvoikko,build-depends-on,mingw-w64-ucrt-x86_64-cc,
ucrt64,mingw-w64-ucrt-x86_64-libvorbis,build-depends-on,mingw-w64-ucrt-x86_64-cc,
ucrt64,mingw-w64-ucrt-x86_64-libvpl,build-depends-on,mingw-w64-ucrt-x86_64-cc,
ucrt64,mingw-w64-ucrt-x86_64-libvpx,build-depends-on,mingw-w64-ucrt-x86_64-cc,
ucrt64,mingw-w64-ucrt-x86_64-libvterm,build-depends-on,mingw-w64-ucrt-x86_64-cc,
ucrt64,mingw-w64-ucrt-x86_64-libwebm,build-depends-on,mingw-w64-ucrt-x86_64-cc,
ucrt64,mingw-w64-ucrt-x86_64-libwebp,build-depends-on,mingw-w64-ucrt-x86_64-cc,
ucrt64,mingw-w64-ucrt-x86_64-libwebsockets,build-depends-on,mingw-w64-ucrt-x86_64-cc,
ucrt64,mingw-w64-ucrt-x86_64-libwinpthread,build-depends-on,mingw-w64-ucrt-x86_64-cc,
ucrt64,mingw-w64-ucrt-x86_64-libwmf,build-depends-on,mingw-w64-ucrt-x86_64-cc,
ucrt64,mingw-w64-ucrt-x86_64-libwpd,build-depends-on,mingw-w64-ucrt-x86_64-cc,
ucrt64,mingw-w64-ucrt-x86_64-libwpg,build-depends-on,mingw-w64-ucrt-x86_64-cc,
ucrt64,mingw-w64-ucrt-x86_64-libwps,build-depends-on,mingw-w64-ucrt-x86_64-cc,
ucrt64,mingw-w64-ucrt-x86_64-libx264,build-depends-on,mingw-w64-ucrt-x86_64-cc,
ucrt64,mingw-w64-ucrt-x86_64-libxc,build-depends-on,mingw-w64-ucrt-x86_64-cc,
ucrt64,mingw-w64-ucrt-x86_64-libxc,build-depends-on,mingw-w64-ucrt-x86_64-fc,
ucrt64,mingw-w64-ucrt-x86_64-libxisf,build-depends-on,mingw-w64-ucrt-x86_64-cc,
ucrt64,mingw-w64-ucrt-x86_64-libxlsxwriter,build-depends-on,mingw-w64-ucrt-x86_64-cc,
ucrt64,mingw-w64-ucrt-x86_64-libxml++,build-depends-on,mingw-w64-ucrt-x86_64-cc,
ucrt64,mingw-w64-ucrt-x86_64-libxml++-5.0,build-depends-on,mingw-w64-ucrt-x86_64-cc,
ucrt64,mingw-w64-ucrt-x86_64-libxml++2.6,build-depends-on,mingw-w64-ucrt-x86_64-cc,
ucrt64,mingw-w64-ucrt-x86_64-libxml2,build-depends-on,mingw-w64-ucrt-x86_64-cc,
ucrt64,mingw-w64-ucrt-x86_64-libxml2-docs,build-depends-on,mingw-w64-ucrt-x86_64-cc,
ucrt64,mingw-w64-ucrt-x86_64-libxmlb,build-depends-on,mingw-w64-ucrt-x86_64-cc,
ucrt64,mingw-w64-ucrt-x86_64-libxmp,build-depends-on,mingw-w64-ucrt-x86_64-cc,
ucrt64,mingw-w64-ucrt-x86_64-libxs,build-depends-on,mingw-w64-ucrt-x86_64-cc,
ucrt64,mingw-w64-ucrt-x86_64-libxs,build-depends-on,mingw-w64-ucrt-x86_64-fc,
ucrt64,mingw-w64-ucrt-x86_64-libxslt,build-depends-on,mingw-w64-ucrt-x86_64-cc,
ucrt64,mingw-w64-ucrt-x86_64-libxsmm,build-depends-on,mingw-w64-ucrt-x86_64-cc,
ucrt64,mingw-w64-ucrt-x86_64-libxsmm,build-depends-on,mingw-w64-ucrt-x86_64-fc,
ucrt64,mingw-w64-ucrt-x86_64-libxsmm,build-depends-on,mingw-w64-ucrt-x86_64-omp,
ucrt64,mingw-w64-ucrt-x86_64-libyaml,build-depends-on,mingw-w64-ucrt-x86_64-cc,
ucrt64,mingw-w64-ucrt-x86_64-libyuv,build-depends-on,mingw-w64-ucrt-x86_64-cc,
ucrt64,mingw-w64-ucrt-x86_64-libzen,build-depends-on,mingw-w64-ucrt-x86_64-cc,
ucrt64,mingw-w64-ucrt-x86_64-libzip,build-depends-on,mingw-w64-ucrt-x86_64-cc,
ucrt64,mingw-w64-ucrt-x86_64-libzmf,build-depends-on,mingw-w64-ucrt-x86_64-cc,
ucrt64,mingw-w64-ucrt-x86_64-lilv,build-depends-on,mingw-w64-ucrt-x86_64-cc,
ucrt64,mingw-w64-ucrt-x86_64-lis,build-depends-on,mingw-w64-ucrt-x86_64-cc,
ucrt64,mingw-w64-ucrt-x86_64-lite-xl,build-depends-on,mingw-w64-ucrt-x86_64-cc,
ucrt64,mingw-w64-ucrt-x86_64-litehtml,build-depends-on,mingw-w64-ucrt-x86_64-cc,
ucrt64,mingw-w64-ucrt-x86_64-live-chart,build-depends-on,mingw-w64-ucrt-x86_64-cc,
ucrt64,mingw-w64-ucrt-x86_64-live-chart-gtk3,build-depends-on,mingw-w64-ucrt-x86_64-cc,
ucrt64,mingw-w64-ucrt-x86_64-live-media,build-depends-on,mingw-w64-ucrt-x86_64-cc,
ucrt64,mingw-w64-ucrt-x86_64-live-photo-conv,build-depends-on,mingw-w64-ucrt-x86_64-cc,
ucrt64,mingw-w64-ucrt-x86_64-llama.cpp,build-depends-on,mingw-w64-ucrt-x86_64-cc,
ucrt64,mingw-w64-ucrt-x86_64-llama.qtcreator,build-depends-on,mingw-w64-ucrt-x86_64-cc,
ucrt64,mingw-w64-ucrt-x86_64-lld-21,build-depends-on,mingw-w64-ucrt-x86_64-cc,
ucrt64,mingw-w64-ucrt-x86_64-lldb,build-depends-on,mingw-w64-ucrt-x86_64-cc,
ucrt64,mingw-w64-ucrt-x86_64-lldb-mi,build-depends-on,mingw-w64-ucrt-x86_64-cc,
ucrt64,mingw-w64-ucrt-x86_64-llvm-21,build-depends-on,mingw-w64-ucrt-x86_64-cc,
ucrt64,mingw-w64-ucrt-x86_64-llvm-openmp,build-depends-on,mingw-w64-ucrt-x86_64-cc,
ucrt64,mingw-w64-ucrt-x86_64-lmdb,build-depends-on,mingw-w64-ucrt-x86_64-cc,
ucrt64,mingw-w64-ucrt-x86_64-lmdbxx,build-depends-on,mingw-w64-ucrt-x86_64-cc,
ucrt64,mingw-w64-ucrt-x86_64-log4cpp,build-depends-on,mingw-w64-ucrt-x86_64-cc,
ucrt64,mingw-w64-ucrt-x86_64-log4cxx,build-depends-on,mingw-w64-ucrt-x86_64-cc,
ucrt64,mingw-w64-ucrt-x86_64-lokalize,build-depends-on,mingw-w64-ucrt-x86_64-cc,
ucrt64,mingw-w64-ucrt-x86_64-lpsolve,build-depends-on,mingw-w64-ucrt-x86_64-cc,
ucrt64,mingw-w64-ucrt-x86_64-lrcalc,build-depends-on,mingw-w64-ucrt-x86_64-cc,
ucrt64,mingw-w64-ucrt-x86_64-lrdf,build-depends-on,mingw-w64-ucrt-x86_64-cc,
ucrt64,mingw-w64-ucrt-x86_64-lsp-dsp-lib,build-depends-on,mingw-w64-ucrt-x86_64-cc,
ucrt64,mingw-w64-ucrt-x86_64-lua,build-depends-on,mingw-w64-ucrt-x86_64-cc,
ucrt64,mingw-w64-ucrt-x86_64-lua-cjson,build-depends-on,mingw-w64-ucrt-x86_64-cc,
ucrt64,mingw-w64-ucrt-x86_64-lua-lgi,build-depends-on,mingw-w64-ucrt-x86_64-cc,
ucrt64,mingw-w64-ucrt-x86_64-lua-lpeg,build-depends-on,mingw-w64-ucrt-x86_64-cc,
ucrt64,mingw-w64-ucrt-x86_64-lua-luafilesystem,build-depends-on,mingw-w64-ucrt-x86_64-cc,
ucrt64,mingw-w64-ucrt-x86_64-lua-luarocks,build-depends-on,mingw-w64-ucrt-x86_64-cc,
ucrt64,mingw-w64-ucrt-x86_64-lua-mpack,build-depends-on,mingw-w64-ucrt-x86_64-cc,
ucrt64,mingw-w64-ucrt-x86_64-lua51,build-depends-on,mingw-w64-ucrt-x86_64-cc,
ucrt64,mingw-w64-ucrt-x86_64-lua51-bitop,build-depends-on,mingw-w64-ucrt-x86_64-cc,
ucrt64,mingw-w64-ucrt-x86_64-lua51-cjson,build-depends-on,mingw-w64-ucrt-x86_64-cc,
ucrt64,mingw-w64-ucrt-x86_64-lua51-lgi,build-depends-on,mingw-w64-ucrt-x86_64-cc,
ucrt64,mingw-w64-ucrt-x86_64-lua51-lpeg,build-depends-on,mingw-w64-ucrt-x86_64-cc,
ucrt64,mingw-w64-ucrt-x86_64-lua51-lsqlite3,build-depends-on,mingw-w64-ucrt-x86_64-cc,
ucrt64,mingw-w64-ucrt-x86_64-lua51-luafilesystem,build-depends-on,mingw-w64-ucrt-x86_64-cc,
ucrt64,mingw-w64-ucrt-x86_64-lua51-mpack,build-depends-on,mingw-w64-ucrt-x86_64-cc,
ucrt64,mingw-w64-ucrt-x86_64-lua51-winapi,build-depends-on,mingw-w64-ucrt-x86_64-cc,
ucrt64,mingw-w64-ucrt-x86_64-lua53,build-depends-on,mingw-w64-ucrt-x86_64-cc,
ucrt64,mingw-w64-ucrt-x86_64-lua53-cjson,build-depends-on,mingw-w64-ucrt-x86_64-cc,
ucrt64,mingw-w64-ucrt-x86_64-lua53-lgi,build-depends-on,mingw-w64-ucrt-x86_64-cc,
ucrt64,mingw-w64-ucrt-x86_64-lua53-luafilesystem,build-depends-on,mingw-w64-ucrt-x86_64-cc,
ucrt64,mingw-w64-ucrt-x86_64-lua54,build-depends-on,mingw-w64-ucrt-x86_64-cc,
ucrt64,mingw-w64-ucrt-x86_64-lua54-cjson,build-depends-on,mingw-w64-ucrt-x86_64-cc,
ucrt64,mingw-w64-ucrt-x86_64-lua54-lgi,build-depends-on,mingw-w64-ucrt-x86_64-cc,
ucrt64,mingw-w64-ucrt-x86_64-lua54-luafilesystem,build-depends-on,mingw-w64-ucrt-x86_64-cc,
ucrt64,mingw-w64-ucrt-x86_64-luajit,build-depends-on,mingw-w64-ucrt-x86_64-cc,
ucrt64,mingw-w64-ucrt-x86_64-lv2,build-depends-on,mingw-w64-ucrt-x86_64-cc,
ucrt64,mingw-w64-ucrt-x86_64-lv2-docs,build-depends-on,mingw-w64-ucrt-x86_64-cc,
ucrt64,mingw-w64-ucrt-x86_64-lz4,build-depends-on,mingw-w64-ucrt-x86_64-cc,
ucrt64,mingw-w64-ucrt-x86_64-lzo2,build-depends-on,mingw-w64-ucrt-x86_64-cc,
ucrt64,mingw-w64-ucrt-x86_64-m4ri,build-depends-on,mingw-w64-ucrt-x86_64-cc,
ucrt64,mingw-w64-ucrt-x86_64-m4rie,build-depends-on,mingw-w64-ucrt-x86_64-cc,
ucrt64,mingw-w64-ucrt-x86_64-m68k-apple-macos-binutils,build-depends-on,mingw-w64-ucrt-x86_64-cc,
ucrt64,mingw-w64-ucrt-x86_64-maeparser,build-depends-on,mingw-w64-ucrt-x86_64-cc,
ucrt64,mingw-w64-ucrt-x86_64-magnum,build-depends-on,mingw-w64-ucrt-x86_64-cc,
ucrt64,mingw-w64-ucrt-x86_64-magnum-integration,build-depends-on,mingw-w64-ucrt-x86_64-cc,
ucrt64,mingw-w64-ucrt-x86_64-magnum-plugins,build-depends-on,mingw-w64-ucrt-x86_64-cc,
ucrt64,mingw-w64-ucrt-x86_64-manifold,build-depends-on,mingw-w64-ucrt-x86_64-cc,
ucrt64,mingw-w64-ucrt-x86_64-manim,build-depends-on,mingw-w64-ucrt-x86_64-cc,
ucrt64,mingw-w64-ucrt-x86_64-mapbox-earcut,build-depends-on,mingw-w64-ucrt-x86_64-cc,
ucrt64,mingw-w64-ucrt-x86_64-mapserver,build-depends-on,mingw-w64-ucrt-x86_64-cc,
ucrt64,mingw-w64-ucrt-x86_64-mariadb-clients,build-depends-on,mingw-w64-ucrt-x86_64-cc,
ucrt64,mingw-w64-ucrt-x86_64-marisa,build-depends-on,mingw-w64-ucrt-x86_64-cc,
ucrt64,mingw-w64-ucrt-x86_64-mathgl,build-depends-on,mingw-w64-ucrt-x86_64-cc,
ucrt64,mingw-w64-ucrt-x86_64-matio,build-depends-on,mingw-w64-ucrt-x86_64-cc,
ucrt64,mingw-w64-ucrt-x86_64-maxflow,build-depends-on,mingw-w64-ucrt-x86_64-cc,
ucrt64,mingw-w64-ucrt-x86_64-mbedtls,build-depends-on,mingw-w64-ucrt-x86_64-cc,
ucrt64,mingw-w64-ucrt-x86_64-mcfgthread,build-depends-on,mingw-w64-ucrt-x86_64-cc,
ucrt64,mingw-w64-ucrt-x86_64-mcfgthread-libs,build-depends-on,mingw-w64-ucrt-x86_64-cc,
ucrt64,mingw-w64-ucrt-x86_64-mcpp,build-depends-on,mingw-w64-ucrt-x86_64-cc,
ucrt64,mingw-w64-ucrt-x86_64-mcqd,build-depends-on,mingw-w64-ucrt-x86_64-cc,
ucrt64,mingw-w64-ucrt-x86_64-mctc-lib,build-depends-on,mingw-w64-ucrt-x86_64-fc,
ucrt64,mingw-w64-ucrt-x86_64-md4c,build-depends-on,mingw-w64-ucrt-x86_64-cc,
ucrt64,mingw-w64-ucrt-x86_64-mdds,build-depends-on,mingw-w64-ucrt-x86_64-cc,
ucrt64,mingw-w64-ucrt-x86_64-mdloader,build-depends-on,mingw-w64-ucrt-x86_64-cc,
ucrt64,mingw-w64-ucrt-x86_64-meanwhile,build-depends-on,mingw-w64-ucrt-x86_64-cc,
ucrt64,mingw-w64-ucrt-x86_64-mecab,build-depends-on,mingw-w64-ucrt-x86_64-cc,
ucrt64,mingw-w64-ucrt-x86_64-med,build-depends-on,mingw-w64-ucrt-x86_64-cc,
ucrt64,mingw-w64-ucrt-x86_64-med,build-depends-on,mingw-w64-ucrt-x86_64-fc,
ucrt64,mingw-w64-ucrt-x86_64-mediainfo,build-depends-on,mingw-w64-ucrt-x86_64-cc,
ucrt64,mingw-w64-ucrt-x86_64-mediainfo-gui,build-depends-on,mingw-w64-ucrt-x86_64-cc,
ucrt64,mingw-w64-ucrt-x86_64-meld3,build-depends-on,mingw-w64-ucrt-x86_64-cc,
ucrt64,mingw-w64-ucrt-x86_64-mesa,build-depends-on,mingw-w64-ucrt-x86_64-cc,
ucrt64,mingw-w64-ucrt-x86_64-meshoptimizer,build-depends-on,mingw-w64-ucrt-x86_64-cc,
ucrt64,mingw-w64-ucrt-x86_64-mesonlsp,build-depends-on,mingw-w64-ucrt-x86_64-cc,
ucrt64,mingw-w64-ucrt-x86_64-metis,build-depends-on,mingw-w64-ucrt-x86_64-cc,
ucrt64,mingw-w64-ucrt-x86_64-mfem,build-depends-on,mingw-w64-ucrt-x86_64-cc,
ucrt64,mingw-w64-ucrt-x86_64-mgba,build-depends-on,mingw-w64-ucrt-x86_64-SDL2,
ucrt64,mingw-w64-ucrt-x86_64-mgba,build-depends-on,mingw-w64-ucrt-x86_64-cc,
ucrt64,mingw-w64-ucrt-x86_64-mhook,build-depends-on,mingw-w64-ucrt-x86_64-cc,
ucrt64,mingw-w64-ucrt-x86_64-micro,build-depends-on,mingw-w64-ucrt-x86_64-cc,
ucrt64,mingw-w64-ucrt-x86_64-microsoft-gsl,build-depends-on,mingw-w64-ucrt-x86_64-cc,
ucrt64,mingw-w64-ucrt-x86_64-mimalloc,build-depends-on,mingw-w64-ucrt-x86_64-cc,
ucrt64,mingw-w64-ucrt-x86_64-miniaudio,build-depends-on,mingw-w64-ucrt-x86_64-SDL2,
ucrt64,mingw-w64-ucrt-x86_64-miniaudio,build-depends-on,mingw-w64-ucrt-x86_64-cc,
ucrt64,mingw-w64-ucrt-x86_64-minio,build-depends-on,mingw-w64-ucrt-x86_64-cc,
ucrt64,mingw-w64-ucrt-x86_64-minio-client,build-depends-on,mingw-w64-ucrt-x86_64-cc,
ucrt64,mingw-w64-ucrt-x86_64-minio-docs,build-depends-on,mingw-w64-ucrt-x86_64-cc,
ucrt64,mingw-w64-ucrt-x86_64-miniserve,build-depends-on,mingw-w64-ucrt-x86_64-cc,
ucrt64,mingw-w64-ucrt-x86_64-minisign,build-depends-on,mingw-w64-ucrt-x86_64-cc,
ucrt64,mingw-w64-ucrt-x86_64-miniupnpc,build-depends-on,mingw-w64-ucrt-x86_64-cc,
ucrt64,mingw-w64-ucrt-x86_64-minizip,build-depends-on,mingw-w64-ucrt-x86_64-cc,
ucrt64,mingw-w64-ucrt-x86_64-minizip-ng,build-depends-on,mingw-w64-ucrt-x86_64-cc,
ucrt64,mingw-w64-ucrt-x86_64-mkvtoolnix-cli,build-depends-on,mingw-w64-ucrt-x86_64-cc,
ucrt64,mingw-w64-ucrt-x86_64-mkvtoolnix-gui,build-depends-on,mingw-w64-ucrt-x86_64-cc,
ucrt64,mingw-w64-ucrt-x86_64-mlpack,build-depends-on,mingw-w64-ucrt-x86_64-cc,
ucrt64,mingw-w64-ucrt-x86_64-mlt,build-depends-on,mingw-w64-ucrt-x86_64-SDL,
ucrt64,mingw-w64-ucrt-x86_64-mlt,build-depends-on,mingw-w64-ucrt-x86_64-cc,
ucrt64,mingw-w64-ucrt-x86_64-mman-win32,build-depends-on,mingw-w64-ucrt-x86_64-cc,
ucrt64,mingw-w64-ucrt-x86_64-mmtf-cpp,build-depends-on,mingw-w64-ucrt-x86_64-cc,
ucrt64,mingw-w64-ucrt-x86_64-moab,build-depends-on,mingw-w64-ucrt-x86_64-cc,
ucrt64,mingw-w64-ucrt-x86_64-mold,build-depends-on,mingw-w64-ucrt-x86_64-cc,
ucrt64,mingw-w64-ucrt-x86_64-molequeue,build-depends-on,mingw-w64-ucrt-x86_64-cc,
ucrt64,mingw-w64-ucrt-x86_64-mongo-c-driver,build-depends-on,mingw-w64-ucrt-x86_64-cc,
ucrt64,mingw-w64-ucrt-x86_64-mono,build-depends-on,mingw-w64-ucrt-x86_64-cc,
ucrt64,mingw-w64-ucrt-x86_64-mono,build-depends-on,perl-XML-Parser,
ucrt64,mingw-w64-ucrt-x86_64-mono-basic,build-depends-on,mingw-w64-ucrt-x86_64-cc,
ucrt64,mingw-w64-ucrt-x86_64-moor,build-depends-on,mingw-w64-ucrt-x86_64-cc,
ucrt64,mingw-w64-ucrt-x86_64-mopac,build-depends-on,mingw-w64-ucrt-x86_64-fc,
ucrt64,mingw-w64-ucrt-x86_64-mosquitto,build-depends-on,mingw-w64-ucrt-x86_64-cc,
ucrt64,mingw-w64-ucrt-x86_64-mpc,build-depends-on,mingw-w64-ucrt-x86_64-cc,
ucrt64,mingw-w64-ucrt-x86_64-mpdecimal,build-depends-on,mingw-w64-ucrt-x86_64-cc,
ucrt64,mingw-w64-ucrt-x86_64-mpfi,build-depends-on,mingw-w64-ucrt-x86_64-cc,
ucrt64,mingw-w64-ucrt-x86_64-mpfr,build-depends-on,mingw-w64-ucrt-x86_64-cc,
ucrt64,mingw-w64-ucrt-x86_64-mpg123,build-depends-on,mingw-w64-ucrt-x86_64-SDL2,
ucrt64,mingw-w64-ucrt-x86_64-mpg123,build-depends-on,mingw-w64-ucrt-x86_64-cc,
ucrt64,mingw-w64-ucrt-x86_64-mpv,build-depends-on,mingw-w64-ucrt-x86_64-cc,
ucrt64,mingw-w64-ucrt-x86_64-mruby,build-depends-on,mingw-w64-ucrt-x86_64-cc,
ucrt64,mingw-w64-ucrt-x86_64-mscgen,build-depends-on,mingw-w64-ucrt-x86_64-cc,
ucrt64,mingw-w64-ucrt-x86_64-msgpack-c,build-depends-on,mingw-w64-ucrt-x86_64-cc,
ucrt64,mingw-w64-ucrt-x86_64-msgpack-cxx,build-depends-on,mingw-w64-ucrt-x86_64-cc,
ucrt64,mingw-w64-ucrt-x86_64-msitools,build-depends-on,mingw-w64-ucrt-x86_64-cc,
ucrt64,mingw-w64-ucrt-x86_64-msmpi,build-depends-on,mingw-w64-ucrt-x86_64-fc,
ucrt64,mingw-w64-ucrt-x86_64-msmtp,build-depends-on,mingw-w64-ucrt-x86_64-cc,
ucrt64,mingw-w64-ucrt-x86_64-msolve,build-depends-on,mingw-w64-ucrt-x86_64-cc,
ucrt64,mingw-w64-ucrt-x86_64-mstore,build-depends-on,mingw-w64-ucrt-x86_64-fc,
ucrt64,mingw-w64-ucrt-x86_64-mtex2MML,build-depends-on,bison,
ucrt64,mingw-w64-ucrt-x86_64-mtex2MML,build-depends-on,flex,
ucrt64,mingw-w64-ucrt-x86_64-mtex2MML,build-depends-on,mingw-w64-ucrt-x86_64-cc,
ucrt64,mingw-w64-ucrt-x86_64-mtex2MML,build-depends-on,mingw-w64-ucrt-x86_64-cmake,
ucrt64,mingw-w64-ucrt-x86_64-mtex2MML,build-depends-on,mingw-w64-ucrt-x86_64-pkgconf,
ucrt64,mingw-w64-ucrt-x86_64-mtex2MML,build-depends-on,mingw-w64-ucrt-x86_64-python3,
ucrt64,mingw-w64-ucrt-x86_64-mtn,build-depends-on,mingw-w64-ucrt-x86_64-cc,
ucrt64,mingw-w64-ucrt-x86_64-mtools,build-depends-on,mingw-w64-ucrt-x86_64-cc,
ucrt64,mingw-w64-ucrt-x86_64-mujs,build-depends-on,mingw-w64-ucrt-x86_64-cc,
ucrt64,mingw-w64-ucrt-x86_64-multicharge,build-depends-on,mingw-w64-ucrt-x86_64-fc,
ucrt64,mingw-w64-ucrt-x86_64-mumps,build-depends-on,mingw-w64-ucrt-x86_64-cc,
ucrt64,mingw-w64-ucrt-x86_64-mumps,build-depends-on,mingw-w64-ucrt-x86_64-fc,
ucrt64,mingw-w64-ucrt-x86_64-munt,build-depends-on,mingw-w64-ucrt-x86_64-cc,
ucrt64,mingw-w64-ucrt-x86_64-munt-mt32emu,build-depends-on,mingw-w64-ucrt-x86_64-cc,
ucrt64,mingw-w64-ucrt-x86_64-muon,build-depends-on,mingw-w64-ucrt-x86_64-cc,
ucrt64,mingw-w64-ucrt-x86_64-muparser,build-depends-on,mingw-w64-ucrt-x86_64-cc,
ucrt64,mingw-w64-ucrt-x86_64-mxml,build-depends-on,mingw-w64-ucrt-x86_64-cc,
ucrt64,mingw-w64-ucrt-x86_64-mypaint,build-depends-on,mingw-w64-ucrt-x86_64-cc,
ucrt64,mingw-w64-ucrt-x86_64-mypaint-brushes,build-depends-on,mingw-w64-ucrt-x86_64-cc,
ucrt64,mingw-w64-ucrt-x86_64-mypaint-brushes2,build-depends-on,mingw-w64-ucrt-x86_64-cc,
ucrt64,mingw-w64-ucrt-x86_64-mypy,build-depends-on,mingw-w64-ucrt-x86_64-cc,
ucrt64,mingw-w64-ucrt-x86_64-mythes,build-depends-on,mingw-w64-ucrt-x86_64-cc,
ucrt64,mingw-w64-ucrt-x86_64-nana,build-depends-on,mingw-w64-ucrt-x86_64-cc,
ucrt64,mingw-w64-ucrt-x86_64-nanoarrow,build-depends-on,mingw-w64-ucrt-x86_64-cc,
ucrt64,mingw-w64-ucrt-x86_64-nanobind,build-depends-on,mingw-w64-ucrt-x86_64-cc,
ucrt64,mingw-w64-ucrt-x86_64-nanodbc,build-depends-on,mingw-w64-ucrt-x86_64-cc,
ucrt64,mingw-w64-ucrt-x86_64-nanogui,build-depends-on,mingw-w64-ucrt-x86_64-cc,
ucrt64,mingw-w64-ucrt-x86_64-nanovg,build-depends-on,mingw-w64-ucrt-x86_64-cc,
ucrt64,mingw-w64-ucrt-x86_64-nasm,build-depends-on,mingw-w64-ucrt-x86_64-cc,
ucrt64,mingw-w64-ucrt-x86_64-nativefiledialog-extended,build-depends-on,mingw-w64-ucrt-x86_64-cc,
ucrt64,mingw-w64-ucrt-x86_64-nauty,build-depends-on,mingw-w64-ucrt-x86_64-cc,
ucrt64,mingw-w64-ucrt-x86_64-ncurses,build-depends-on,mingw-w64-ucrt-x86_64-cc,
ucrt64,mingw-w64-ucrt-x86_64-neon,build-depends-on,mingw-w64-ucrt-x86_64-cc,
ucrt64,mingw-w64-ucrt-x86_64-neovim,build-depends-on,mingw-w64-ucrt-x86_64-cc,
ucrt64,mingw-w64-ucrt-x86_64-neovim-qt,build-depends-on,mingw-w64-ucrt-x86_64-cc,
ucrt64,mingw-w64-ucrt-x86_64-netcdf,build-depends-on,mingw-w64-ucrt-x86_64-cc,
ucrt64,mingw-w64-ucrt-x86_64-netcdf-cxx,build-depends-on,mingw-w64-ucrt-x86_64-cc,
ucrt64,mingw-w64-ucrt-x86_64-netcdf-fortran,build-depends-on,mingw-w64-ucrt-x86_64-cc,
ucrt64,mingw-w64-ucrt-x86_64-netcdf-fortran,build-depends-on,mingw-w64-ucrt-x86_64-fc,
ucrt64,mingw-w64-ucrt-x86_64-nettle,build-depends-on,mingw-w64-ucrt-x86_64-cc,
ucrt64,mingw-w64-ucrt-x86_64-nettle3,build-depends-on,mingw-w64-ucrt-x86_64-cc,
ucrt64,mingw-w64-ucrt-x86_64-newton-dynamics,build-depends-on,mingw-w64-ucrt-x86_64-cc,
ucrt64,mingw-w64-ucrt-x86_64-nextpnr,build-depends-on,mingw-w64-ucrt-x86_64-cc,
ucrt64,mingw-w64-ucrt-x86_64-nfft,build-depends-on,mingw-w64-ucrt-x86_64-cc,
ucrt64,mingw-w64-ucrt-x86_64-ng-log,build-depends-on,mingw-w64-ucrt-x86_64-cc,
ucrt64,mingw-w64-ucrt-x86_64-nghttp2,build-depends-on,mingw-w64-ucrt-x86_64-cc,
ucrt64,mingw-w64-ucrt-x86_64-nghttp3,build-depends-on,mingw-w64-ucrt-x86_64-cc,
ucrt64,mingw-w64-ucrt-x86_64-ngraph-gtk,build-depends-on,mingw-w64-ucrt-x86_64-cc,
ucrt64,mingw-w64-ucrt-x86_64-ngspice,build-depends-on,mingw-w64-ucrt-x86_64-cc,
ucrt64,mingw-w64-ucrt-x86_64-ngtcp2,build-depends-on,mingw-w64-ucrt-x86_64-cc,
ucrt64,mingw-w64-ucrt-x86_64-nim,build-depends-on,mingw-w64-ucrt-x86_64-cc,
ucrt64,mingw-w64-ucrt-x86_64-nimble,build-depends-on,mingw-w64-ucrt-x86_64-cc,
ucrt64,mingw-w64-ucrt-x86_64-ninja,build-depends-on,mingw-w64-ucrt-x86_64-cc,
ucrt64,mingw-w64-ucrt-x86_64-nlohmann-json,build-depends-on,mingw-w64-ucrt-x86_64-cc,
ucrt64,mingw-w64-ucrt-x86_64-nlopt,build-depends-on,mingw-w64-ucrt-x86_64-cc,
ucrt64,mingw-w64-ucrt-x86_64-nme,build-depends-on,mingw-w64-ucrt-x86_64-cc,
ucrt64,mingw-w64-ucrt-x86_64-nng,build-depends-on,mingw-w64-ucrt-x86_64-cc,
ucrt64,mingw-w64-ucrt-x86_64-nodeeditor,build-depends-on,mingw-w64-ucrt-x86_64-cc,
ucrt64,mingw-w64-ucrt-x86_64-nodejs,build-depends-on,mingw-w64-ucrt-x86_64-cc,
ucrt64,mingw-w64-ucrt-x86_64-notcurses,build-depends-on,mingw-w64-ucrt-x86_64-cc,
ucrt64,mingw-w64-ucrt-x86_64-npth,build-depends-on,mingw-w64-ucrt-x86_64-cc,
ucrt64,mingw-w64-ucrt-x86_64-nsis,build-depends-on,mingw-w64-ucrt-x86_64-cc,
ucrt64,mingw-w64-ucrt-x86_64-nspr,build-depends-on,mingw-w64-ucrt-x86_64-cc,
ucrt64,mingw-w64-ucrt-x86_64-nss,build-depends-on,mingw-w64-ucrt-x86_64-cc,
ucrt64,mingw-w64-ucrt-x86_64-nsync,build-depends-on,mingw-w64-ucrt-x86_64-cc,
ucrt64,mingw-w64-ucrt-x86_64-ntl,build-depends-on,mingw-w64-ucrt-x86_64-cc,
ucrt64,mingw-w64-ucrt-x86_64-ntldd,build-depends-on,mingw-w64-ucrt-x86_64-cc,
ucrt64,mingw-w64-ucrt-x86_64-nuspell,build-depends-on,mingw-w64-ucrt-x86_64-cc,
ucrt64,mingw-w64-ucrt-x86_64-nvidia-cg-toolkit,build-depends-on,mingw-w64-ucrt-x86_64-cc,
ucrt64,mingw-w64-ucrt-x86_64-oatpp,build-depends-on,mingw-w64-ucrt-x86_64-cc,
ucrt64,mingw-w64-ucrt-x86_64-ocaml,build-depends-on,mingw-w64-ucrt-x86_64-cc,
ucrt64,mingw-w64-ucrt-x86_64-ocaml-compiler-libs,build-depends-on,mingw-w64-ucrt-x86_64-cc,
ucrt64,mingw-w64-ucrt-x86_64-oce,build-depends-on,mingw-w64-ucrt-x86_64-cc,
ucrt64,mingw-w64-ucrt-x86_64-octave,build-depends-on,mingw-w64-ucrt-x86_64-cc,
ucrt64,mingw-w64-ucrt-x86_64-octave,build-depends-on,mingw-w64-ucrt-x86_64-fc,
ucrt64,mingw-w64-ucrt-x86_64-ode,build-depends-on,mingw-w64-ucrt-x86_64-cc,
ucrt64,mingw-w64-ucrt-x86_64-odt2txt,build-depends-on,mingw-w64-ucrt-x86_64-cc,
ucrt64,mingw-w64-ucrt-x86_64-ogre3d,build-depends-on,mingw-w64-ucrt-x86_64-cc,
ucrt64,mingw-w64-ucrt-x86_64-oh-my-posh,build-depends-on,mingw-w64-ucrt-x86_64-cc,
ucrt64,mingw-w64-ucrt-x86_64-ois,build-depends-on,mingw-w64-ucrt-x86_64-cc,
ucrt64,mingw-w64-ucrt-x86_64-okular,build-depends-on,mingw-w64-ucrt-x86_64-cc,
ucrt64,mingw-w64-ucrt-x86_64-ollama,build-depends-on,mingw-w64-ucrt-x86_64-cc,
ucrt64,mingw-w64-ucrt-x86_64-onednn,build-depends-on,mingw-w64-ucrt-x86_64-cc,
ucrt64,mingw-w64-ucrt-x86_64-onigmo,build-depends-on,mingw-w64-ucrt-x86_64-cc,
ucrt64,mingw-w64-ucrt-x86_64-oniguruma,build-depends-on,mingw-w64-ucrt-x86_64-cc,
ucrt64,mingw-w64-ucrt-x86_64-onnx,build-depends-on,mingw-w64-ucrt-x86_64-cc,
ucrt64,mingw-w64-ucrt-x86_64-onnxruntime,build-depends-on,mingw-w64-ucrt-x86_64-cc,
ucrt64,mingw-w64-ucrt-x86_64-open62541,build-depends-on,mingw-w64-ucrt-x86_64-cc,
ucrt64,mingw-w64-ucrt-x86_64-openFPGALoader,build-depends-on,mingw-w64-ucrt-x86_64-cc,
ucrt64,mingw-w64-ucrt-x86_64-openFPGALoader,build-depends-on,mingw-w64-ucrt-x86_64-cmake,
ucrt64,mingw-w64-ucrt-x86_64-openFPGALoader,build-depends-on,mingw-w64-ucrt-x86_64-ninja,
ucrt64,mingw-w64-ucrt-x86_64-openal,build-depends-on,mingw-w64-ucrt-x86_64-cc,
ucrt64,mingw-w64-ucrt-x86_64-openapv,build-depends-on,mingw-w64-ucrt-x86_64-cc,
ucrt64,mingw-w64-ucrt-x86_64-openbabel,build-depends-on,mingw-w64-ucrt-x86_64-cc,
ucrt64,mingw-w64-ucrt-x86_64-openblas,build-depends-on,mingw-w64-ucrt-x86_64-cc,
ucrt64,mingw-w64-ucrt-x86_64-openblas,build-depends-on,mingw-w64-ucrt-x86_64-fc,
ucrt64,mingw-w64-ucrt-x86_64-openblas64,build-depends-on,mingw-w64-ucrt-x86_64-cc,
ucrt64,mingw-w64-ucrt-x86_64-openblas64,build-depends-on,mingw-w64-ucrt-x86_64-fc,
ucrt64,mingw-w64-ucrt-x86_64-opencamlib,build-depends-on,mingw-w64-ucrt-x86_64-cc,
ucrt64,mingw-w64-ucrt-x86_64-opencascade,build-depends-on,mingw-w64-ucrt-x86_64-cc,
ucrt64,mingw-w64-ucrt-x86_64-opencascade-doc-overview,build-depends-on,mingw-w64-ucrt-x86_64-cc,
ucrt64,mingw-w64-ucrt-x86_64-opencascade-doc-refman,build-depends-on,mingw-w64-ucrt-x86_64-cc,
ucrt64,mingw-w64-ucrt-x86_64-opencc,build-depends-on,mingw-w64-ucrt-x86_64-cc,
ucrt64,mingw-w64-ucrt-x86_64-opencl-clhpp,build-depends-on,mingw-w64-ucrt-x86_64-cc,
ucrt64,mingw-w64-ucrt-x86_64-opencl-headers,build-depends-on,mingw-w64-ucrt-x86_64-cc,
ucrt64,mingw-w64-ucrt-x86_64-opencl-icd,build-depends-on,mingw-w64-ucrt-x86_64-cc,
ucrt64,mingw-w64-ucrt-x86_64-opencollada,build-depends-on,mingw-w64-ucrt-x86_64-cc,
ucrt64,mingw-w64-ucrt-x86_64-opencolorio,build-depends-on,mingw-w64-ucrt-x86_64-cc,
ucrt64,mingw-w64-ucrt-x86_64-opencore-amr,build-depends-on,mingw-w64-ucrt-x86_64-cc,
ucrt64,mingw-w64-ucrt-x86_64-opencsg,build-depends-on,mingw-w64-ucrt-x86_64-cc,
ucrt64,mingw-w64-ucrt-x86_64-opencv,build-depends-on,mingw-w64-ucrt-x86_64-cc,
ucrt64,mingw-w64-ucrt-x86_64-opencv,build-depends-on,mingw-w64-ucrt-x86_64-fc,
ucrt64,mingw-w64-ucrt-x86_64-openexr,build-depends-on,mingw-w64-ucrt-x86_64-cc,
ucrt64,mingw-w64-ucrt-x86_64-openfa,build-depends-on,mingw-w64-ucrt-x86_64-cc,
ucrt64,mingw-w64-ucrt-x86_64-openh264,build-depends-on,mingw-w64-ucrt-x86_64-cc,
ucrt64,mingw-w64-ucrt-x86_64-openimagedenoise,build-depends-on,mingw-w64-ucrt-x86_64-cc,
ucrt64,mingw-w64-ucrt-x86_64-openimageio,build-depends-on,mingw-w64-ucrt-x86_64-cc,
ucrt64,mingw-w64-ucrt-x86_64-openjpeg2,build-depends-on,mingw-w64-ucrt-x86_64-cc,
ucrt64,mingw-w64-ucrt-x86_64-openjph,build-depends-on,mingw-w64-ucrt-x86_64-cc,
ucrt64,mingw-w64-ucrt-x86_64-openldap,build-depends-on,mingw-w64-ucrt-x86_64-cc,
ucrt64,mingw-w64-ucrt-x86_64-openlibm,build-depends-on,mingw-w64-ucrt-x86_64-cc,
ucrt64,mingw-w64-ucrt-x86_64-openocd,build-depends-on,mingw-w64-ucrt-x86_64-cc,
ucrt64,mingw-w64-ucrt-x86_64-openpgl,build-depends-on,mingw-w64-ucrt-x86_64-cc,
ucrt64,mingw-w64-ucrt-x86_64-openscad,build-depends-on,mingw-w64-ucrt-x86_64-cc,
ucrt64,mingw-w64-ucrt-x86_64-openshadinglanguage,build-depends-on,mingw-w64-ucrt-x86_64-cc,
ucrt64,mingw-w64-ucrt-x86_64-openslide,build-depends-on,mingw-w64-ucrt-x86_64-cc,
ucrt64,mingw-w64-ucrt-x86_64-openssl,build-depends-on,mingw-w64-ucrt-x86_64-cc,
ucrt64,mingw-w64-ucrt-x86_64-opensubdiv,build-depends-on,mingw-w64-ucrt-x86_64-cc,
ucrt64,mingw-w64-ucrt-x86_64-opensubdiv-docs,build-depends-on,mingw-w64-ucrt-x86_64-cc,
ucrt64,mingw-w64-ucrt-x86_64-opentimelineio,build-depends-on,mingw-w64-ucrt-x86_64-cc,
ucrt64,mingw-w64-ucrt-x86_64-openturns,build-depends-on,mingw-w64-ucrt-x86_64-cc,
ucrt64,mingw-w64-ucrt-x86_64-openvdb,build-depends-on,mingw-w64-ucrt-x86_64-cc,
ucrt64,mingw-w64-ucrt-x86_64-openvr,build-depends-on,mingw-w64-ucrt-x86_64-cc,
ucrt64,mingw-w64-ucrt-x86_64-openxr-sdk,build-depends-on,mingw-w64-ucrt-x86_64-cc,
ucrt64,mingw-w64-ucrt-x86_64-optipng,build-depends-on,mingw-w64-ucrt-x86_64-cc,
ucrt64,mingw-w64-ucrt-x86_64-opus,build-depends-on,mingw-w64-ucrt-x86_64-cc,
ucrt64,mingw-w64-ucrt-x86_64-opus-docs,build-depends-on,mingw-w64-ucrt-x86_64-cc,
ucrt64,mingw-w64-ucrt-x86_64-opus-tools,build-depends-on,mingw-w64-ucrt-x86_64-cc,
ucrt64,mingw-w64-ucrt-x86_64-opusfile,build-depends-on,mingw-w64-ucrt-x86_64-cc,
ucrt64,mingw-w64-ucrt-x86_64-oqsprovider,build-depends-on,mingw-w64-ucrt-x86_64-cc,
ucrt64,mingw-w64-ucrt-x86_64-orc,build-depends-on,mingw-w64-ucrt-x86_64-cc,
ucrt64,mingw-w64-ucrt-x86_64-orcus,build-depends-on,mingw-w64-ucrt-x86_64-cc,
ucrt64,mingw-w64-ucrt-x86_64-osgQt,build-depends-on,mingw-w64-ucrt-x86_64-cc,
ucrt64,mingw-w64-ucrt-x86_64-osgQt,build-depends-on,mingw-w64-ucrt-x86_64-cmake,
ucrt64,mingw-w64-ucrt-x86_64-osgQt,build-depends-on,mingw-w64-ucrt-x86_64-ninja,
ucrt64,mingw-w64-ucrt-x86_64-osgbullet,build-depends-on,mingw-w64-ucrt-x86_64-cc,
ucrt64,mingw-w64-ucrt-x86_64-osgearth,build-depends-on,mingw-w64-ucrt-x86_64-cc,
ucrt64,mingw-w64-ucrt-x86_64-osgocean,build-depends-on,mingw-w64-ucrt-x86_64-cc,
ucrt64,mingw-w64-ucrt-x86_64-osgqtquick,build-depends-on,mingw-w64-ucrt-x86_64-cc,
ucrt64,mingw-w64-ucrt-x86_64-osgworks,build-depends-on,mingw-w64-ucrt-x86_64-cc,
ucrt64,mingw-w64-ucrt-x86_64-osl,build-depends-on,mingw-w64-ucrt-x86_64-cc,
ucrt64,mingw-w64-ucrt-x86_64-osm-gps-map,build-depends-on,mingw-w64-ucrt-x86_64-cc,
ucrt64,mingw-w64-ucrt-x86_64-ossia-score,build-depends-on,mingw-w64-ucrt-x86_64-cc,
ucrt64,mingw-w64-ucrt-x86_64-osslsigncode,build-depends-on,mingw-w64-ucrt-x86_64-cc,
ucrt64,mingw-w64-ucrt-x86_64-oxipng,build-depends-on,mingw-w64-ucrt-x86_64-cc,
ucrt64,mingw-w64-ucrt-x86_64-p11-kit,build-depends-on,mingw-w64-ucrt-x86_64-cc,
ucrt64,mingw-w64-ucrt-x86_64-paho.mqtt.c,build-depends-on,mingw-w64-ucrt-x86_64-cc,
ucrt64,mingw-w64-ucrt-x86_64-pango,build-depends-on,mingw-w64-ucrt-x86_64-cc,
ucrt64,mingw-w64-ucrt-x86_64-pango-docs,build-depends-on,mingw-w64-ucrt-x86_64-cc,
ucrt64,mingw-w64-ucrt-x86_64-pangomm,build-depends-on,mingw-w64-ucrt-x86_64-cc,
ucrt64,mingw-w64-ucrt-x86_64-pangomm-2.48,build-depends-on,mingw-w64-ucrt-x86_64-cc,
ucrt64,mingw-w64-ucrt-x86_64-paraview,build-depends-on,mingw-w64-ucrt-x86_64-cc,
ucrt64,mingw-w64-ucrt-x86_64-paraview,build-depends-on,mingw-w64-ucrt-x86_64-fc,
ucrt64,mingw-w64-ucrt-x86_64-parmetis,build-depends-on,mingw-w64-ucrt-x86_64-cc,
ucrt64,mingw-w64-ucrt-x86_64-parpack,build-depends-on,mingw-w64-ucrt-x86_64-fc,
ucrt64,mingw-w64-ucrt-x86_64-parsec,build-depends-on,mingw-w64-ucrt-x86_64-cc,
ucrt64,mingw-w64-ucrt-x86_64-partio,build-depends-on,mingw-w64-ucrt-x86_64-cc,
ucrt64,mingw-w64-ucrt-x86_64-pastix,build-depends-on,mingw-w64-ucrt-x86_64-cc,
ucrt64,mingw-w64-ucrt-x86_64-pastix,build-depends-on,mingw-w64-ucrt-x86_64-fc,
ucrt64,mingw-w64-ucrt-x86_64-pcaudiolib,build-depends-on,mingw-w64-ucrt-x86_64-cc,
ucrt64,mingw-w64-ucrt-x86_64-pcre,build-depends-on,mingw-w64-ucrt-x86_64-cc,
ucrt64,mingw-w64-ucrt-x86_64-pcre2,build-depends-on,mingw-w64-ucrt-x86_64-cc,
ucrt64,mingw-w64-ucrt-x86_64-pdal,build-depends-on,mingw-w64-ucrt-x86_64-cc,
ucrt64,mingw-w64-ucrt-x86_64-pdcurses,build-depends-on,mingw-w64-ucrt-x86_64-cc,
ucrt64,mingw-w64-ucrt-x86_64-pdf2djvu,build-depends-on,mingw-w64-ucrt-x86_64-cc,
ucrt64,mingw-w64-ucrt-x86_64-pdf2djvu,check-depends-on,mingw-w64-ucrt-x86_64-python2-nose,
ucrt64,mingw-w64-ucrt-x86_64-pdf2svg,build-depends-on,mingw-w64-ucrt-x86_64-cc,
ucrt64,mingw-w64-ucrt-x86_64-pdfpc,build-depends-on,mingw-w64-ucrt-x86_64-cc,
ucrt64,mingw-w64-ucrt-x86_64-pegtl,build-depends-on,mingw-w64-ucrt-x86_64-cc,
ucrt64,mingw-w64-ucrt-x86_64-pelican,build-depends-on,mingw-w64-ucrt-x86_64-cc,
ucrt64,mingw-w64-ucrt-x86_64-perl,build-depends-on,mingw-w64-ucrt-x86_64-cc,
ucrt64,mingw-w64-ucrt-x86_64-perl-authen-sasl,build-depends-on,mingw-w64-ucrt-x86_64-make,
ucrt64,mingw-w64-ucrt-x86_64-perl-autovivification,build-depends-on,mingw-w64-ucrt-x86_64-cc,
ucrt64,mingw-w64-ucrt-x86_64-perl-clone,build-depends-on,mingw-w64-ucrt-x86_64-cc,
ucrt64,mingw-w64-ucrt-x86_64-perl-convert-binhex,build-depends-on,mingw-w64-ucrt-x86_64-make,
ucrt64,mingw-w64-ucrt-x86_64-perl-datetime,build-depends-on,mingw-w64-ucrt-x86_64-cc,
ucrt64,mingw-w64-ucrt-x86_64-perl-dbi,build-depends-on,mingw-w64-ucrt-x86_64-cc,
ucrt64,mingw-w64-ucrt-x86_64-perl-dbi,build-depends-on,mingw-w64-ucrt-x86_64-make,
ucrt64,mingw-w64-ucrt-x86_64-perl-devel-cover,build-depends-on,mingw-w64-ucrt-x86_64-cc,
ucrt64,mingw-w64-ucrt-x86_64-perl-digest-sha,build-depends-on,mingw-w64-ucrt-x86_64-cc,
ucrt64,mingw-w64-ucrt-x86_64-perl-doc,build-depends-on,mingw-w64-ucrt-x86_64-cc,
ucrt64,mingw-w64-ucrt-x86_64-perl-encode-eucjpascii,build-depends-on,mingw-w64-ucrt-x86_64-cc,
ucrt64,mingw-w64-ucrt-x86_64-perl-encode-hanextra,build-depends-on,mingw-w64-ucrt-x86_64-cc,
ucrt64,mingw-w64-ucrt-x86_64-perl-error,build-depends-on,mingw-w64-ucrt-x86_64-make,
ucrt64,mingw-w64-ucrt-x86_64-perl-html-parser,build-depends-on,mingw-w64-ucrt-x86_64-cc,
ucrt64,mingw-w64-ucrt-x86_64-perl-io-stringy,build-depends-on,mingw-w64-ucrt-x86_64-make,
ucrt64,mingw-w64-ucrt-x86_64-perl-list-moreutils-xs,build-depends-on,mingw-w64-ucrt-x86_64-cc,
ucrt64,mingw-w64-ucrt-x86_64-perl-mailtools,build-depends-on,mingw-w64-ucrt-x86_64-make,
ucrt64,mingw-w64-ucrt-x86_64-perl-mime-tools,build-depends-on,mingw-w64-ucrt-x86_64-make,
ucrt64,mingw-w64-ucrt-x86_64-perl-module-build,build-depends-on,mingw-w64-ucrt-x86_64-cc,
ucrt64,mingw-w64-ucrt-x86_64-perl-net-smtp-ssl,build-depends-on,mingw-w64-ucrt-x86_64-make,
ucrt64,mingw-w64-ucrt-x86_64-perl-net-ssleay,build-depends-on,mingw-w64-ucrt-x86_64-cc,
ucrt64,mingw-w64-ucrt-x86_64-perl-package-stash,build-depends-on,mingw-w64-ucrt-x86_64-cc,
ucrt64,mingw-w64-ucrt-x86_64-perl-package-stash-xs,build-depends-on,mingw-w64-ucrt-x86_64-cc,
ucrt64,mingw-w64-ucrt-x86_64-perl-params-util,build-depends-on,mingw-w64-ucrt-x86_64-cc,
ucrt64,mingw-w64-ucrt-x86_64-perl-params-validate,build-depends-on,mingw-w64-ucrt-x86_64-cc,
ucrt64,mingw-w64-ucrt-x86_64-perl-perlio-utf8-strict,build-depends-on,mingw-w64-ucrt-x86_64-cc,
ucrt64,mingw-w64-ucrt-x86_64-perl-scalar-list-utils,build-depends-on,mingw-w64-ucrt-x86_64-cc,
ucrt64,mingw-w64-ucrt-x86_64-perl-sort-key,build-depends-on,mingw-w64-ucrt-x86_64-cc,
ucrt64,mingw-w64-ucrt-x86_64-perl-termreadkey,build-depends-on,mingw-w64-ucrt-x86_64-cc,
ucrt64,mingw-w64-ucrt-x86_64-perl-termreadkey,build-depends-on,mingw-w64-ucrt-x86_64-make,
ucrt64,mingw-w64-ucrt-x86_64-perl-text-bibtex,build-depends-on,mingw-w64-ucrt-x86_64-cc,
ucrt64,mingw-w64-ucrt-x86_64-perl-text-csv-xs,build-depends-on,mingw-w64-ucrt-x86_64-cc,
ucrt64,mingw-w64-ucrt-x86_64-perl-unicode-linebreak,build-depends-on,mingw-w64-ucrt-x86_64-cc,
ucrt64,mingw-w64-ucrt-x86_64-perl-variable-magic,build-depends-on,mingw-w64-ucrt-x86_64-cc,
ucrt64,mingw-w64-ucrt-x86_64-perl-win32-api,build-depends-on,mingw-w64-ucrt-x86_64-cc,
ucrt64,mingw-w64-ucrt-x86_64-perl-win32-console,build-depends-on,mingw-w64-ucrt-x86_64-cc,
ucrt64,mingw-w64-ucrt-x86_64-perl-win32-shortcut,build-depends-on,mingw-w64-ucrt-x86_64-cc,
ucrt64,mingw-w64-ucrt-x86_64-perl-win32-unicode,build-depends-on,mingw-w64-ucrt-x86_64-cc,
ucrt64,mingw-w64-ucrt-x86_64-perl-win32-winerror,build-depends-on,mingw-w64-ucrt-x86_64-cc,
ucrt64,mingw-w64-ucrt-x86_64-perl-win32api-registry,build-depends-on,mingw-w64-ucrt-x86_64-cc,
ucrt64,mingw-w64-ucrt-x86_64-perl-xml-libxml,build-depends-on,mingw-w64-ucrt-x86_64-cc,
ucrt64,mingw-w64-ucrt-x86_64-perl-xml-libxslt,build-depends-on,mingw-w64-ucrt-x86_64-cc,
ucrt64,mingw-w64-ucrt-x86_64-perl-xml-parser,build-depends-on,mingw-w64-ucrt-x86_64-cc,
ucrt64,mingw-w64-ucrt-x86_64-perl-xml-parser,build-depends-on,mingw-w64-ucrt-x86_64-make,
ucrt64,mingw-w64-ucrt-x86_64-perl-xml-parser,build-depends-on,mingw-w64-ucrt-x86_64-perl-file-sharedir-install,
ucrt64,mingw-w64-ucrt-x86_64-perl-xml-parser,build-depends-on,mingw-w64-ucrt-x86_64-pkgconf,
ucrt64,mingw-w64-ucrt-x86_64-petsc,build-depends-on,mingw-w64-ucrt-x86_64-cc,
ucrt64,mingw-w64-ucrt-x86_64-petsc,build-depends-on,mingw-w64-ucrt-x86_64-fc,
ucrt64,mingw-w64-ucrt-x86_64-petsc-build,build-depends-on,mingw-w64-ucrt-x86_64-cc,
ucrt64,mingw-w64-ucrt-x86_64-petsc-build,build-depends-on,mingw-w64-ucrt-x86_64-fc,
ucrt64,mingw-w64-ucrt-x86_64-pg_probackup-16,build-depends-on,mingw-w64-ucrt-x86_64-cc,
ucrt64,mingw-w64-ucrt-x86_64-pgmodeler,build-depends-on,mingw-w64-ucrt-x86_64-cc,
ucrt64,mingw-w64-ucrt-x86_64-pgmodeler-plugins,build-depends-on,mingw-w64-ucrt-x86_64-cc,
ucrt64,mingw-w64-ucrt-x86_64-phodav,build-depends-on,mingw-w64-ucrt-x86_64-cc,
ucrt64,mingw-w64-ucrt-x86_64-phonon,build-depends-on,mingw-w64-ucrt-x86_64-cc,
ucrt64,mingw-w64-ucrt-x86_64-physfs,build-depends-on,mingw-w64-ucrt-x86_64-cc,
ucrt64,mingw-w64-ucrt-x86_64-picosha2,build-depends-on,mingw-w64-ucrt-x86_64-cc,
ucrt64,mingw-w64-ucrt-x86_64-picotool,build-depends-on,mingw-w64-ucrt-x86_64-cc,
ucrt64,mingw-w64-ucrt-x86_64-pidgin,build-depends-on,mingw-w64-ucrt-x86_64-cc,
ucrt64,mingw-w64-ucrt-x86_64-pikchr,build-depends-on,mingw-w64-ucrt-x86_64-cc,
ucrt64,mingw-w64-ucrt-x86_64-pinact,build-depends-on,mingw-w64-ucrt-x86_64-cc,
ucrt64,mingw-w64-ucrt-x86_64-pinentry,build-depends-on,mingw-w64-ucrt-x86_64-cc,
ucrt64,mingw-w64-ucrt-x86_64-pixman,build-depends-on,mingw-w64-ucrt-x86_64-cc,
ucrt64,mingw-w64-ucrt-x86_64-pkcs11-helper,build-depends-on,mingw-w64-ucrt-x86_64-cc,
ucrt64,mingw-w64-ucrt-x86_64-pkg-config,build-depends-on,mingw-w64-ucrt-x86_64-cc,
ucrt64,mingw-w64-ucrt-x86_64-pkgconf,build-depends-on,mingw-w64-ucrt-x86_64-cc,
ucrt64,mingw-w64-ucrt-x86_64-planarity,build-depends-on,mingw-w64-ucrt-x86_64-cc,
ucrt64,mingw-w64-ucrt-x86_64-plantri,build-depends-on,mingw-w64-ucrt-x86_64-cc,
ucrt64,mingw-w64-ucrt-x86_64-plasma-activities,build-depends-on,mingw-w64-ucrt-x86_64-cc,
ucrt64,mingw-w64-ucrt-x86_64-plfit,build-depends-on,mingw-w64-ucrt-x86_64-cc,
ucrt64,mingw-w64-ucrt-x86_64-plplot,build-depends-on,mingw-w64-ucrt-x86_64-cc,
ucrt64,mingw-w64-ucrt-x86_64-plplot,build-depends-on,mingw-w64-ucrt-x86_64-fc,
ucrt64,mingw-w64-ucrt-x86_64-plutosvg,build-depends-on,mingw-w64-ucrt-x86_64-cc,
ucrt64,mingw-w64-ucrt-x86_64-plutovg,build-depends-on,mingw-w64-ucrt-x86_64-cc,
ucrt64,mingw-w64-ucrt-x86_64-png2ico,build-depends-on,mingw-w64-ucrt-x86_64-cc,
ucrt64,mingw-w64-ucrt-x86_64-pngcrush,build-depends-on,mingw-w64-ucrt-x86_64-cc,
ucrt64,mingw-w64-ucrt-x86_64-pngnq,build-depends-on,mingw-w64-ucrt-x86_64-cc,
ucrt64,mingw-w64-ucrt-x86_64-pngquant,build-depends-on,mingw-w64-ucrt-x86_64-cc,
ucrt64,mingw-w64-ucrt-x86_64-poco,build-depends-on,mingw-w64-ucrt-x86_64-cc,
ucrt64,mingw-w64-ucrt-x86_64-podman,build-depends-on,mingw-w64-ucrt-x86_64-cc,
ucrt64,mingw-w64-ucrt-x86_64-podofo,build-depends-on,mingw-w64-ucrt-x86_64-cc,
ucrt64,mingw-w64-ucrt-x86_64-polipo,build-depends-on,mingw-w64-ucrt-x86_64-cc,
ucrt64,mingw-w64-ucrt-x86_64-polly,build-depends-on,mingw-w64-ucrt-x86_64-cc,
ucrt64,mingw-w64-ucrt-x86_64-poppler,build-depends-on,mingw-w64-ucrt-x86_64-cc,
ucrt64,mingw-w64-ucrt-x86_64-poppler-qt5,build-depends-on,mingw-w64-ucrt-x86_64-cc,
ucrt64,mingw-w64-ucrt-x86_64-poppler-qt6,build-depends-on,mingw-w64-ucrt-x86_64-cc,
ucrt64,mingw-w64-ucrt-x86_64-popt,build-depends-on,mingw-w64-ucrt-x86_64-cc,
ucrt64,mingw-w64-ucrt-x86_64-port-scanner,build-depends-on,mingw-w64-ucrt-x86_64-cc,
ucrt64,mingw-w64-ucrt-x86_64-portablexdr,build-depends-on,mingw-w64-ucrt-x86_64-cc,
ucrt64,mingw-w64-ucrt-x86_64-portaudio,build-depends-on,mingw-w64-ucrt-x86_64-cc,
ucrt64,mingw-w64-ucrt-x86_64-portaudio-asio,build-depends-on,mingw-w64-ucrt-x86_64-asiosdk,
ucrt64,mingw-w64-ucrt-x86_64-portaudio-asio,build-depends-on,mingw-w64-ucrt-x86_64-cc,
ucrt64,mingw-w64-ucrt-x86_64-portaudio-asio,build-depends-on,mingw-w64-ucrt-x86_64-cmake,
ucrt64,mingw-w64-ucrt-x86_64-portaudio-asio,build-depends-on,mingw-w64-ucrt-x86_64-ninja,
ucrt64,mingw-w64-ucrt-x86_64-portaudio-asio,build-depends-on,mingw-w64-ucrt-x86_64-pkgconf,
ucrt64,mingw-w64-ucrt-x86_64-portmidi,build-depends-on,mingw-w64-ucrt-x86_64-cc,
ucrt64,mingw-w64-ucrt-x86_64-portsmf,build-depends-on,mingw-w64-ucrt-x86_64-cc,
ucrt64,mingw-w64-ucrt-x86_64-postgis,build-depends-on,mingw-w64-ucrt-x86_64-cc,
ucrt64,mingw-w64-ucrt-x86_64-postgresql,build-depends-on,mingw-w64-ucrt-x86_64-cc,
ucrt64,mingw-w64-ucrt-x86_64-postgresql-16,build-depends-on,mingw-w64-ucrt-x86_64-cc,
ucrt64,mingw-w64-ucrt-x86_64-potrace,build-depends-on,mingw-w64-ucrt-x86_64-cc,
ucrt64,mingw-w64-ucrt-x86_64-powerpc-apple-macos-binutils,build-depends-on,mingw-w64-ucrt-x86_64-cc,
ucrt64,mingw-w64-ucrt-x86_64-ppl,build-depends-on,mingw-w64-ucrt-x86_64-cc,
ucrt64,mingw-w64-ucrt-x86_64-pqp,build-depends-on,mingw-w64-ucrt-x86_64-cc,
ucrt64,mingw-w64-ucrt-x86_64-pragtical,build-depends-on,mingw-w64-ucrt-x86_64-cc,
ucrt64,mingw-w64-ucrt-x86_64-precice,build-depends-on,mingw-w64-ucrt-x86_64-cc,
ucrt64,mingw-w64-ucrt-x86_64-premake,build-depends-on,mingw-w64-ucrt-x86_64-cc,
ucrt64,mingw-w64-ucrt-x86_64-premake4,build-depends-on,mingw-w64-ucrt-x86_64-cc,
ucrt64,mingw-w64-ucrt-x86_64-primecount,build-depends-on,mingw-w64-ucrt-x86_64-cc,
ucrt64,mingw-w64-ucrt-x86_64-primesieve,build-depends-on,mingw-w64-ucrt-x86_64-cc,
ucrt64,mingw-w64-ucrt-x86_64-prison,build-depends-on,mingw-w64-ucrt-x86_64-cc,
ucrt64,mingw-w64-ucrt-x86_64-prjtrellis,build-depends-on,mingw-w64-ucrt-x86_64-cc,
ucrt64,mingw-w64-ucrt-x86_64-proj,build-depends-on,mingw-w64-ucrt-x86_64-cc,
ucrt64,mingw-w64-ucrt-x86_64-projectchrono,build-depends-on,mingw-w64-ucrt-x86_64-cc,
ucrt64,mingw-w64-ucrt-x86_64-projectchrono-docs,build-depends-on,mingw-w64-ucrt-x86_64-cc,
ucrt64,mingw-w64-ucrt-x86_64-protobuf,build-depends-on,mingw-w64-ucrt-x86_64-cc,
ucrt64,mingw-w64-ucrt-x86_64-protobuf-c,build-depends-on,mingw-w64-ucrt-x86_64-cc,
ucrt64,mingw-w64-ucrt-x86_64-ptex,build-depends-on,mingw-w64-ucrt-x86_64-cc,
ucrt64,mingw-w64-ucrt-x86_64-ptex-docs,build-depends-on,mingw-w64-ucrt-x86_64-cc,
ucrt64,mingw-w64-ucrt-x86_64-pugixml,build-depends-on,mingw-w64-ucrt-x86_64-cc,
ucrt64,mingw-w64-ucrt-x86_64-pulseaudio,build-depends-on,mingw-w64-ucrt-x86_64-cc,
ucrt64,mingw-w64-ucrt-x86_64-pulseaudio,build-depends-on,mingw-w64-ucrt-x86_64-perl-xml-parser,
ucrt64,mingw-w64-ucrt-x86_64-pupnp,build-depends-on,mingw-w64-ucrt-x86_64-cc,
ucrt64,mingw-w64-ucrt-x86_64-purpose,build-depends-on,mingw-w64-ucrt-x86_64-cc,
ucrt64,mingw-w64-ucrt-x86_64-putty,build-depends-on,mingw-w64-ucrt-x86_64-cc,
ucrt64,mingw-w64-ucrt-x86_64-putty-ssh,build-depends-on,mingw-w64-ucrt-x86_64-cc,
ucrt64,mingw-w64-ucrt-x86_64-pybind11,build-depends-on,mingw-w64-ucrt-x86_64-cc,
ucrt64,mingw-w64-ucrt-x86_64-pybind11-json,build-depends-on,mingw-w64-ucrt-x86_64-cc,
ucrt64,mingw-w64-ucrt-x86_64-pymol,build-depends-on,mingw-w64-ucrt-x86_64-cc,
ucrt64,mingw-w64-ucrt-x86_64-pyqt5-sip,build-depends-on,mingw-w64-ucrt-x86_64-cc,
ucrt64,mingw-w64-ucrt-x86_64-pyside2,build-depends-on,mingw-w64-ucrt-x86_64-cc,
ucrt64,mingw-w64-ucrt-x86_64-pyside2-tools,build-depends-on,mingw-w64-ucrt-x86_64-cc,
ucrt64,mingw-w64-ucrt-x86_64-pyside6,build-depends-on,mingw-w64-ucrt-x86_64-cc,
ucrt64,mingw-w64-ucrt-x86_64-pyside6-tools,build-depends-on,mingw-w64-ucrt-x86_64-cc,
ucrt64,mingw-w64-ucrt-x86_64-pystring,build-depends-on,mingw-w64-ucrt-x86_64-cc,
ucrt64,mingw-w64-ucrt-x86_64-python,build-depends-on,mingw-w64-ucrt-x86_64-cc,
ucrt64,mingw-w64-ucrt-x86_64-python-aiohttp,build-depends-on,mingw-w64-ucrt-x86_64-cc,
ucrt64,mingw-w64-ucrt-x86_64-python-aioquic,build-depends-on,mingw-w64-ucrt-x86_64-cc,
ucrt64,mingw-w64-ucrt-x86_64-python-argon2-cffi-bindings,build-depends-on,mingw-w64-ucrt-x86_64-cc,
ucrt64,mingw-w64-ucrt-x86_64-python-asyncpg,build-depends-on,mingw-w64-ucrt-x86_64-cc,
ucrt64,mingw-w64-ucrt-x86_64-python-audioop-lts,build-depends-on,mingw-w64-ucrt-x86_64-cc,
ucrt64,mingw-w64-ucrt-x86_64-python-av,build-depends-on,mingw-w64-ucrt-x86_64-cc,
ucrt64,mingw-w64-ucrt-x86_64-python-bcrypt,build-depends-on,mingw-w64-ucrt-x86_64-cc,
ucrt64,mingw-w64-ucrt-x86_64-python-biopython,build-depends-on,mingw-w64-ucrt-x86_64-cc,
ucrt64,mingw-w64-ucrt-x86_64-python-biscuits,build-depends-on,mingw-w64-ucrt-x86_64-cc,
ucrt64,mingw-w64-ucrt-x86_64-python-brotli,build-depends-on,mingw-w64-ucrt-x86_64-cc,
ucrt64,mingw-w64-ucrt-x86_64-python-brotlicffi,build-depends-on,mingw-w64-ucrt-x86_64-cc,
ucrt64,mingw-w64-ucrt-x86_64-python-bsddb3,build-depends-on,mingw-w64-ucrt-x86_64-cc,
ucrt64,mingw-w64-ucrt-x86_64-python-cairo,build-depends-on,mingw-w64-ucrt-x86_64-cc,
ucrt64,mingw-w64-ucrt-x86_64-python-can,check-depends-on,mingw-w64-ucrt-x86_64-python-codecov,
ucrt64,mingw-w64-ucrt-x86_64-python-capstone,build-depends-on,mingw-w64-ucrt-x86_64-cc,
ucrt64,mingw-w64-ucrt-x86_64-python-cffi,build-depends-on,mingw-w64-ucrt-x86_64-cc,
ucrt64,mingw-w64-ucrt-x86_64-python-conan-server,build-depends-on,mingw-w64-ucrt-x86_64-python-build,
ucrt64,mingw-w64-ucrt-x86_64-python-conan-server,build-depends-on,mingw-w64-ucrt-x86_64-python-installer,
ucrt64,mingw-w64-ucrt-x86_64-python-conan-server,build-depends-on,mingw-w64-ucrt-x86_64-python-setuptools,
ucrt64,mingw-w64-ucrt-x86_64-python-contourpy,build-depends-on,mingw-w64-ucrt-x86_64-cc,
ucrt64,mingw-w64-ucrt-x86_64-python-coverage,build-depends-on,mingw-w64-ucrt-x86_64-cc,
ucrt64,mingw-w64-ucrt-x86_64-python-crcmod,build-depends-on,mingw-w64-ucrt-x86_64-cc,
ucrt64,mingw-w64-ucrt-x86_64-python-cryptography,build-depends-on,mingw-w64-ucrt-x86_64-cc,
ucrt64,mingw-w64-ucrt-x86_64-python-cvxopt,build-depends-on,mingw-w64-ucrt-x86_64-cc,
ucrt64,mingw-w64-ucrt-x86_64-python-cx-logging,build-depends-on,mingw-w64-ucrt-x86_64-cc,
ucrt64,mingw-w64-ucrt-x86_64-python-cysignals,build-depends-on,mingw-w64-ucrt-x86_64-cc,
ucrt64,mingw-w64-ucrt-x86_64-python-debugpy,build-depends-on,mingw-w64-ucrt-x86_64-cc,
ucrt64,mingw-w64-ucrt-x86_64-python-distlib,build-depends-on,mingw-w64-ucrt-x86_64-cc,
ucrt64,mingw-w64-ucrt-x86_64-python-dlib,build-depends-on,mingw-w64-ucrt-x86_64-cc,
ucrt64,mingw-w64-ucrt-x86_64-python-docopt,build-depends-on,mingw-w64-ucrt-x86_64-cc,
ucrt64,mingw-w64-ucrt-x86_64-python-dulwich,build-depends-on,mingw-w64-ucrt-x86_64-cc,
ucrt64,mingw-w64-ucrt-x86_64-python-flatbuffers,build-depends-on,mingw-w64-ucrt-x86_64-cc,
ucrt64,mingw-w64-ucrt-x86_64-python-fonttools,build-depends-on,mingw-w64-ucrt-x86_64-cc,
ucrt64,mingw-w64-ucrt-x86_64-python-freeze-core,build-depends-on,mingw-w64-ucrt-x86_64-cc,
ucrt64,mingw-w64-ucrt-x86_64-python-frozenlist,build-depends-on,mingw-w64-ucrt-x86_64-cc,
ucrt64,mingw-w64-ucrt-x86_64-python-gdal,build-depends-on,mingw-w64-ucrt-x86_64-cc,
ucrt64,mingw-w64-ucrt-x86_64-python-glcontext,build-depends-on,mingw-w64-ucrt-x86_64-cc,
ucrt64,mingw-w64-ucrt-x86_64-python-glfw,build-depends-on,mingw-w64-ucrt-x86_64-cc,
ucrt64,mingw-w64-ucrt-x86_64-python-gmpy2,build-depends-on,mingw-w64-ucrt-x86_64-cc,
ucrt64,mingw-w64-ucrt-x86_64-python-gobject,build-depends-on,mingw-w64-ucrt-x86_64-cc,
ucrt64,mingw-w64-ucrt-x86_64-python-gpgme,build-depends-on,mingw-w64-ucrt-x86_64-cc,
ucrt64,mingw-w64-ucrt-x86_64-python-greenlet,build-depends-on,mingw-w64-ucrt-x86_64-cc,
ucrt64,mingw-w64-ucrt-x86_64-python-grpcio,build-depends-on,mingw-w64-ucrt-x86_64-cc,
ucrt64,mingw-w64-ucrt-x86_64-python-grpcio-tools,build-depends-on,mingw-w64-ucrt-x86_64-cc,
ucrt64,mingw-w64-ucrt-x86_64-python-gssapi,build-depends-on,mingw-w64-ucrt-x86_64-cc,
ucrt64,mingw-w64-ucrt-x86_64-python-h5py,build-depends-on,mingw-w64-ucrt-x86_64-cc,
ucrt64,mingw-w64-ucrt-x86_64-python-hiredis,build-depends-on,mingw-w64-ucrt-x86_64-cc,
ucrt64,mingw-w64-ucrt-x86_64-python-hunter,build-depends-on,mingw-w64-ucrt-x86_64-cc,
ucrt64,mingw-w64-ucrt-x86_64-python-icu,build-depends-on,mingw-w64-ucrt-x86_64-cc,
ucrt64,mingw-w64-ucrt-x86_64-python-igraph,build-depends-on,mingw-w64-ucrt-x86_64-cc,
ucrt64,mingw-w64-ucrt-x86_64-python-imagecodecs,build-depends-on,mingw-w64-ucrt-x86_64-cc,
ucrt64,mingw-w64-ucrt-x86_64-python-immutables,build-depends-on,mingw-w64-ucrt-x86_64-cc,
ucrt64,mingw-w64-ucrt-x86_64-python-installer,build-depends-on,mingw-w64-ucrt-x86_64-cc,
ucrt64,mingw-w64-ucrt-x86_64-python-jsonnet,build-depends-on,mingw-w64-ucrt-x86_64-cc,
ucrt64,mingw-w64-ucrt-x86_64-python-keystone,build-depends-on,mingw-w64-ucrt-x86_64-cc,
ucrt64,mingw-w64-ucrt-x86_64-python-kiwisolver,build-depends-on,mingw-w64-ucrt-x86_64-cc,
ucrt64,mingw-w64-ucrt-x86_64-python-lazy-object-proxy,build-depends-on,mingw-w64-ucrt-x86_64-cc,
ucrt64,mingw-w64-ucrt-x86_64-python-ldap,build-depends-on,mingw-w64-ucrt-x86_64-cc,
ucrt64,mingw-w64-ucrt-x86_64-python-levenshtein,build-depends-on,mingw-w64-ucrt-x86_64-cc,
ucrt64,mingw-w64-ucrt-x86_64-python-lhafile,build-depends-on,mingw-w64-ucrt-x86_64-cc,
ucrt64,mingw-w64-ucrt-x86_64-python-librt,build-depends-on,mingw-w64-ucrt-x86_64-cc,
ucrt64,mingw-w64-ucrt-x86_64-python-libsass,build-depends-on,mingw-w64-ucrt-x86_64-cc,
ucrt64,mingw-w64-ucrt-x86_64-python-lief,build-depends-on,mingw-w64-ucrt-x86_64-cc,
ucrt64,mingw-w64-ucrt-x86_64-python-llvmlite,build-depends-on,mingw-w64-ucrt-x86_64-cc,
ucrt64,mingw-w64-ucrt-x86_64-python-lmdb,build-depends-on,mingw-w64-ucrt-x86_64-cc,
ucrt64,mingw-w64-ucrt-x86_64-python-lrcalc,build-depends-on,mingw-w64-ucrt-x86_64-cc,
ucrt64,mingw-w64-ucrt-x86_64-python-lws,build-depends-on,mingw-w64-ucrt-x86_64-cc,
ucrt64,mingw-w64-ucrt-x86_64-python-lxml,build-depends-on,mingw-w64-ucrt-x86_64-cc,
ucrt64,mingw-w64-ucrt-x86_64-python-lz4,build-depends-on,mingw-w64-ucrt-x86_64-cc,
ucrt64,mingw-w64-ucrt-x86_64-python-lzo,build-depends-on,mingw-w64-ucrt-x86_64-cc,
ucrt64,mingw-w64-ucrt-x86_64-python-manimpango,build-depends-on,mingw-w64-ucrt-x86_64-cc,
ucrt64,mingw-w64-ucrt-x86_64-python-markupsafe,build-depends-on,mingw-w64-ucrt-x86_64-cc,
ucrt64,mingw-w64-ucrt-x86_64-python-matplotlib,build-depends-on,mingw-w64-ucrt-x86_64-cc,
ucrt64,mingw-w64-ucrt-x86_64-python-memory-allocator,build-depends-on,mingw-w64-ucrt-x86_64-cc,
ucrt64,mingw-w64-ucrt-x86_64-python-miniupnpc,build-depends-on,mingw-w64-ucrt-x86_64-cc,
ucrt64,mingw-w64-ucrt-x86_64-python-ml_dtypes,build-depends-on,mingw-w64-ucrt-x86_64-cc,
ucrt64,mingw-w64-ucrt-x86_64-python-moderngl,build-depends-on,mingw-w64-ucrt-x86_64-cc,
ucrt64,mingw-w64-ucrt-x86_64-python-msgpack,build-depends-on,mingw-w64-ucrt-x86_64-cc,
ucrt64,mingw-w64-ucrt-x86_64-python-msgspec,build-depends-on,mingw-w64-ucrt-x86_64-cc,
ucrt64,mingw-w64-ucrt-x86_64-python-msilib,build-depends-on,mingw-w64-ucrt-x86_64-cc,
ucrt64,mingw-w64-ucrt-x86_64-python-multidict,build-depends-on,mingw-w64-ucrt-x86_64-cc,
ucrt64,mingw-w64-ucrt-x86_64-python-mysqlclient,build-depends-on,mingw-w64-ucrt-x86_64-cc,
ucrt64,mingw-w64-ucrt-x86_64-python-netifaces,build-depends-on,mingw-w64-ucrt-x86_64-cc,
ucrt64,mingw-w64-ucrt-x86_64-python-numba,build-depends-on,mingw-w64-ucrt-x86_64-cc,
ucrt64,mingw-w64-ucrt-x86_64-python-numexpr,build-depends-on,mingw-w64-ucrt-x86_64-cc,
ucrt64,mingw-w64-ucrt-x86_64-python-numpy,build-depends-on,mingw-w64-ucrt-x86_64-cc,
ucrt64,mingw-w64-ucrt-x86_64-python-onnx,build-depends-on,mingw-w64-ucrt-x86_64-cc,
ucrt64,mingw-w64-ucrt-x86_64-python-onnxruntime,build-depends-on,mingw-w64-ucrt-x86_64-cc,
ucrt64,mingw-w64-ucrt-x86_64-python-opencamlib,build-depends-on,mingw-w64-ucrt-x86_64-cc,
ucrt64,mingw-w64-ucrt-x86_64-python-opencv,build-depends-on,mingw-w64-ucrt-x86_64-cc,
ucrt64,mingw-w64-ucrt-x86_64-python-opencv,build-depends-on,mingw-w64-ucrt-x86_64-fc,
ucrt64,mingw-w64-ucrt-x86_64-python-optree,build-depends-on,mingw-w64-ucrt-x86_64-cc,
ucrt64,mingw-w64-ucrt-x86_64-python-pandas,build-depends-on,mingw-w64-ucrt-x86_64-cc,
ucrt64,mingw-w64-ucrt-x86_64-python-passagemath-bliss,build-depends-on,mingw-w64-ucrt-x86_64-cc,
ucrt64,mingw-w64-ucrt-x86_64-python-passagemath-categories,build-depends-on,mingw-w64-ucrt-x86_64-cc,
ucrt64,mingw-w64-ucrt-x86_64-python-passagemath-cddlib,build-depends-on,mingw-w64-ucrt-x86_64-cc,
ucrt64,mingw-w64-ucrt-x86_64-python-passagemath-cliquer,build-depends-on,mingw-w64-ucrt-x86_64-cc,
ucrt64,mingw-w64-ucrt-x86_64-python-passagemath-cmr,build-depends-on,mingw-w64-ucrt-x86_64-cc,
ucrt64,mingw-w64-ucrt-x86_64-python-passagemath-combinat,build-depends-on,mingw-w64-ucrt-x86_64-cc,
ucrt64,mingw-w64-ucrt-x86_64-python-passagemath-flint,build-depends-on,mingw-w64-ucrt-x86_64-cc,
ucrt64,mingw-w64-ucrt-x86_64-python-passagemath-glpk,build-depends-on,mingw-w64-ucrt-x86_64-cc,
ucrt64,mingw-w64-ucrt-x86_64-python-passagemath-graphs,build-depends-on,mingw-w64-ucrt-x86_64-cc,
ucrt64,mingw-w64-ucrt-x86_64-python-passagemath-gsl,build-depends-on,mingw-w64-ucrt-x86_64-cc,
ucrt64,mingw-w64-ucrt-x86_64-python-passagemath-highs,build-depends-on,mingw-w64-ucrt-x86_64-cc,
ucrt64,mingw-w64-ucrt-x86_64-python-passagemath-homfly,build-depends-on,mingw-w64-ucrt-x86_64-cc,
ucrt64,mingw-w64-ucrt-x86_64-python-passagemath-iml,build-depends-on,mingw-w64-ucrt-x86_64-cc,
ucrt64,mingw-w64-ucrt-x86_64-python-passagemath-libbraiding,build-depends-on,mingw-w64-ucrt-x86_64-cc,
ucrt64,mingw-w64-ucrt-x86_64-python-passagemath-m4ri-m4rie,build-depends-on,mingw-w64-ucrt-x86_64-cc,
ucrt64,mingw-w64-ucrt-x86_64-python-passagemath-mcqd,build-depends-on,mingw-w64-ucrt-x86_64-cc,
ucrt64,mingw-w64-ucrt-x86_64-python-passagemath-modules,build-depends-on,mingw-w64-ucrt-x86_64-cc,
ucrt64,mingw-w64-ucrt-x86_64-python-passagemath-msolve,build-depends-on,mingw-w64-ucrt-x86_64-cc,
ucrt64,mingw-w64-ucrt-x86_64-python-passagemath-nauty,build-depends-on,mingw-w64-ucrt-x86_64-cc,
ucrt64,mingw-w64-ucrt-x86_64-python-passagemath-ntl,build-depends-on,mingw-w64-ucrt-x86_64-cc,
ucrt64,mingw-w64-ucrt-x86_64-python-passagemath-objects,build-depends-on,mingw-w64-ucrt-x86_64-cc,
ucrt64,mingw-w64-ucrt-x86_64-python-passagemath-planarity,build-depends-on,mingw-w64-ucrt-x86_64-cc,
ucrt64,mingw-w64-ucrt-x86_64-python-passagemath-plantri,build-depends-on,mingw-w64-ucrt-x86_64-cc,
ucrt64,mingw-w64-ucrt-x86_64-python-passagemath-plot,build-depends-on,mingw-w64-ucrt-x86_64-cc,
ucrt64,mingw-w64-ucrt-x86_64-python-passagemath-polyhedra,build-depends-on,mingw-w64-ucrt-x86_64-cc,
ucrt64,mingw-w64-ucrt-x86_64-python-passagemath-ppl,build-depends-on,mingw-w64-ucrt-x86_64-cc,
ucrt64,mingw-w64-ucrt-x86_64-python-passagemath-rankwidth,build-depends-on,mingw-w64-ucrt-x86_64-cc,
ucrt64,mingw-w64-ucrt-x86_64-python-passagemath-sirocco,build-depends-on,mingw-w64-ucrt-x86_64-cc,
ucrt64,mingw-w64-ucrt-x86_64-python-passagemath-tdlib,build-depends-on,mingw-w64-ucrt-x86_64-cc,
ucrt64,mingw-w64-ucrt-x86_64-python-pesq,build-depends-on,mingw-w64-ucrt-x86_64-cc,
ucrt64,mingw-w64-ucrt-x86_64-python-pi-heif,build-depends-on,mingw-w64-ucrt-x86_64-cc,
ucrt64,mingw-w64-ucrt-x86_64-python-pikepdf,build-depends-on,mingw-w64-ucrt-x86_64-cc,
ucrt64,mingw-w64-ucrt-x86_64-python-pillow,build-depends-on,mingw-w64-ucrt-x86_64-cc,
ucrt64,mingw-w64-ucrt-x86_64-python-pivy,build-depends-on,mingw-w64-ucrt-x86_64-cc,
ucrt64,mingw-w64-ucrt-x86_64-python-polars,build-depends-on,mingw-w64-ucrt-x86_64-cc,
ucrt64,mingw-w64-ucrt-x86_64-python-polars-runtime-32,build-depends-on,mingw-w64-ucrt-x86_64-cc,
ucrt64,mingw-w64-ucrt-x86_64-python-polars-runtime-64,build-depends-on,mingw-w64-ucrt-x86_64-cc,
ucrt64,mingw-w64-ucrt-x86_64-python-polars-runtime-compat,build-depends-on,mingw-w64-ucrt-x86_64-cc,
ucrt64,mingw-w64-ucrt-x86_64-python-propcache,build-depends-on,mingw-w64-ucrt-x86_64-cc,
ucrt64,mingw-w64-ucrt-x86_64-python-protobuf,build-depends-on,mingw-w64-ucrt-x86_64-cc,
ucrt64,mingw-w64-ucrt-x86_64-python-psleak,check-depends-on,mingw-w64-ucrt-x86_64-cc,
ucrt64,mingw-w64-ucrt-x86_64-python-psutil,build-depends-on,mingw-w64-ucrt-x86_64-cc,
ucrt64,mingw-w64-ucrt-x86_64-python-psycopg2,build-depends-on,mingw-w64-ucrt-x86_64-cc,
ucrt64,mingw-w64-ucrt-x86_64-python-pyamg,build-depends-on,mingw-w64-ucrt-x86_64-cc,
ucrt64,mingw-w64-ucrt-x86_64-python-pyarrow,build-depends-on,mingw-w64-ucrt-x86_64-cc,
ucrt64,mingw-w64-ucrt-x86_64-python-pybase64,build-depends-on,mingw-w64-ucrt-x86_64-cc,
ucrt64,mingw-w64-ucrt-x86_64-python-pybox2d,build-depends-on,mingw-w64-ucrt-x86_64-cc,
ucrt64,mingw-w64-ucrt-x86_64-python-pybullet,build-depends-on,mingw-w64-ucrt-x86_64-cc,
ucrt64,mingw-w64-ucrt-x86_64-python-pycares,build-depends-on,mingw-w64-ucrt-x86_64-cc,
ucrt64,mingw-w64-ucrt-x86_64-python-pycryptodome,build-depends-on,mingw-w64-ucrt-x86_64-cc,
ucrt64,mingw-w64-ucrt-x86_64-python-pycryptodomex,build-depends-on,mingw-w64-ucrt-x86_64-cc,
ucrt64,mingw-w64-ucrt-x86_64-python-pycurl,build-depends-on,mingw-w64-ucrt-x86_64-cc,
ucrt64,mingw-w64-ucrt-x86_64-python-pyfastbti,build-depends-on,mingw-w64-ucrt-x86_64-cc,
ucrt64,mingw-w64-ucrt-x86_64-python-pyfasttextureutils,build-depends-on,mingw-w64-ucrt-x86_64-cc,
ucrt64,mingw-w64-ucrt-x86_64-python-pygame,build-depends-on,mingw-w64-ucrt-x86_64-cc,
ucrt64,mingw-w64-ucrt-x86_64-python-pygit2,build-depends-on,mingw-w64-ucrt-x86_64-cc,
ucrt64,mingw-w64-ucrt-x86_64-python-pyglm,build-depends-on,mingw-w64-ucrt-x86_64-cc,
ucrt64,mingw-w64-ucrt-x86_64-python-pylablib,build-depends-on,mingw-w64-ucrt-x86_64-cc,
ucrt64,mingw-w64-ucrt-x86_64-python-pylsqpack,build-depends-on,mingw-w64-ucrt-x86_64-cc,
ucrt64,mingw-w64-ucrt-x86_64-python-pymi,build-depends-on,mingw-w64-ucrt-x86_64-cc,
ucrt64,mingw-w64-ucrt-x86_64-python-pymongocrypt,build-depends-on,mingw-w64-ucrt-x86_64-cc,
ucrt64,mingw-w64-ucrt-x86_64-python-pymupdf,build-depends-on,mingw-w64-ucrt-x86_64-cc,
ucrt64,mingw-w64-ucrt-x86_64-python-pynacl,build-depends-on,mingw-w64-ucrt-x86_64-cc,
ucrt64,mingw-w64-ucrt-x86_64-python-pyodbc,build-depends-on,mingw-w64-ucrt-x86_64-cc,
ucrt64,mingw-w64-ucrt-x86_64-python-pyopengl,build-depends-on,mingw-w64-ucrt-x86_64-cc,
ucrt64,mingw-w64-ucrt-x86_64-python-pyopengl-accelerate,build-depends-on,mingw-w64-ucrt-x86_64-cc,
ucrt64,mingw-w64-ucrt-x86_64-python-pyproj,build-depends-on,mingw-w64-ucrt-x86_64-cc,
ucrt64,mingw-w64-ucrt-x86_64-python-pyqt5,build-depends-on,mingw-w64-ucrt-x86_64-cc,
ucrt64,mingw-w64-ucrt-x86_64-python-pyqt5-3d,build-depends-on,mingw-w64-ucrt-x86_64-cc,
ucrt64,mingw-w64-ucrt-x86_64-python-pyqt6,build-depends-on,mingw-w64-ucrt-x86_64-cc,
ucrt64,mingw-w64-ucrt-x86_64-python-pyqt6-sip,build-depends-on,mingw-w64-ucrt-x86_64-cc,
ucrt64,mingw-w64-ucrt-x86_64-python-pyrsistent,build-depends-on,mingw-w64-ucrt-x86_64-cc,
ucrt64,mingw-w64-ucrt-x86_64-python-pysfcgal,build-depends-on,mingw-w64-ucrt-x86_64-cc,
ucrt64,mingw-w64-ucrt-x86_64-python-pyspnego,build-depends-on,mingw-w64-ucrt-x86_64-cc,
ucrt64,mingw-w64-ucrt-x86_64-python-pystemmer,build-depends-on,mingw-w64-ucrt-x86_64-cc,
ucrt64,mingw-w64-ucrt-x86_64-python-pythran,build-depends-on,mingw-w64-ucrt-x86_64-cc,
ucrt64,mingw-w64-ucrt-x86_64-python-pytokens,build-depends-on,mingw-w64-ucrt-x86_64-cc,
ucrt64,mingw-w64-ucrt-x86_64-python-pytorch,build-depends-on,mingw-w64-ucrt-x86_64-cc,
ucrt64,mingw-w64-ucrt-x86_64-python-pywavelets,build-depends-on,mingw-w64-ucrt-x86_64-cc,
ucrt64,mingw-w64-ucrt-x86_64-python-pywin32,build-depends-on,mingw-w64-ucrt-x86_64-cc,
ucrt64,mingw-w64-ucrt-x86_64-python-pyzmq,build-depends-on,mingw-w64-ucrt-x86_64-cc,
ucrt64,mingw-w64-ucrt-x86_64-python-pyzopfli,build-depends-on,mingw-w64-ucrt-x86_64-cc,
ucrt64,mingw-w64-ucrt-x86_64-python-qscintilla-qt5,build-depends-on,mingw-w64-ucrt-x86_64-cc,
ucrt64,mingw-w64-ucrt-x86_64-python-qscintilla-qt6,build-depends-on,mingw-w64-ucrt-x86_64-cc,
ucrt64,mingw-w64-ucrt-x86_64-python-rapidfuzz,build-depends-on,mingw-w64-ucrt-x86_64-cc,
ucrt64,mingw-w64-ucrt-x86_64-python-rawpy,build-depends-on,mingw-w64-ucrt-x86_64-cc,
ucrt64,mingw-w64-ucrt-x86_64-python-regex,build-depends-on,mingw-w64-ucrt-x86_64-cc,
ucrt64,mingw-w64-ucrt-x86_64-python-rencode,build-depends-on,mingw-w64-ucrt-x86_64-cc,
ucrt64,mingw-w64-ucrt-x86_64-python-requests,check-depends-on,mingw-w64-ucrt-x86_64-python-pytest-httpbin,
ucrt64,mingw-w64-ucrt-x86_64-python-ruamel.yaml.clib,build-depends-on,mingw-w64-ucrt-x86_64-cc,
ucrt64,mingw-w64-ucrt-x86_64-python-s2geometry,build-depends-on,mingw-w64-ucrt-x86_64-cc,
ucrt64,mingw-w64-ucrt-x86_64-python-scandir,build-depends-on,mingw-w64-ucrt-x86_64-cc,
ucrt64,mingw-w64-ucrt-x86_64-python-scikit-image,build-depends-on,mingw-w64-ucrt-x86_64-cc,
ucrt64,mingw-w64-ucrt-x86_64-python-scikit-learn,build-depends-on,mingw-w64-ucrt-x86_64-cc,
ucrt64,mingw-w64-ucrt-x86_64-python-scipy,build-depends-on,mingw-w64-ucrt-x86_64-cc,
ucrt64,mingw-w64-ucrt-x86_64-python-scipy,build-depends-on,mingw-w64-ucrt-x86_64-fc,
ucrt64,mingw-w64-ucrt-x86_64-python-setproctitle,build-depends-on,mingw-w64-ucrt-x86_64-cc,
ucrt64,mingw-w64-ucrt-x86_64-python-setuptools,build-depends-on,mingw-w64-ucrt-x86_64-cc,
ucrt64,mingw-w64-ucrt-x86_64-python-shapely,build-depends-on,mingw-w64-ucrt-x86_64-cc,
ucrt64,mingw-w64-ucrt-x86_64-python-skia-pathops,build-depends-on,mingw-w64-ucrt-x86_64-cc,
ucrt64,mingw-w64-ucrt-x86_64-python-soxr,build-depends-on,mingw-w64-ucrt-x86_64-cc,
ucrt64,mingw-w64-ucrt-x86_64-python-sqlalchemy,build-depends-on,mingw-w64-ucrt-x86_64-cc,
ucrt64,mingw-w64-ucrt-x86_64-python-sspilib,build-depends-on,mingw-w64-ucrt-x86_64-cc,
ucrt64,mingw-w64-ucrt-x86_64-python-statsmodels,build-depends-on,mingw-w64-ucrt-x86_64-cc,
ucrt64,mingw-w64-ucrt-x86_64-python-structlog,check-depends-on,mingw-w64-ucrt-x86_64-python-simplejson,
ucrt64,mingw-w64-ucrt-x86_64-python-tinyaes,build-depends-on,mingw-w64-ucrt-x86_64-cc,
ucrt64,mingw-w64-ucrt-x86_64-python-tornado,build-depends-on,mingw-w64-ucrt-x86_64-cc,
ucrt64,mingw-w64-ucrt-x86_64-python-uharfbuzz,build-depends-on,mingw-w64-ucrt-x86_64-cc,
ucrt64,mingw-w64-ucrt-x86_64-python-ujson,build-depends-on,mingw-w64-ucrt-x86_64-cc,
ucrt64,mingw-w64-ucrt-x86_64-python-unicorn,build-depends-on,mingw-w64-ucrt-x86_64-cc,
ucrt64,mingw-w64-ucrt-x86_64-python-webrtcvad,build-depends-on,mingw-w64-ucrt-x86_64-cc,
ucrt64,mingw-w64-ucrt-x86_64-python-websockets,build-depends-on,mingw-w64-ucrt-x86_64-cc,
ucrt64,mingw-w64-ucrt-x86_64-python-winkerberos,build-depends-on,mingw-w64-ucrt-x86_64-cc,
ucrt64,mingw-w64-ucrt-x86_64-python-winloop,build-depends-on,mingw-w64-ucrt-x86_64-cc,
ucrt64,mingw-w64-ucrt-x86_64-python-winsdk,build-depends-on,mingw-w64-ucrt-x86_64-cc,
ucrt64,mingw-w64-ucrt-x86_64-python-wordcloud,build-depends-on,mingw-w64-ucrt-x86_64-cc,
ucrt64,mingw-w64-ucrt-x86_64-python-wrapt,build-depends-on,mingw-w64-ucrt-x86_64-cc,
ucrt64,mingw-w64-ucrt-x86_64-python-xpra,build-depends-on,mingw-w64-ucrt-x86_64-cc,
ucrt64,mingw-w64-ucrt-x86_64-python-yaml,build-depends-on,mingw-w64-ucrt-x86_64-cc,
ucrt64,mingw-w64-ucrt-x86_64-python-yarl,build-depends-on,mingw-w64-ucrt-x86_64-cc,
ucrt64,mingw-w64-ucrt-x86_64-python-zeroconf,build-depends-on,mingw-w64-ucrt-x86_64-cc,
ucrt64,mingw-w64-ucrt-x86_64-python-zope.interface,build-depends-on,mingw-w64-ucrt-x86_64-cc,
ucrt64,mingw-w64-ucrt-x86_64-python-zstandard,build-depends-on,mingw-w64-ucrt-x86_64-cc,
ucrt64,mingw-w64-ucrt-x86_64-python-zxing-cpp,build-depends-on,mingw-w64-ucrt-x86_64-cc,
ucrt64,mingw-w64-ucrt-x86_64-qalculate-gtk,build-depends-on,mingw-w64-ucrt-x86_64-cc,
ucrt64,mingw-w64-ucrt-x86_64-qalculate-qt,build-depends-on,mingw-w64-ucrt-x86_64-cc,
ucrt64,mingw-w64-ucrt-x86_64-qbittorrent,build-depends-on,mingw-w64-ucrt-x86_64-cc,
ucrt64,mingw-w64-ucrt-x86_64-qbs,build-depends-on,mingw-w64-ucrt-x86_64-cc,
ucrt64,mingw-w64-ucrt-x86_64-qca-qt5,build-depends-on,mingw-w64-ucrt-x86_64-cc,
ucrt64,mingw-w64-ucrt-x86_64-qca-qt6,build-depends-on,mingw-w64-ucrt-x86_64-cc,
ucrt64,mingw-w64-ucrt-x86_64-qdia,build-depends-on,mingw-w64-ucrt-x86_64-cc,
ucrt64,mingw-w64-ucrt-x86_64-qemu,build-depends-on,mingw-w64-ucrt-x86_64-cc,
ucrt64,mingw-w64-ucrt-x86_64-qemu-common,build-depends-on,mingw-w64-ucrt-x86_64-cc,
ucrt64,mingw-w64-ucrt-x86_64-qemu-guest-agent,build-depends-on,mingw-w64-ucrt-x86_64-cc,
ucrt64,mingw-w64-ucrt-x86_64-qemu-image-util,build-depends-on,mingw-w64-ucrt-x86_64-cc,
ucrt64,mingw-w64-ucrt-x86_64-qgis,build-depends-on,mingw-w64-ucrt-x86_64-cc,
ucrt64,mingw-w64-ucrt-x86_64-qgpgme-qt5,build-depends-on,mingw-w64-ucrt-x86_64-cc,
ucrt64,mingw-w64-ucrt-x86_64-qgpgme-qt6,build-depends-on,mingw-w64-ucrt-x86_64-cc,
ucrt64,mingw-w64-ucrt-x86_64-qhttpengine,build-depends-on,mingw-w64-ucrt-x86_64-cc,
ucrt64,mingw-w64-ucrt-x86_64-qhull,build-depends-on,mingw-w64-ucrt-x86_64-cc,
ucrt64,mingw-w64-ucrt-x86_64-qjackctl,build-depends-on,mingw-w64-ucrt-x86_64-cc,
ucrt64,mingw-w64-ucrt-x86_64-qmdnsengine,build-depends-on,mingw-w64-ucrt-x86_64-cc,
ucrt64,mingw-w64-ucrt-x86_64-qownnotes,build-depends-on,mingw-w64-ucrt-x86_64-cc,
ucrt64,mingw-w64-ucrt-x86_64-qpdf,build-depends-on,mingw-w64-ucrt-x86_64-cc,
ucrt64,mingw-w64-ucrt-x86_64-qqc2-desktop-style,build-depends-on,mingw-w64-ucrt-x86_64-cc,
ucrt64,mingw-w64-ucrt-x86_64-qrencode,build-depends-on,mingw-w64-ucrt-x86_64-SDL,
ucrt64,mingw-w64-ucrt-x86_64-qrencode,build-depends-on,mingw-w64-ucrt-x86_64-cc,
ucrt64,mingw-w64-ucrt-x86_64-qrupdate,build-depends-on,mingw-w64-ucrt-x86_64-fc,
ucrt64,mingw-w64-ucrt-x86_64-qscintilla-qt5,build-depends-on,mingw-w64-ucrt-x86_64-cc,
ucrt64,mingw-w64-ucrt-x86_64-qscintilla-qt6,build-depends-on,mingw-w64-ucrt-x86_64-cc,
ucrt64,mingw-w64-ucrt-x86_64-qt-advanced-docking-system,build-depends-on,mingw-w64-ucrt-x86_64-cc,
ucrt64,mingw-w64-ucrt-x86_64-qt-creator,build-depends-on,mingw-w64-ucrt-x86_64-cc,
ucrt64,mingw-w64-ucrt-x86_64-qt-creator-devel,build-depends-on,mingw-w64-ucrt-x86_64-cc,
ucrt64,mingw-w64-ucrt-x86_64-qt-creator-docs,build-depends-on,mingw-w64-ucrt-x86_64-cc,
ucrt64,mingw-w64-ucrt-x86_64-qt-installer-framework,build-depends-on,mingw-w64-ucrt-x86_64-cc,
ucrt64,mingw-w64-ucrt-x86_64-qt5-3d,build-depends-on,mingw-w64-ucrt-x86_64-cc,
ucrt64,mingw-w64-ucrt-x86_64-qt5-3d-debug,build-depends-on,mingw-w64-ucrt-x86_64-cc,
ucrt64,mingw-w64-ucrt-x86_64-qt5-activeqt,build-depends-on,mingw-w64-ucrt-x86_64-cc,
ucrt64,mingw-w64-ucrt-x86_64-qt5-activeqt-debug,build-depends-on,mingw-w64-ucrt-x86_64-cc,
ucrt64,mingw-w64-ucrt-x86_64-qt5-base,build-depends-on,mingw-w64-ucrt-x86_64-cc,
ucrt64,mingw-w64-ucrt-x86_64-qt5-base,build-depends-on,mingw-w64-ucrt-x86_64-vulkan,
ucrt64,mingw-w64-ucrt-x86_64-qt5-base-debug,build-depends-on,mingw-w64-ucrt-x86_64-cc,
ucrt64,mingw-w64-ucrt-x86_64-qt5-base-debug,build-depends-on,mingw-w64-ucrt-x86_64-vulkan,
ucrt64,mingw-w64-ucrt-x86_64-qt5-charts,build-depends-on,mingw-w64-ucrt-x86_64-cc,
ucrt64,mingw-w64-ucrt-x86_64-qt5-charts-debug,build-depends-on,mingw-w64-ucrt-x86_64-cc,
ucrt64,mingw-w64-ucrt-x86_64-qt5-connectivity,build-depends-on,mingw-w64-ucrt-x86_64-cc,
ucrt64,mingw-w64-ucrt-x86_64-qt5-connectivity-debug,build-depends-on,mingw-w64-ucrt-x86_64-cc,
ucrt64,mingw-w64-ucrt-x86_64-qt5-datavis3d,build-depends-on,mingw-w64-ucrt-x86_64-cc,
ucrt64,mingw-w64-ucrt-x86_64-qt5-datavis3d-debug,build-depends-on,mingw-w64-ucrt-x86_64-cc,
ucrt64,mingw-w64-ucrt-x86_64-qt5-declarative,build-depends-on,mingw-w64-ucrt-x86_64-cc,
ucrt64,mingw-w64-ucrt-x86_64-qt5-declarative-debug,build-depends-on,mingw-w64-ucrt-x86_64-cc,
ucrt64,mingw-w64-ucrt-x86_64-qt5-gamepad,build-depends-on,mingw-w64-ucrt-x86_64-SDL2,
ucrt64,mingw-w64-ucrt-x86_64-qt5-gamepad,build-depends-on,mingw-w64-ucrt-x86_64-cc,
ucrt64,mingw-w64-ucrt-x86_64-qt5-gamepad-debug,build-depends-on,mingw-w64-ucrt-x86_64-SDL2,
ucrt64,mingw-w64-ucrt-x86_64-qt5-gamepad-debug,build-depends-on,mingw-w64-ucrt-x86_64-cc,
ucrt64,mingw-w64-ucrt-x86_64-qt5-graphicaleffects,build-depends-on,mingw-w64-ucrt-x86_64-cc,
ucrt64,mingw-w64-ucrt-x86_64-qt5-graphicaleffects-debug,build-depends-on,mingw-w64-ucrt-x86_64-cc,
ucrt64,mingw-w64-ucrt-x86_64-qt5-imageformats,build-depends-on,mingw-w64-ucrt-x86_64-cc,
ucrt64,mingw-w64-ucrt-x86_64-qt5-imageformats-debug,build-depends-on,mingw-w64-ucrt-x86_64-cc,
ucrt64,mingw-w64-ucrt-x86_64-qt5-location,build-depends-on,mingw-w64-ucrt-x86_64-cc,
ucrt64,mingw-w64-ucrt-x86_64-qt5-location-debug,build-depends-on,mingw-w64-ucrt-x86_64-cc,
ucrt64,mingw-w64-ucrt-x86_64-qt5-lottie,build-depends-on,mingw-w64-ucrt-x86_64-cc,
ucrt64,mingw-w64-ucrt-x86_64-qt5-lottie-debug,build-depends-on,mingw-w64-ucrt-x86_64-cc,
ucrt64,mingw-w64-ucrt-x86_64-qt5-multimedia,build-depends-on,mingw-w64-ucrt-x86_64-cc,
ucrt64,mingw-w64-ucrt-x86_64-qt5-multimedia-debug,build-depends-on,mingw-w64-ucrt-x86_64-cc,
ucrt64,mingw-w64-ucrt-x86_64-qt5-networkauth,build-depends-on,mingw-w64-ucrt-x86_64-cc,
ucrt64,mingw-w64-ucrt-x86_64-qt5-networkauth-debug,build-depends-on,mingw-w64-ucrt-x86_64-cc,
ucrt64,mingw-w64-ucrt-x86_64-qt5-pdf,build-depends-on,mingw-w64-ucrt-x86_64-cc,
ucrt64,mingw-w64-ucrt-x86_64-qt5-pdf-debug,build-depends-on,mingw-w64-ucrt-x86_64-cc,
ucrt64,mingw-w64-ucrt-x86_64-qt5-purchasing,build-depends-on,mingw-w64-ucrt-x86_64-cc,
ucrt64,mingw-w64-ucrt-x86_64-qt5-purchasing-debug,build-depends-on,mingw-w64-ucrt-x86_64-cc,
ucrt64,mingw-w64-ucrt-x86_64-qt5-quick3d,build-depends-on,mingw-w64-ucrt-x86_64-cc,
ucrt64,mingw-w64-ucrt-x86_64-qt5-quick3d-debug,build-depends-on,mingw-w64-ucrt-x86_64-cc,
ucrt64,mingw-w64-ucrt-x86_64-qt5-quickcontrols,build-depends-on,mingw-w64-ucrt-x86_64-cc,
ucrt64,mingw-w64-ucrt-x86_64-qt5-quickcontrols-debug,build-depends-on,mingw-w64-ucrt-x86_64-cc,
ucrt64,mingw-w64-ucrt-x86_64-qt5-quickcontrols2,build-depends-on,mingw-w64-ucrt-x86_64-cc,
ucrt64,mingw-w64-ucrt-x86_64-qt5-quickcontrols2-debug,build-depends-on,mingw-w64-ucrt-x86_64-cc,
ucrt64,mingw-w64-ucrt-x86_64-qt5-quicktimeline,build-depends-on,mingw-w64-ucrt-x86_64-cc,
ucrt64,mingw-w64-ucrt-x86_64-qt5-quicktimeline-debug,build-depends-on,mingw-w64-ucrt-x86_64-cc,
ucrt64,mingw-w64-ucrt-x86_64-qt5-remoteobjects,build-depends-on,mingw-w64-ucrt-x86_64-cc,
ucrt64,mingw-w64-ucrt-x86_64-qt5-remoteobjects-debug,build-depends-on,mingw-w64-ucrt-x86_64-cc,
ucrt64,mingw-w64-ucrt-x86_64-qt5-script,build-depends-on,mingw-w64-ucrt-x86_64-cc,
ucrt64,mingw-w64-ucrt-x86_64-qt5-script-debug,build-depends-on,mingw-w64-ucrt-x86_64-cc,
ucrt64,mingw-w64-ucrt-x86_64-qt5-scxml,build-depends-on,mingw-w64-ucrt-x86_64-cc,
ucrt64,mingw-w64-ucrt-x86_64-qt5-scxml-debug,build-depends-on,mingw-w64-ucrt-x86_64-cc,
ucrt64,mingw-w64-ucrt-x86_64-qt5-sensors,build-depends-on,mingw-w64-ucrt-x86_64-cc,
ucrt64,mingw-w64-ucrt-x86_64-qt5-sensors-debug,build-depends-on,mingw-w64-ucrt-x86_64-cc,
ucrt64,mingw-w64-ucrt-x86_64-qt5-serialbus,build-depends-on,mingw-w64-ucrt-x86_64-cc,
ucrt64,mingw-w64-ucrt-x86_64-qt5-serialbus-debug,build-depends-on,mingw-w64-ucrt-x86_64-cc,
ucrt64,mingw-w64-ucrt-x86_64-qt5-serialport,build-depends-on,mingw-w64-ucrt-x86_64-cc,
ucrt64,mingw-w64-ucrt-x86_64-qt5-serialport-debug,build-depends-on,mingw-w64-ucrt-x86_64-cc,
ucrt64,mingw-w64-ucrt-x86_64-qt5-speech,build-depends-on,mingw-w64-ucrt-x86_64-cc,
ucrt64,mingw-w64-ucrt-x86_64-qt5-speech-debug,build-depends-on,mingw-w64-ucrt-x86_64-cc,
ucrt64,mingw-w64-ucrt-x86_64-qt5-static,build-depends-on,mingw-w64-ucrt-x86_64-cc,
ucrt64,mingw-w64-ucrt-x86_64-qt5-svg,build-depends-on,mingw-w64-ucrt-x86_64-cc,
ucrt64,mingw-w64-ucrt-x86_64-qt5-svg-debug,build-depends-on,mingw-w64-ucrt-x86_64-cc,
ucrt64,mingw-w64-ucrt-x86_64-qt5-tools,build-depends-on,mingw-w64-ucrt-x86_64-cc,
ucrt64,mingw-w64-ucrt-x86_64-qt5-tools-debug,build-depends-on,mingw-w64-ucrt-x86_64-cc,
ucrt64,mingw-w64-ucrt-x86_64-qt5-translations,build-depends-on,mingw-w64-ucrt-x86_64-cc,
ucrt64,mingw-w64-ucrt-x86_64-qt5-virtualkeyboard,build-depends-on,mingw-w64-ucrt-x86_64-cc,
ucrt64,mingw-w64-ucrt-x86_64-qt5-virtualkeyboard-debug,build-depends-on,mingw-w64-ucrt-x86_64-cc,
ucrt64,mingw-w64-ucrt-x86_64-qt5-webchannel,build-depends-on,mingw-w64-ucrt-x86_64-cc,
ucrt64,mingw-w64-ucrt-x86_64-qt5-webchannel-debug,build-depends-on,mingw-w64-ucrt-x86_64-cc,
ucrt64,mingw-w64-ucrt-x86_64-qt5-webglplugin,build-depends-on,mingw-w64-ucrt-x86_64-cc,
ucrt64,mingw-w64-ucrt-x86_64-qt5-webglplugin-debug,build-depends-on,mingw-w64-ucrt-x86_64-cc,
ucrt64,mingw-w64-ucrt-x86_64-qt5-websockets,build-depends-on,mingw-w64-ucrt-x86_64-cc,
ucrt64,mingw-w64-ucrt-x86_64-qt5-websockets-debug,build-depends-on,mingw-w64-ucrt-x86_64-cc,
ucrt64,mingw-w64-ucrt-x86_64-qt5-webview,build-depends-on,mingw-w64-ucrt-x86_64-cc,
ucrt64,mingw-w64-ucrt-x86_64-qt5-webview-debug,build-depends-on,mingw-w64-ucrt-x86_64-cc,
ucrt64,mingw-w64-ucrt-x86_64-qt5-winextras,build-depends-on,mingw-w64-ucrt-x86_64-cc,
ucrt64,mingw-w64-ucrt-x86_64-qt5-winextras-debug,build-depends-on,mingw-w64-ucrt-x86_64-cc,
ucrt64,mingw-w64-ucrt-x86_64-qt5-xmlpatterns,build-depends-on,mingw-w64-ucrt-x86_64-cc,
ucrt64,mingw-w64-ucrt-x86_64-qt5-xmlpatterns-debug,build-depends-on,mingw-w64-ucrt-x86_64-cc,
ucrt64,mingw-w64-ucrt-x86_64-qt6-3d,build-depends-on,mingw-w64-ucrt-x86_64-cc,
ucrt64,mingw-w64-ucrt-x86_64-qt6-3d-debug,build-depends-on,mingw-w64-ucrt-x86_64-cc,
ucrt64,mingw-w64-ucrt-x86_64-qt6-5compat,build-depends-on,mingw-w64-ucrt-x86_64-cc,
ucrt64,mingw-w64-ucrt-x86_64-qt6-5compat-debug,build-depends-on,mingw-w64-ucrt-x86_64-cc,
ucrt64,mingw-w64-ucrt-x86_64-qt6-activeqt,build-depends-on,mingw-w64-ucrt-x86_64-cc,
ucrt64,mingw-w64-ucrt-x86_64-qt6-activeqt-debug,build-depends-on,mingw-w64-ucrt-x86_64-cc,
ucrt64,mingw-w64-ucrt-x86_64-qt6-base,build-depends-on,mingw-w64-ucrt-x86_64-cc,
ucrt64,mingw-w64-ucrt-x86_64-qt6-base-debug,build-depends-on,mingw-w64-ucrt-x86_64-cc,
ucrt64,mingw-w64-ucrt-x86_64-qt6-charts,build-depends-on,mingw-w64-ucrt-x86_64-cc,
ucrt64,mingw-w64-ucrt-x86_64-qt6-charts-debug,build-depends-on,mingw-w64-ucrt-x86_64-cc,
ucrt64,mingw-w64-ucrt-x86_64-qt6-connectivity,build-depends-on,mingw-w64-ucrt-x86_64-cc,
ucrt64,mingw-w64-ucrt-x86_64-qt6-connectivity-debug,build-depends-on,mingw-w64-ucrt-x86_64-cc,
ucrt64,mingw-w64-ucrt-x86_64-qt6-datavis3d,build-depends-on,mingw-w64-ucrt-x86_64-cc,
ucrt64,mingw-w64-ucrt-x86_64-qt6-datavis3d-debug,build-depends-on,mingw-w64-ucrt-x86_64-cc,
ucrt64,mingw-w64-ucrt-x86_64-qt6-declarative,build-depends-on,mingw-w64-ucrt-x86_64-cc,
ucrt64,mingw-w64-ucrt-x86_64-qt6-declarative-debug,build-depends-on,mingw-w64-ucrt-x86_64-cc,
ucrt64,mingw-w64-ucrt-x86_64-qt6-graphs,build-depends-on,mingw-w64-ucrt-x86_64-cc,
ucrt64,mingw-w64-ucrt-x86_64-qt6-graphs-debug,build-depends-on,mingw-w64-ucrt-x86_64-cc,
ucrt64,mingw-w64-ucrt-x86_64-qt6-grpc,build-depends-on,mingw-w64-ucrt-x86_64-cc,
ucrt64,mingw-w64-ucrt-x86_64-qt6-grpc-debug,build-depends-on,mingw-w64-ucrt-x86_64-cc,
ucrt64,mingw-w64-ucrt-x86_64-qt6-httpserver,build-depends-on,mingw-w64-ucrt-x86_64-cc,
ucrt64,mingw-w64-ucrt-x86_64-qt6-httpserver-debug,build-depends-on,mingw-w64-ucrt-x86_64-cc,
ucrt64,mingw-w64-ucrt-x86_64-qt6-imageformats,build-depends-on,mingw-w64-ucrt-x86_64-cc,
ucrt64,mingw-w64-ucrt-x86_64-qt6-imageformats-debug,build-depends-on,mingw-w64-ucrt-x86_64-cc,
ucrt64,mingw-w64-ucrt-x86_64-qt6-languageserver,build-depends-on,mingw-w64-ucrt-x86_64-cc,
ucrt64,mingw-w64-ucrt-x86_64-qt6-location,build-depends-on,mingw-w64-ucrt-x86_64-cc,
ucrt64,mingw-w64-ucrt-x86_64-qt6-location-debug,build-depends-on,mingw-w64-ucrt-x86_64-cc,
ucrt64,mingw-w64-ucrt-x86_64-qt6-lottie,build-depends-on,mingw-w64-ucrt-x86_64-cc,
ucrt64,mingw-w64-ucrt-x86_64-qt6-lottie-debug,build-depends-on,mingw-w64-ucrt-x86_64-cc,
ucrt64,mingw-w64-ucrt-x86_64-qt6-mqtt,build-depends-on,mingw-w64-ucrt-x86_64-cc,
ucrt64,mingw-w64-ucrt-x86_64-qt6-mqtt-debug,build-depends-on,mingw-w64-ucrt-x86_64-cc,
ucrt64,mingw-w64-ucrt-x86_64-qt6-multimedia,build-depends-on,mingw-w64-ucrt-x86_64-cc,
ucrt64,mingw-w64-ucrt-x86_64-qt6-multimedia-debug,build-depends-on,mingw-w64-ucrt-x86_64-cc,
ucrt64,mingw-w64-ucrt-x86_64-qt6-multimedia-ffmpeg,build-depends-on,mingw-w64-ucrt-x86_64-cc,
ucrt64,mingw-w64-ucrt-x86_64-qt6-multimedia-wmf,build-depends-on,mingw-w64-ucrt-x86_64-cc,
ucrt64,mingw-w64-ucrt-x86_64-qt6-networkauth,build-depends-on,mingw-w64-ucrt-x86_64-cc,
ucrt64,mingw-w64-ucrt-x86_64-qt6-networkauth-debug,build-depends-on,mingw-w64-ucrt-x86_64-cc,
ucrt64,mingw-w64-ucrt-x86_64-qt6-pdf,build-depends-on,mingw-w64-ucrt-x86_64-cc,
ucrt64,mingw-w64-ucrt-x86_64-qt6-pdf-debug,build-depends-on,mingw-w64-ucrt-x86_64-cc,
ucrt64,mingw-w64-ucrt-x86_64-qt6-positioning,build-depends-on,mingw-w64-ucrt-x86_64-cc,
ucrt64,mingw-w64-ucrt-x86_64-qt6-positioning-debug,build-depends-on,mingw-w64-ucrt-x86_64-cc,
ucrt64,mingw-w64-ucrt-x86_64-qt6-quick3d,build-depends-on,mingw-w64-ucrt-x86_64-cc,
ucrt64,mingw-w64-ucrt-x86_64-qt6-quick3d-debug,build-depends-on,mingw-w64-ucrt-x86_64-cc,
ucrt64,mingw-w64-ucrt-x86_64-qt6-quick3dphysics,build-depends-on,mingw-w64-ucrt-x86_64-cc,
ucrt64,mingw-w64-ucrt-x86_64-qt6-quick3dphysics-debug,build-depends-on,mingw-w64-ucrt-x86_64-cc,
ucrt64,mingw-w64-ucrt-x86_64-qt6-quickeffectmaker,build-depends-on,mingw-w64-ucrt-x86_64-cc,
ucrt64,mingw-w64-ucrt-x86_64-qt6-quickeffectmaker-debug,build-depends-on,mingw-w64-ucrt-x86_64-cc,
ucrt64,mingw-w64-ucrt-x86_64-qt6-quicktimeline,build-depends-on,mingw-w64-ucrt-x86_64-cc,
ucrt64,mingw-w64-ucrt-x86_64-qt6-quicktimeline-debug,build-depends-on,mingw-w64-ucrt-x86_64-cc,
ucrt64,mingw-w64-ucrt-x86_64-qt6-remoteobjects,build-depends-on,mingw-w64-ucrt-x86_64-cc,
ucrt64,mingw-w64-ucrt-x86_64-qt6-remoteobjects-debug,build-depends-on,mingw-w64-ucrt-x86_64-cc,
ucrt64,mingw-w64-ucrt-x86_64-qt6-scxml,build-depends-on,mingw-w64-ucrt-x86_64-cc,
ucrt64,mingw-w64-ucrt-x86_64-qt6-scxml-debug,build-depends-on,mingw-w64-ucrt-x86_64-cc,
ucrt64,mingw-w64-ucrt-x86_64-qt6-sensors,build-depends-on,mingw-w64-ucrt-x86_64-cc,
ucrt64,mingw-w64-ucrt-x86_64-qt6-sensors-debug,build-depends-on,mingw-w64-ucrt-x86_64-cc,
ucrt64,mingw-w64-ucrt-x86_64-qt6-serialbus,build-depends-on,mingw-w64-ucrt-x86_64-cc,
ucrt64,mingw-w64-ucrt-x86_64-qt6-serialbus-debug,build-depends-on,mingw-w64-ucrt-x86_64-cc,
ucrt64,mingw-w64-ucrt-x86_64-qt6-serialport,build-depends-on,mingw-w64-ucrt-x86_64-cc,
ucrt64,mingw-w64-ucrt-x86_64-qt6-serialport-debug,build-depends-on,mingw-w64-ucrt-x86_64-cc,
ucrt64,mingw-w64-ucrt-x86_64-qt6-shadertools,build-depends-on,mingw-w64-ucrt-x86_64-cc,
ucrt64,mingw-w64-ucrt-x86_64-qt6-shadertools-debug,build-depends-on,mingw-w64-ucrt-x86_64-cc,
ucrt64,mingw-w64-ucrt-x86_64-qt6-speech,build-depends-on,mingw-w64-ucrt-x86_64-cc,
ucrt64,mingw-w64-ucrt-x86_64-qt6-speech-debug,build-depends-on,mingw-w64-ucrt-x86_64-cc,
ucrt64,mingw-w64-ucrt-x86_64-qt6-static,build-depends-on,mingw-w64-ucrt-x86_64-cc,
ucrt64,mingw-w64-ucrt-x86_64-qt6-svg,build-depends-on,mingw-w64-ucrt-x86_64-cc,
ucrt64,mingw-w64-ucrt-x86_64-qt6-svg-debug,build-depends-on,mingw-w64-ucrt-x86_64-cc,
ucrt64,mingw-w64-ucrt-x86_64-qt6-tools,build-depends-on,mingw-w64-ucrt-x86_64-cc,
ucrt64,mingw-w64-ucrt-x86_64-qt6-tools-debug,build-depends-on,mingw-w64-ucrt-x86_64-cc,
ucrt64,mingw-w64-ucrt-x86_64-qt6-translations,build-depends-on,mingw-w64-ucrt-x86_64-cc,
ucrt64,mingw-w64-ucrt-x86_64-qt6-virtualkeyboard,build-depends-on,mingw-w64-ucrt-x86_64-cc,
ucrt64,mingw-w64-ucrt-x86_64-qt6-virtualkeyboard-debug,build-depends-on,mingw-w64-ucrt-x86_64-cc,
ucrt64,mingw-w64-ucrt-x86_64-qt6-webchannel,build-depends-on,mingw-w64-ucrt-x86_64-cc,
ucrt64,mingw-w64-ucrt-x86_64-qt6-webchannel-debug,build-depends-on,mingw-w64-ucrt-x86_64-cc,
ucrt64,mingw-w64-ucrt-x86_64-qt6-websockets,build-depends-on,mingw-w64-ucrt-x86_64-cc,
ucrt64,mingw-w64-ucrt-x86_64-qt6-websockets-debug,build-depends-on,mingw-w64-ucrt-x86_64-cc,
ucrt64,mingw-w64-ucrt-x86_64-qt6-webview,build-depends-on,mingw-w64-ucrt-x86_64-cc,
ucrt64,mingw-w64-ucrt-x86_64-qt6-webview-debug,build-depends-on,mingw-w64-ucrt-x86_64-cc,
ucrt64,mingw-w64-ucrt-x86_64-qtkeychain,build-depends-on,mingw-w64-ucrt-x86_64-cc,
ucrt64,mingw-w64-ucrt-x86_64-qtwebkit,build-depends-on,mingw-w64-ucrt-x86_64-cc,
ucrt64,mingw-w64-ucrt-x86_64-quantlib,build-depends-on,mingw-w64-ucrt-x86_64-cc,
ucrt64,mingw-w64-ucrt-x86_64-quantum-espresso,build-depends-on,mingw-w64-ucrt-x86_64-cc,
ucrt64,mingw-w64-ucrt-x86_64-quantum-espresso,build-depends-on,mingw-w64-ucrt-x86_64-fc,
ucrt64,mingw-w64-ucrt-x86_64-quarter,build-depends-on,mingw-w64-ucrt-x86_64-cc,
ucrt64,mingw-w64-ucrt-x86_64-quassel,build-depends-on,mingw-w64-ucrt-x86_64-cc,
ucrt64,mingw-w64-ucrt-x86_64-quazip,build-depends-on,mingw-w64-ucrt-x86_64-cc,
ucrt64,mingw-w64-ucrt-x86_64-qucs-s,build-depends-on,mingw-w64-ucrt-x86_64-cc,
ucrt64,mingw-w64-ucrt-x86_64-quickjs,build-depends-on,mingw-w64-ucrt-x86_64-cc,
ucrt64,mingw-w64-ucrt-x86_64-quickjs-ng,build-depends-on,mingw-w64-ucrt-x86_64-cc,
ucrt64,mingw-w64-ucrt-x86_64-qwt-qt5,build-depends-on,mingw-w64-ucrt-x86_64-cc,
ucrt64,mingw-w64-ucrt-x86_64-qwt-qt6,build-depends-on,mingw-w64-ucrt-x86_64-cc,
ucrt64,mingw-w64-ucrt-x86_64-qxlsx,build-depends-on,mingw-w64-ucrt-x86_64-cc,
ucrt64,mingw-w64-ucrt-x86_64-qxmpp,build-depends-on,mingw-w64-ucrt-x86_64-cc,
ucrt64,mingw-w64-ucrt-x86_64-qxmpp-docs,build-depends-on,mingw-w64-ucrt-x86_64-cc,
ucrt64,mingw-w64-ucrt-x86_64-qxorm,build-depends-on,mingw-w64-ucrt-x86_64-cc,
ucrt64,mingw-w64-ucrt-x86_64-qxorm-docs,build-depends-on,mingw-w64-ucrt-x86_64-cc,
ucrt64,mingw-w64-ucrt-x86_64-r,build-depends-on,mingw-w64-ucrt-x86_64-cc,
ucrt64,mingw-w64-ucrt-x86_64-r,build-depends-on,mingw-w64-ucrt-x86_64-fc,
ucrt64,mingw-w64-ucrt-x86_64-rabbitmq-c,build-depends-on,mingw-w64-ucrt-x86_64-cc,
ucrt64,mingw-w64-ucrt-x86_64-ragel,build-depends-on,mingw-w64-ucrt-x86_64-cc,
ucrt64,mingw-w64-ucrt-x86_64-range-v3,build-depends-on,mingw-w64-ucrt-x86_64-cc,
ucrt64,mingw-w64-ucrt-x86_64-rankwidth,build-depends-on,mingw-w64-ucrt-x86_64-cc,
ucrt64,mingw-w64-ucrt-x86_64-rapidfuzz-cpp,build-depends-on,mingw-w64-ucrt-x86_64-cc,
ucrt64,mingw-w64-ucrt-x86_64-rapidjson,build-depends-on,mingw-w64-ucrt-x86_64-cc,
ucrt64,mingw-w64-ucrt-x86_64-raptor,build-depends-on,mingw-w64-ucrt-x86_64-cc,
ucrt64,mingw-w64-ucrt-x86_64-rasqal,build-depends-on,mingw-w64-ucrt-x86_64-cc,
ucrt64,mingw-w64-ucrt-x86_64-raylib,build-depends-on,mingw-w64-ucrt-x86_64-cc,
ucrt64,mingw-w64-ucrt-x86_64-rcedit,build-depends-on,mingw-w64-ucrt-x86_64-cc,
ucrt64,mingw-w64-ucrt-x86_64-rclone,build-depends-on,mingw-w64-ucrt-x86_64-cc,
ucrt64,mingw-w64-ucrt-x86_64-re2,build-depends-on,mingw-w64-ucrt-x86_64-cc,
ucrt64,mingw-w64-ucrt-x86_64-readline,build-depends-on,mingw-w64-ucrt-x86_64-cc,
ucrt64,mingw-w64-ucrt-x86_64-readosm,build-depends-on,mingw-w64-ucrt-x86_64-cc,
ucrt64,mingw-w64-ucrt-x86_64-readstat,build-depends-on,mingw-w64-ucrt-x86_64-cc,
ucrt64,mingw-w64-ucrt-x86_64-recode,build-depends-on,mingw-w64-ucrt-x86_64-cc,
ucrt64,mingw-w64-ucrt-x86_64-redis-plus-plus,build-depends-on,mingw-w64-ucrt-x86_64-cc,
ucrt64,mingw-w64-ucrt-x86_64-redland,build-depends-on,mingw-w64-ucrt-x86_64-cc,
ucrt64,mingw-w64-ucrt-x86_64-reflect-cpp,build-depends-on,mingw-w64-ucrt-x86_64-cc,
ucrt64,mingw-w64-ucrt-x86_64-restbed,build-depends-on,mingw-w64-ucrt-x86_64-cc,
ucrt64,mingw-w64-ucrt-x86_64-rhash,build-depends-on,mingw-w64-ucrt-x86_64-cc,
ucrt64,mingw-w64-ucrt-x86_64-riscv32-unknown-elf-binutils,build-depends-on,mingw-w64-ucrt-x86_64-cc,
ucrt64,mingw-w64-ucrt-x86_64-riscv32-unknown-elf-gcc,build-depends-on,mingw-w64-ucrt-x86_64-cc,
ucrt64,mingw-w64-ucrt-x86_64-riscv32-unknown-elf-newlib,build-depends-on,mingw-w64-ucrt-x86_64-cc,
ucrt64,mingw-w64-ucrt-x86_64-riscv64-unknown-elf-binutils,build-depends-on,mingw-w64-ucrt-x86_64-cc,
ucrt64,mingw-w64-ucrt-x86_64-riscv64-unknown-elf-gcc,build-depends-on,mingw-w64-ucrt-x86_64-cc,
ucrt64,mingw-w64-ucrt-x86_64-riscv64-unknown-elf-newlib,build-depends-on,mingw-w64-ucrt-x86_64-cc,
ucrt64,mingw-w64-ucrt-x86_64-rkcommon,build-depends-on,mingw-w64-ucrt-x86_64-cc,
ucrt64,mingw-w64-ucrt-x86_64-rkdeveloptool,build-depends-on,mingw-w64-ucrt-x86_64-cc,
ucrt64,mingw-w64-ucrt-x86_64-rnnoise,build-depends-on,mingw-w64-ucrt-x86_64-cc,
ucrt64,mingw-w64-ucrt-x86_64-robin-hood-hashing,build-depends-on,mingw-w64-ucrt-x86_64-cc,
ucrt64,mingw-w64-ucrt-x86_64-robin-map,build-depends-on,mingw-w64-ucrt-x86_64-cc,
ucrt64,mingw-w64-ucrt-x86_64-rocksdb,build-depends-on,mingw-w64-ucrt-x86_64-cc,
ucrt64,mingw-w64-ucrt-x86_64-roswell,build-depends-on,mingw-w64-ucrt-x86_64-cc,
ucrt64,mingw-w64-ucrt-x86_64-rpi-imager,build-depends-on,mingw-w64-ucrt-x86_64-cc,
ucrt64,mingw-w64-ucrt-x86_64-rrdtool,build-depends-on,mingw-w64-ucrt-x86_64-cc,
ucrt64,mingw-w64-ucrt-x86_64-rssguard,build-depends-on,mingw-w64-ucrt-x86_64-cc,
ucrt64,mingw-w64-ucrt-x86_64-rtaudio,build-depends-on,mingw-w64-ucrt-x86_64-cc,
ucrt64,mingw-w64-ucrt-x86_64-rtl-sdr,build-depends-on,mingw-w64-ucrt-x86_64-cc,
ucrt64,mingw-w64-ucrt-x86_64-rtl_433,build-depends-on,mingw-w64-ucrt-x86_64-cc,
ucrt64,mingw-w64-ucrt-x86_64-rtmidi,build-depends-on,mingw-w64-ucrt-x86_64-cc,
ucrt64,mingw-w64-ucrt-x86_64-rtmpdump,build-depends-on,mingw-w64-ucrt-x86_64-cc,
ucrt64,mingw-w64-ucrt-x86_64-rubberband,build-depends-on,mingw-w64-ucrt-x86_64-cc,
ucrt64,mingw-w64-ucrt-x86_64-ruby,build-depends-on,mingw-w64-ucrt-x86_64-cc,
ucrt64,mingw-w64-ucrt-x86_64-ruby-rdiscount,build-depends-on,mingw-w64-ucrt-x86_64-cc,
ucrt64,mingw-w64-ucrt-x86_64-ruc,build-depends-on,mingw-w64-ucrt-x86_64-cc,
ucrt64,mingw-w64-ucrt-x86_64-ruc-vm,build-depends-on,mingw-w64-ucrt-x86_64-cc,
ucrt64,mingw-w64-ucrt-x86_64-rufus,build-depends-on,mingw-w64-ucrt-x86_64-cc,
ucrt64,mingw-w64-ucrt-x86_64-rust,build-depends-on,mingw-w64-ucrt-x86_64-cc,
ucrt64,mingw-w64-ucrt-x86_64-rust-emscripten,build-depends-on,mingw-w64-ucrt-x86_64-cc,
ucrt64,mingw-w64-ucrt-x86_64-rust-src,build-depends-on,mingw-w64-ucrt-x86_64-cc,
ucrt64,mingw-w64-ucrt-x86_64-rust-wasm,build-depends-on,mingw-w64-ucrt-x86_64-cc,
ucrt64,mingw-w64-ucrt-x86_64-rustfs,build-depends-on,mingw-w64-ucrt-x86_64-cc,
ucrt64,mingw-w64-ucrt-x86_64-rxspencer,build-depends-on,mingw-w64-ucrt-x86_64-cc,
ucrt64,mingw-w64-ucrt-x86_64-s-dftd3,build-depends-on,mingw-w64-ucrt-x86_64-fc,
ucrt64,mingw-w64-ucrt-x86_64-s2geometry,build-depends-on,mingw-w64-ucrt-x86_64-cc,
ucrt64,mingw-w64-ucrt-x86_64-safetyhook,build-depends-on,mingw-w64-ucrt-x86_64-cc,
ucrt64,mingw-w64-ucrt-x86_64-safetyhook-docs,build-depends-on,mingw-w64-ucrt-x86_64-cc,
ucrt64,mingw-w64-ucrt-x86_64-samtools,build-depends-on,mingw-w64-ucrt-x86_64-cc,
ucrt64,mingw-w64-ucrt-x86_64-sane,build-depends-on,mingw-w64-ucrt-x86_64-cc,
ucrt64,mingw-w64-ucrt-x86_64-sassc,build-depends-on,mingw-w64-ucrt-x86_64-cc,
ucrt64,mingw-w64-ucrt-x86_64-sbc,build-depends-on,mingw-w64-ucrt-x86_64-cc,
ucrt64,mingw-w64-ucrt-x86_64-sbcl,build-depends-on,mingw-w64-ucrt-x86_64-cc,
ucrt64,mingw-w64-ucrt-x86_64-scalapack,build-depends-on,mingw-w64-ucrt-x86_64-cc,
ucrt64,mingw-w64-ucrt-x86_64-scalapack,build-depends-on,mingw-w64-ucrt-x86_64-fc,
ucrt64,mingw-w64-ucrt-x86_64-scdoc,build-depends-on,mingw-w64-ucrt-x86_64-cc,
ucrt64,mingw-w64-ucrt-x86_64-schroedinger,build-depends-on,mingw-w64-ucrt-x86_64-cc,
ucrt64,mingw-w64-ucrt-x86_64-scite,build-depends-on,mingw-w64-ucrt-x86_64-cc,
ucrt64,mingw-w64-ucrt-x86_64-scite-defaults,build-depends-on,mingw-w64-ucrt-x86_64-cc,
ucrt64,mingw-w64-ucrt-x86_64-scnlib,build-depends-on,mingw-w64-ucrt-x86_64-cc,
ucrt64,mingw-w64-ucrt-x86_64-scopehal-apps,build-depends-on,mingw-w64-ucrt-x86_64-cc,
ucrt64,mingw-w64-ucrt-x86_64-scotch,build-depends-on,mingw-w64-ucrt-x86_64-cc,
ucrt64,mingw-w64-ucrt-x86_64-scotch,build-depends-on,mingw-w64-ucrt-x86_64-fc,
ucrt64,mingw-w64-ucrt-x86_64-scotch-metis,build-depends-on,mingw-w64-ucrt-x86_64-cc,
ucrt64,mingw-w64-ucrt-x86_64-scotch-metis,build-depends-on,mingw-w64-ucrt-x86_64-fc,
ucrt64,mingw-w64-ucrt-x86_64-scotch64,build-depends-on,mingw-w64-ucrt-x86_64-cc,
ucrt64,mingw-w64-ucrt-x86_64-scotch64,build-depends-on,mingw-w64-ucrt-x86_64-fc,
ucrt64,mingw-w64-ucrt-x86_64-scotch64-metis,build-depends-on,mingw-w64-ucrt-x86_64-cc,
ucrt64,mingw-w64-ucrt-x86_64-scotch64-metis,build-depends-on,mingw-w64-ucrt-x86_64-fc,
ucrt64,mingw-w64-ucrt-x86_64-scrcpy,build-depends-on,mingw-w64-ucrt-x86_64-cc,
ucrt64,mingw-w64-ucrt-x86_64-scribus,build-depends-on,mingw-w64-ucrt-x86_64-cc,
ucrt64,mingw-w64-ucrt-x86_64-scummvm,build-depends-on,mingw-w64-ucrt-x86_64-cc,
ucrt64,mingw-w64-ucrt-x86_64-sdcc,build-depends-on,mingw-w64-ucrt-x86_64-cc,
ucrt64,mingw-w64-ucrt-x86_64-sdcv,build-depends-on,mingw-w64-ucrt-x86_64-cc,
ucrt64,mingw-w64-ucrt-x86_64-sdl12-compat,build-depends-on,mingw-w64-ucrt-x86_64-cc,
ucrt64,mingw-w64-ucrt-x86_64-sdl3,build-depends-on,mingw-w64-ucrt-x86_64-cc,
ucrt64,mingw-w64-ucrt-x86_64-sdl3-image,build-depends-on,mingw-w64-ucrt-x86_64-cc,
ucrt64,mingw-w64-ucrt-x86_64-sdl3-mixer,build-depends-on,mingw-w64-ucrt-x86_64-cc,
ucrt64,mingw-w64-ucrt-x86_64-sdl3-net,build-depends-on,mingw-w64-ucrt-x86_64-cc,
ucrt64,mingw-w64-ucrt-x86_64-sdl3-ttf,build-depends-on,mingw-w64-ucrt-x86_64-cc,
ucrt64,mingw-w64-ucrt-x86_64-seacas,build-depends-on,mingw-w64-ucrt-x86_64-cc,
ucrt64,mingw-w64-ucrt-x86_64-sed,build-depends-on,mingw-w64-ucrt-x86_64-cc,
ucrt64,mingw-w64-ucrt-x86_64-seexpr,build-depends-on,mingw-w64-ucrt-x86_64-cc,
ucrt64,mingw-w64-ucrt-x86_64-sequoia-sq,build-depends-on,mingw-w64-ucrt-x86_64-cc,
ucrt64,mingw-w64-ucrt-x86_64-serd,build-depends-on,mingw-w64-ucrt-x86_64-cc,
ucrt64,mingw-w64-ucrt-x86_64-serial-studio,build-depends-on,mingw-w64-ucrt-x86_64-cc,
ucrt64,mingw-w64-ucrt-x86_64-sfcgal,build-depends-on,mingw-w64-ucrt-x86_64-cc,
ucrt64,mingw-w64-ucrt-x86_64-sfml,build-depends-on,mingw-w64-ucrt-x86_64-cc,
ucrt64,mingw-w64-ucrt-x86_64-sfml-docs,build-depends-on,mingw-w64-ucrt-x86_64-cc,
ucrt64,mingw-w64-ucrt-x86_64-shaderc,build-depends-on,mingw-w64-ucrt-x86_64-cc,
ucrt64,mingw-w64-ucrt-x86_64-shapelib,build-depends-on,mingw-w64-ucrt-x86_64-cc,
ucrt64,mingw-w64-ucrt-x86_64-shared-mime-info,build-depends-on,mingw-w64-ucrt-x86_64-cc,
ucrt64,mingw-w64-ucrt-x86_64-shared-mime-info,build-depends-on,mingw-w64-ucrt-x86_64-gettext,
ucrt64,mingw-w64-ucrt-x86_64-shfmt,build-depends-on,mingw-w64-ucrt-x86_64-cc,
ucrt64,mingw-w64-ucrt-x86_64-shiboken2,build-depends-on,mingw-w64-ucrt-x86_64-cc,
ucrt64,mingw-w64-ucrt-x86_64-shiboken6,build-depends-on,mingw-w64-ucrt-x86_64-cc,
ucrt64,mingw-w64-ucrt-x86_64-shim_executable,build-depends-on,mingw-w64-ucrt-x86_64-cc,
ucrt64,mingw-w64-ucrt-x86_64-shine,build-depends-on,mingw-w64-ucrt-x86_64-cc,
ucrt64,mingw-w64-ucrt-x86_64-shishi,build-depends-on,mingw-w64-ucrt-x86_64-cc,
ucrt64,mingw-w64-ucrt-x86_64-shotcut,build-depends-on,mingw-w64-ucrt-x86_64-cc,
ucrt64,mingw-w64-ucrt-x86_64-sidplayfp,build-depends-on,mingw-w64-ucrt-x86_64-cc,
ucrt64,mingw-w64-ucrt-x86_64-siesta,build-depends-on,mingw-w64-ucrt-x86_64-cc,
ucrt64,mingw-w64-ucrt-x86_64-siesta,build-depends-on,mingw-w64-ucrt-x86_64-fc,
ucrt64,mingw-w64-ucrt-x86_64-sigutils,build-depends-on,mingw-w64-ucrt-x86_64-cc,
ucrt64,mingw-w64-ucrt-x86_64-silc-toolkit,build-depends-on,mingw-w64-ucrt-x86_64-cc,
ucrt64,mingw-w64-ucrt-x86_64-simdjson,build-depends-on,mingw-w64-ucrt-x86_64-cc,
ucrt64,mingw-w64-ucrt-x86_64-simple-mail,build-depends-on,mingw-w64-ucrt-x86_64-cc,
ucrt64,mingw-w64-ucrt-x86_64-simvoleon,build-depends-on,mingw-w64-ucrt-x86_64-cc,
ucrt64,mingw-w64-ucrt-x86_64-sirocco,build-depends-on,mingw-w64-ucrt-x86_64-cc,
ucrt64,mingw-w64-ucrt-x86_64-skia,build-depends-on,mingw-w64-ucrt-x86_64-cc,
ucrt64,mingw-w64-ucrt-x86_64-skyr-url,build-depends-on,mingw-w64-ucrt-x86_64-cc,
ucrt64,mingw-w64-ucrt-x86_64-sl,build-depends-on,mingw-w64-ucrt-x86_64-cc,
ucrt64,mingw-w64-ucrt-x86_64-sleef,build-depends-on,mingw-w64-ucrt-x86_64-cc,
ucrt64,mingw-w64-ucrt-x86_64-slepc,build-depends-on,mingw-w64-ucrt-x86_64-cc,
ucrt64,mingw-w64-ucrt-x86_64-slepc,build-depends-on,mingw-w64-ucrt-x86_64-fc,
ucrt64,mingw-w64-ucrt-x86_64-slim-simulator,build-depends-on,mingw-w64-ucrt-x86_64-cc,
ucrt64,mingw-w64-ucrt-x86_64-smpeg,build-depends-on,mingw-w64-ucrt-x86_64-cc,
ucrt64,mingw-w64-ucrt-x86_64-smpeg2,build-depends-on,mingw-w64-ucrt-x86_64-cc,
ucrt64,mingw-w64-ucrt-x86_64-snappy,build-depends-on,mingw-w64-ucrt-x86_64-cc,
ucrt64,mingw-w64-ucrt-x86_64-snoregrowl,build-depends-on,mingw-w64-ucrt-x86_64-cc,
ucrt64,mingw-w64-ucrt-x86_64-snowball,build-depends-on,mingw-w64-ucrt-x86_64-cc,
ucrt64,mingw-w64-ucrt-x86_64-soapyhackrf,build-depends-on,mingw-w64-ucrt-x86_64-cc,
ucrt64,mingw-w64-ucrt-x86_64-soapyrtlsdr,build-depends-on,mingw-w64-ucrt-x86_64-cc,
ucrt64,mingw-w64-ucrt-x86_64-soapysdr,build-depends-on,mingw-w64-ucrt-x86_64-cc,
ucrt64,mingw-w64-ucrt-x86_64-soci,build-depends-on,mingw-w64-ucrt-x86_64-cc,
ucrt64,mingw-w64-ucrt-x86_64-soil,build-depends-on,mingw-w64-ucrt-x86_64-cc,
ucrt64,mingw-w64-ucrt-x86_64-sol2,build-depends-on,mingw-w64-ucrt-x86_64-cc,
ucrt64,mingw-w64-ucrt-x86_64-solid,build-depends-on,mingw-w64-ucrt-x86_64-cc,
ucrt64,mingw-w64-ucrt-x86_64-solid3,build-depends-on,mingw-w64-ucrt-x86_64-cc,
ucrt64,mingw-w64-ucrt-x86_64-sonivox,build-depends-on,mingw-w64-ucrt-x86_64-cc,
ucrt64,mingw-w64-ucrt-x86_64-sonixflasher,build-depends-on,mingw-w64-ucrt-x86_64-cc,
ucrt64,mingw-w64-ucrt-x86_64-sonnet,build-depends-on,mingw-w64-ucrt-x86_64-cc,
ucrt64,mingw-w64-ucrt-x86_64-soqt,build-depends-on,mingw-w64-ucrt-x86_64-cc,
ucrt64,mingw-w64-ucrt-x86_64-sord,build-depends-on,mingw-w64-ucrt-x86_64-cc,
ucrt64,mingw-w64-ucrt-x86_64-soundtouch,build-depends-on,mingw-w64-ucrt-x86_64-cc,
ucrt64,mingw-w64-ucrt-x86_64-source-highlight,build-depends-on,mingw-w64-ucrt-x86_64-cc,
ucrt64,mingw-w64-ucrt-x86_64-sox,build-depends-on,mingw-w64-ucrt-x86_64-cc,
ucrt64,mingw-w64-ucrt-x86_64-sox-ng,build-depends-on,mingw-w64-ucrt-x86_64-cc,
ucrt64,mingw-w64-ucrt-x86_64-spandsp,build-depends-on,mingw-w64-ucrt-x86_64-cc,
ucrt64,mingw-w64-ucrt-x86_64-sparsehash,build-depends-on,mingw-w64-ucrt-x86_64-cc,
ucrt64,mingw-w64-ucrt-x86_64-spatialindex,build-depends-on,mingw-w64-ucrt-x86_64-cc,
ucrt64,mingw-w64-ucrt-x86_64-spatialite-gui,build-depends-on,mingw-w64-ucrt-x86_64-cc,
ucrt64,mingw-w64-ucrt-x86_64-spatialite-tools,build-depends-on,mingw-w64-ucrt-x86_64-cc,
ucrt64,mingw-w64-ucrt-x86_64-spdlog,build-depends-on,mingw-w64-ucrt-x86_64-cc,
ucrt64,mingw-w64-ucrt-x86_64-spdylay,build-depends-on,mingw-w64-ucrt-x86_64-cc,
ucrt64,mingw-w64-ucrt-x86_64-spectra,build-depends-on,mingw-w64-ucrt-x86_64-cc,
ucrt64,mingw-w64-ucrt-x86_64-speex,build-depends-on,mingw-w64-ucrt-x86_64-cc,
ucrt64,mingw-w64-ucrt-x86_64-speexdsp,build-depends-on,mingw-w64-ucrt-x86_64-cc,
ucrt64,mingw-w64-ucrt-x86_64-spglib,build-depends-on,mingw-w64-ucrt-x86_64-cc,
ucrt64,mingw-w64-ucrt-x86_64-spglib,build-depends-on,mingw-w64-ucrt-x86_64-fc,
ucrt64,mingw-w64-ucrt-x86_64-spice,build-depends-on,mingw-w64-ucrt-x86_64-cc,
ucrt64,mingw-w64-ucrt-x86_64-spice-gtk,build-depends-on,mingw-w64-ucrt-x86_64-cc,
ucrt64,mingw-w64-ucrt-x86_64-spice-protocol,build-depends-on,mingw-w64-ucrt-x86_64-cc,
ucrt64,mingw-w64-ucrt-x86_64-spirv-cross,build-depends-on,mingw-w64-ucrt-x86_64-cc,
ucrt64,mingw-w64-ucrt-x86_64-spirv-headers,build-depends-on,mingw-w64-ucrt-x86_64-cc,
ucrt64,mingw-w64-ucrt-x86_64-spirv-llvm-translator,build-depends-on,mingw-w64-ucrt-x86_64-cc,
ucrt64,mingw-w64-ucrt-x86_64-spirv-tools,build-depends-on,mingw-w64-ucrt-x86_64-cc,
ucrt64,mingw-w64-ucrt-x86_64-spooles,build-depends-on,mingw-w64-ucrt-x86_64-cc,
ucrt64,mingw-w64-ucrt-x86_64-sqlcipher,build-depends-on,mingw-w64-ucrt-x86_64-cc,
ucrt64,mingw-w64-ucrt-x86_64-sqlite-docs,build-depends-on,mingw-w64-ucrt-x86_64-cc,
ucrt64,mingw-w64-ucrt-x86_64-sqlite-orm,build-depends-on,mingw-w64-ucrt-x86_64-cc,
ucrt64,mingw-w64-ucrt-x86_64-sqlite3,build-depends-on,mingw-w64-ucrt-x86_64-cc,
ucrt64,mingw-w64-ucrt-x86_64-sqlite3mc,build-depends-on,mingw-w64-ucrt-x86_64-cc,
ucrt64,mingw-w64-ucrt-x86_64-sqlitebrowser,build-depends-on,mingw-w64-ucrt-x86_64-cc,
ucrt64,mingw-w64-ucrt-x86_64-sqlitestudio,build-depends-on,mingw-w64-ucrt-x86_64-cc,
ucrt64,mingw-w64-ucrt-x86_64-sqlitestudio-plugins,build-depends-on,mingw-w64-ucrt-x86_64-cc,
ucrt64,mingw-w64-ucrt-x86_64-squirrel,build-depends-on,mingw-w64-ucrt-x86_64-cc,
ucrt64,mingw-w64-ucrt-x86_64-sratom,build-depends-on,mingw-w64-ucrt-x86_64-cc,
ucrt64,mingw-w64-ucrt-x86_64-srecord,build-depends-on,mingw-w64-ucrt-x86_64-cc,
ucrt64,mingw-w64-ucrt-x86_64-srt,build-depends-on,mingw-w64-ucrt-x86_64-cc,
ucrt64,mingw-w64-ucrt-x86_64-starpu,build-depends-on,mingw-w64-ucrt-x86_64-cc,
ucrt64,mingw-w64-ucrt-x86_64-stellarium,build-depends-on,mingw-w64-ucrt-x86_64-cc,
ucrt64,mingw-w64-ucrt-x86_64-stk,build-depends-on,mingw-w64-ucrt-x86_64-cc,
ucrt64,mingw-w64-ucrt-x86_64-stlink,build-depends-on,mingw-w64-ucrt-x86_64-cc,
ucrt64,mingw-w64-ucrt-x86_64-stoken,build-depends-on,mingw-w64-ucrt-x86_64-cc,
ucrt64,mingw-w64-ucrt-x86_64-strumpack,build-depends-on,mingw-w64-ucrt-x86_64-cc,
ucrt64,mingw-w64-ucrt-x86_64-strumpack,build-depends-on,mingw-w64-ucrt-x86_64-fc,
ucrt64,mingw-w64-ucrt-x86_64-stxxl,build-depends-on,mingw-w64-ucrt-x86_64-cc,
ucrt64,mingw-w64-ucrt-x86_64-suitesparse,build-depends-on,mingw-w64-ucrt-x86_64-cc,
ucrt64,mingw-w64-ucrt-x86_64-sundials,build-depends-on,mingw-w64-ucrt-x86_64-cc,
ucrt64,mingw-w64-ucrt-x86_64-sundials,build-depends-on,mingw-w64-ucrt-x86_64-fc,
ucrt64,mingw-w64-ucrt-x86_64-supercollider,build-depends-on,mingw-w64-ucrt-x86_64-cc,
ucrt64,mingw-w64-ucrt-x86_64-superlu,build-depends-on,mingw-w64-ucrt-x86_64-cc,
ucrt64,mingw-w64-ucrt-x86_64-superlu,build-depends-on,mingw-w64-ucrt-x86_64-fc,
ucrt64,mingw-w64-ucrt-x86_64-superlu_dist,build-depends-on,mingw-w64-ucrt-x86_64-cc,
ucrt64,mingw-w64-ucrt-x86_64-superlu_mt,build-depends-on,mingw-w64-ucrt-x86_64-cc,
ucrt64,mingw-w64-ucrt-x86_64-supertux,build-depends-on,mingw-w64-ucrt-x86_64-cc,
ucrt64,mingw-w64-ucrt-x86_64-svt-av1,build-depends-on,mingw-w64-ucrt-x86_64-cc,
ucrt64,mingw-w64-ucrt-x86_64-svt-jpeg-xs,build-depends-on,mingw-w64-ucrt-x86_64-cc,
ucrt64,mingw-w64-ucrt-x86_64-swi-prolog-archive,build-depends-on,mingw-w64-ucrt-x86_64-cc,
ucrt64,mingw-w64-ucrt-x86_64-swi-prolog-bdb,build-depends-on,mingw-w64-ucrt-x86_64-cc,
ucrt64,mingw-w64-ucrt-x86_64-swi-prolog-core,build-depends-on,mingw-w64-ucrt-x86_64-cc,
ucrt64,mingw-w64-ucrt-x86_64-swi-prolog-doc,build-depends-on,mingw-w64-ucrt-x86_64-cc,
ucrt64,mingw-w64-ucrt-x86_64-swi-prolog-edit,build-depends-on,mingw-w64-ucrt-x86_64-cc,
ucrt64,mingw-w64-ucrt-x86_64-swi-prolog-examples,build-depends-on,mingw-w64-ucrt-x86_64-cc,
ucrt64,mingw-w64-ucrt-x86_64-swi-prolog-full,build-depends-on,mingw-w64-ucrt-x86_64-cc,
ucrt64,mingw-w64-ucrt-x86_64-swi-prolog-json,build-depends-on,mingw-w64-ucrt-x86_64-cc,
ucrt64,mingw-w64-ucrt-x86_64-swi-prolog-odbc,build-depends-on,mingw-w64-ucrt-x86_64-cc,
ucrt64,mingw-w64-ucrt-x86_64-swi-prolog-packages,build-depends-on,mingw-w64-ucrt-x86_64-cc,
ucrt64,mingw-w64-ucrt-x86_64-swi-prolog-pcre2,build-depends-on,mingw-w64-ucrt-x86_64-cc,
ucrt64,mingw-w64-ucrt-x86_64-swi-prolog-python,build-depends-on,mingw-w64-ucrt-x86_64-cc,
ucrt64,mingw-w64-ucrt-x86_64-swi-prolog-ssl,build-depends-on,mingw-w64-ucrt-x86_64-cc,
ucrt64,mingw-w64-ucrt-x86_64-swi-prolog-tests,build-depends-on,mingw-w64-ucrt-x86_64-cc,
ucrt64,mingw-w64-ucrt-x86_64-swi-prolog-x,build-depends-on,mingw-w64-ucrt-x86_64-cc,
ucrt64,mingw-w64-ucrt-x86_64-swi-prolog-yaml,build-depends-on,mingw-w64-ucrt-x86_64-cc,
ucrt64,mingw-w64-ucrt-x86_64-swig,build-depends-on,mingw-w64-ucrt-x86_64-cc,
ucrt64,mingw-w64-ucrt-x86_64-symmetrica,build-depends-on,mingw-w64-ucrt-x86_64-cc,
ucrt64,mingw-w64-ucrt-x86_64-syndication,build-depends-on,mingw-w64-ucrt-x86_64-cc,
ucrt64,mingw-w64-ucrt-x86_64-syntax-highlighting,build-depends-on,mingw-w64-ucrt-x86_64-cc,
ucrt64,mingw-w64-ucrt-x86_64-systemc,build-depends-on,mingw-w64-ucrt-x86_64-cc,
ucrt64,mingw-w64-ucrt-x86_64-t1utils,build-depends-on,mingw-w64-ucrt-x86_64-cc,
ucrt64,mingw-w64-ucrt-x86_64-taglib,build-depends-on,mingw-w64-ucrt-x86_64-cc,
ucrt64,mingw-w64-ucrt-x86_64-talkatu,build-depends-on,mingw-w64-ucrt-x86_64-cc,
ucrt64,mingw-w64-ucrt-x86_64-taucs,build-depends-on,mingw-w64-ucrt-x86_64-cc,
ucrt64,mingw-w64-ucrt-x86_64-taucs,build-depends-on,mingw-w64-ucrt-x86_64-fc,
ucrt64,mingw-w64-ucrt-x86_64-tbb,build-depends-on,mingw-w64-ucrt-x86_64-cc,
ucrt64,mingw-w64-ucrt-x86_64-tblite,build-depends-on,mingw-w64-ucrt-x86_64-cc,
ucrt64,mingw-w64-ucrt-x86_64-tblite,build-depends-on,mingw-w64-ucrt-x86_64-fc,
ucrt64,mingw-w64-ucrt-x86_64-tcl,build-depends-on,mingw-w64-ucrt-x86_64-cc,
ucrt64,mingw-w64-ucrt-x86_64-tcl-nsf,build-depends-on,mingw-w64-ucrt-x86_64-cc,
ucrt64,mingw-w64-ucrt-x86_64-tclvfs-cvs,build-depends-on,mingw-w64-ucrt-x86_64-cc,
ucrt64,mingw-w64-ucrt-x86_64-tclx,build-depends-on,mingw-w64-ucrt-x86_64-cc,
ucrt64,mingw-w64-ucrt-x86_64-tea,build-depends-on,mingw-w64-ucrt-x86_64-cc,
ucrt64,mingw-w64-ucrt-x86_64-teensy-loader-cli,build-depends-on,mingw-w64-ucrt-x86_64-cc,
ucrt64,mingw-w64-ucrt-x86_64-template-glib,build-depends-on,mingw-w64-ucrt-x86_64-cc,
ucrt64,mingw-w64-ucrt-x86_64-termcap,build-depends-on,mingw-w64-ucrt-x86_64-cc,
ucrt64,mingw-w64-ucrt-x86_64-tesseract-ocr,build-depends-on,mingw-w64-ucrt-x86_64-cc,
ucrt64,mingw-w64-ucrt-x86_64-testu01,build-depends-on,mingw-w64-ucrt-x86_64-cc,
ucrt64,mingw-w64-ucrt-x86_64-tetgen,build-depends-on,mingw-w64-ucrt-x86_64-cc,
ucrt64,mingw-w64-ucrt-x86_64-texinfo,build-depends-on,mingw-w64-ucrt-x86_64-cc,
ucrt64,mingw-w64-ucrt-x86_64-texlive-bin,build-depends-on,mingw-w64-ucrt-x86_64-cc,
ucrt64,mingw-w64-ucrt-x86_64-texlive-core,build-depends-on,mingw-w64-ucrt-x86_64-cc,
ucrt64,mingw-w64-ucrt-x86_64-texstudio,build-depends-on,mingw-w64-ucrt-x86_64-cc,
ucrt64,mingw-w64-ucrt-x86_64-tfel,build-depends-on,mingw-w64-ucrt-x86_64-cc,
ucrt64,mingw-w64-ucrt-x86_64-tfel,build-depends-on,mingw-w64-ucrt-x86_64-fc,
ucrt64,mingw-w64-ucrt-x86_64-tgui,build-depends-on,mingw-w64-ucrt-x86_64-cc,
ucrt64,mingw-w64-ucrt-x86_64-thorvg,build-depends-on,mingw-w64-ucrt-x86_64-cc,
ucrt64,mingw-w64-ucrt-x86_64-threadweaver,build-depends-on,mingw-w64-ucrt-x86_64-cc,
ucrt64,mingw-w64-ucrt-x86_64-thrift,build-depends-on,mingw-w64-ucrt-x86_64-cc,
ucrt64,mingw-w64-ucrt-x86_64-tidy,build-depends-on,mingw-w64-ucrt-x86_64-cc,
ucrt64,mingw-w64-ucrt-x86_64-tigervnc,build-depends-on,mingw-w64-ucrt-x86_64-cc,
ucrt64,mingw-w64-ucrt-x86_64-tiled,build-depends-on,mingw-w64-ucrt-x86_64-cc,
ucrt64,mingw-w64-ucrt-x86_64-tiledb,build-depends-on,mingw-w64-ucrt-x86_64-cc,
ucrt64,mingw-w64-ucrt-x86_64-tiny-dnn,build-depends-on,mingw-w64-ucrt-x86_64-cc,
ucrt64,mingw-w64-ucrt-x86_64-tinyexpr,build-depends-on,mingw-w64-ucrt-x86_64-cc,
ucrt64,mingw-w64-ucrt-x86_64-tinyxml,build-depends-on,mingw-w64-ucrt-x86_64-cc,
ucrt64,mingw-w64-ucrt-x86_64-tinyxml2,build-depends-on,mingw-w64-ucrt-x86_64-cc,
ucrt64,mingw-w64-ucrt-x86_64-tixi,build-depends-on,mingw-w64-ucrt-x86_64-cc,
ucrt64,mingw-w64-ucrt-x86_64-tixi,build-depends-on,mingw-w64-ucrt-x86_64-fc,
ucrt64,mingw-w64-ucrt-x86_64-tk,build-depends-on,mingw-w64-ucrt-x86_64-cc,
ucrt64,mingw-w64-ucrt-x86_64-tkimg,build-depends-on,mingw-w64-ucrt-x86_64-cc,
ucrt64,mingw-w64-ucrt-x86_64-tktable,build-depends-on,mingw-w64-ucrt-x86_64-cc,
ucrt64,mingw-w64-ucrt-x86_64-tl-expected,build-depends-on,mingw-w64-ucrt-x86_64-cc,
ucrt64,mingw-w64-ucrt-x86_64-tlfloat,build-depends-on,mingw-w64-ucrt-x86_64-cc,
ucrt64,mingw-w64-ucrt-x86_64-tlfloat,build-depends-on,mingw-w64-ucrt-x86_64-omp,
ucrt64,mingw-w64-ucrt-x86_64-tmxlite,build-depends-on,mingw-w64-ucrt-x86_64-cc,
ucrt64,mingw-w64-ucrt-x86_64-tmxlite-docs,build-depends-on,mingw-w64-ucrt-x86_64-cc,
ucrt64,mingw-w64-ucrt-x86_64-tolua,build-depends-on,mingw-w64-ucrt-x86_64-cc,
ucrt64,mingw-w64-ucrt-x86_64-toml-f,build-depends-on,mingw-w64-ucrt-x86_64-fc,
ucrt64,mingw-w64-ucrt-x86_64-toml11,build-depends-on,mingw-w64-ucrt-x86_64-cc,
ucrt64,mingw-w64-ucrt-x86_64-tomlc17,build-depends-on,mingw-w64-ucrt-x86_64-cc,
ucrt64,mingw-w64-ucrt-x86_64-tomlplusplus,build-depends-on,mingw-w64-ucrt-x86_64-cc,
ucrt64,mingw-w64-ucrt-x86_64-tools,build-depends-on,mingw-w64-ucrt-x86_64-cc,
ucrt64,mingw-w64-ucrt-x86_64-tor,build-depends-on,mingw-w64-ucrt-x86_64-cc,
ucrt64,mingw-w64-ucrt-x86_64-totem-pl-parser,build-depends-on,mingw-w64-ucrt-x86_64-cc,
ucrt64,mingw-w64-ucrt-x86_64-transmission-cli,build-depends-on,mingw-w64-ucrt-x86_64-cc,
ucrt64,mingw-w64-ucrt-x86_64-transmission-gtk,build-depends-on,mingw-w64-ucrt-x86_64-cc,
ucrt64,mingw-w64-ucrt-x86_64-transmission-qt,build-depends-on,mingw-w64-ucrt-x86_64-cc,
ucrt64,mingw-w64-ucrt-x86_64-tree-sitter,build-depends-on,mingw-w64-ucrt-x86_64-cc,
ucrt64,mingw-w64-ucrt-x86_64-tree-sitter-c,build-depends-on,mingw-w64-ucrt-x86_64-cc,
ucrt64,mingw-w64-ucrt-x86_64-tree-sitter-lua,build-depends-on,mingw-w64-ucrt-x86_64-cc,
ucrt64,mingw-w64-ucrt-x86_64-tree-sitter-markdown,build-depends-on,mingw-w64-ucrt-x86_64-cc,
ucrt64,mingw-w64-ucrt-x86_64-tree-sitter-query,build-depends-on,mingw-w64-ucrt-x86_64-cc,
ucrt64,mingw-w64-ucrt-x86_64-tree-sitter-vim,build-depends-on,mingw-w64-ucrt-x86_64-cc,
ucrt64,mingw-w64-ucrt-x86_64-tree-sitter-vimdoc,build-depends-on,mingw-w64-ucrt-x86_64-cc,
ucrt64,mingw-w64-ucrt-x86_64-treedec,build-depends-on,mingw-w64-ucrt-x86_64-cc,
ucrt64,mingw-w64-ucrt-x86_64-trilinos,build-depends-on,mingw-w64-ucrt-x86_64-cc,
ucrt64,mingw-w64-ucrt-x86_64-trilinos,build-depends-on,mingw-w64-ucrt-x86_64-fc,
ucrt64,mingw-w64-ucrt-x86_64-triton,build-depends-on,mingw-w64-ucrt-x86_64-cc,
ucrt64,mingw-w64-ucrt-x86_64-trompeloeil,build-depends-on,mingw-w64-ucrt-x86_64-cc,
ucrt64,mingw-w64-ucrt-x86_64-tslib,build-depends-on,mingw-w64-ucrt-x86_64-cc,
ucrt64,mingw-w64-ucrt-x86_64-ttfautohint,build-depends-on,mingw-w64-ucrt-x86_64-cc,
ucrt64,mingw-w64-ucrt-x86_64-ttyd,build-depends-on,mingw-w64-ucrt-x86_64-cc,
ucrt64,mingw-w64-ucrt-x86_64-tulip,build-depends-on,mingw-w64-ucrt-x86_64-cc,
ucrt64,mingw-w64-ucrt-x86_64-turbo,build-depends-on,mingw-w64-ucrt-x86_64-cc,
ucrt64,mingw-w64-ucrt-x86_64-tuxpaint,build-depends-on,mingw-w64-ucrt-x86_64-cc,
ucrt64,mingw-w64-ucrt-x86_64-tuxpaint-docs,build-depends-on,mingw-w64-ucrt-x86_64-cc,
ucrt64,mingw-w64-ucrt-x86_64-twapi,build-depends-on,mingw-w64-ucrt-x86_64-cc,
ucrt64,mingw-w64-ucrt-x86_64-twolame,build-depends-on,mingw-w64-ucrt-x86_64-cc,
ucrt64,mingw-w64-ucrt-x86_64-uchardet,build-depends-on,mingw-w64-ucrt-x86_64-cc,
ucrt64,mingw-w64-ucrt-x86_64-ucl,build-depends-on,mingw-w64-ucrt-x86_64-cc,
ucrt64,mingw-w64-ucrt-x86_64-udis86,build-depends-on,mingw-w64-ucrt-x86_64-cc,
ucrt64,mingw-w64-ucrt-x86_64-udunits,build-depends-on,mingw-w64-ucrt-x86_64-cc,
ucrt64,mingw-w64-ucrt-x86_64-uhttpmock,build-depends-on,mingw-w64-ucrt-x86_64-cc,
ucrt64,mingw-w64-ucrt-x86_64-umbrello,build-depends-on,mingw-w64-ucrt-x86_64-cc,
ucrt64,mingw-w64-ucrt-x86_64-unbound,build-depends-on,mingw-w64-ucrt-x86_64-cc,
ucrt64,mingw-w64-ucrt-x86_64-uncrustify,build-depends-on,mingw-w64-ucrt-x86_64-cc,
ucrt64,mingw-w64-ucrt-x86_64-unibilium,build-depends-on,mingw-w64-ucrt-x86_64-cc,
ucrt64,mingw-w64-ucrt-x86_64-unicorn,build-depends-on,mingw-w64-ucrt-x86_64-cc,
ucrt64,mingw-w64-ucrt-x86_64-unifdef,build-depends-on,mingw-w64-ucrt-x86_64-cc,
ucrt64,mingw-w64-ucrt-x86_64-unittest-cpp,build-depends-on,mingw-w64-ucrt-x86_64-cc,
ucrt64,mingw-w64-ucrt-x86_64-unixodbc,build-depends-on,mingw-w64-ucrt-x86_64-cc,
ucrt64,mingw-w64-ucrt-x86_64-unordered_dense,build-depends-on,mingw-w64-ucrt-x86_64-cc,
ucrt64,mingw-w64-ucrt-x86_64-unpaper,build-depends-on,mingw-w64-ucrt-x86_64-cc,
ucrt64,mingw-w64-ucrt-x86_64-unrar,build-depends-on,mingw-w64-ucrt-x86_64-cc,
ucrt64,mingw-w64-ucrt-x86_64-upx,build-depends-on,mingw-w64-ucrt-x86_64-cc,
ucrt64,mingw-w64-ucrt-x86_64-uriparser,build-depends-on,mingw-w64-ucrt-x86_64-cc,
ucrt64,mingw-w64-ucrt-x86_64-usbredir,build-depends-on,mingw-w64-ucrt-x86_64-cc,
ucrt64,mingw-w64-ucrt-x86_64-usbview,build-depends-on,mingw-w64-ucrt-x86_64-cc,
ucrt64,mingw-w64-ucrt-x86_64-usql,build-depends-on,mingw-w64-ucrt-x86_64-cc,
ucrt64,mingw-w64-ucrt-x86_64-usrsctp,build-depends-on,mingw-w64-ucrt-x86_64-cc,
ucrt64,mingw-w64-ucrt-x86_64-utf8cpp,build-depends-on,mingw-w64-ucrt-x86_64-cc,
ucrt64,mingw-w64-ucrt-x86_64-uvatlas,build-depends-on,mingw-w64-ucrt-x86_64-cc,
ucrt64,mingw-w64-ucrt-x86_64-v8,build-depends-on,mingw-w64-ucrt-x86_64-cc,
ucrt64,mingw-w64-ucrt-x86_64-vala-language-server,build-depends-on,mingw-w64-ucrt-x86_64-cc,
ucrt64,mingw-w64-ucrt-x86_64-vamp-plugin-sdk,build-depends-on,mingw-w64-ucrt-x86_64-cc,
ucrt64,mingw-w64-ucrt-x86_64-vapoursynth,build-depends-on,mingw-w64-ucrt-x86_64-cc,
ucrt64,mingw-w64-ucrt-x86_64-vcdimager,build-depends-on,mingw-w64-ucrt-x86_64-cc,
ucrt64,mingw-w64-ucrt-x86_64-vector_blf,build-depends-on,mingw-w64-ucrt-x86_64-cc,
ucrt64,mingw-w64-ucrt-x86_64-vera++,build-depends-on,mingw-w64-ucrt-x86_64-cc,
ucrt64,mingw-w64-ucrt-x86_64-verdict,build-depends-on,mingw-w64-ucrt-x86_64-cc,
ucrt64,mingw-w64-ucrt-x86_64-verilator,build-depends-on,mingw-w64-ucrt-x86_64-cc,
ucrt64,mingw-w64-ucrt-x86_64-vhs,build-depends-on,mingw-w64-ucrt-x86_64-cc,
ucrt64,mingw-w64-ucrt-x86_64-vid.stab,build-depends-on,mingw-w64-ucrt-x86_64-cc,
ucrt64,mingw-w64-ucrt-x86_64-vigra,build-depends-on,mingw-w64-ucrt-x86_64-cc,
ucrt64,mingw-w64-ucrt-x86_64-virglrenderer,build-depends-on,mingw-w64-ucrt-x86_64-cc,
ucrt64,mingw-w64-ucrt-x86_64-virt-viewer,build-depends-on,mingw-w64-ucrt-x86_64-cc,
ucrt64,mingw-w64-ucrt-x86_64-virtualpg,build-depends-on,mingw-w64-ucrt-x86_64-cc,
ucrt64,mingw-w64-ucrt-x86_64-viskores,build-depends-on,mingw-w64-ucrt-x86_64-cc,
ucrt64,mingw-w64-ucrt-x86_64-visualizationlibrary,build-depends-on,mingw-w64-ucrt-x86_64-cc,
ucrt64,mingw-w64-ucrt-x86_64-vk-bootstrap,build-depends-on,mingw-w64-ucrt-x86_64-cc,
ucrt64,mingw-w64-ucrt-x86_64-vlc,build-depends-on,mingw-w64-ucrt-x86_64-cc,
ucrt64,mingw-w64-ucrt-x86_64-vlfeat,build-depends-on,mingw-w64-ucrt-x86_64-cc,
ucrt64,mingw-w64-ucrt-x86_64-vmaf,build-depends-on,mingw-w64-ucrt-x86_64-cc,
ucrt64,mingw-w64-ucrt-x86_64-vo-amrwbenc,build-depends-on,mingw-w64-ucrt-x86_64-cc,
ucrt64,mingw-w64-ucrt-x86_64-volk,build-depends-on,mingw-w64-ucrt-x86_64-cc,
ucrt64,mingw-w64-ucrt-x86_64-vrpn,build-depends-on,mingw-w64-ucrt-x86_64-cc,
ucrt64,mingw-w64-ucrt-x86_64-vsgimgui,build-depends-on,mingw-w64-ucrt-x86_64-cc,
ucrt64,mingw-w64-ucrt-x86_64-vsgimgui-docs,build-depends-on,mingw-w64-ucrt-x86_64-cc,
ucrt64,mingw-w64-ucrt-x86_64-vsgpoints,build-depends-on,mingw-w64-ucrt-x86_64-cc,
ucrt64,mingw-w64-ucrt-x86_64-vsgpoints-docs,build-depends-on,mingw-w64-ucrt-x86_64-cc,
ucrt64,mingw-w64-ucrt-x86_64-vsgqt,build-depends-on,mingw-w64-ucrt-x86_64-cc,
ucrt64,mingw-w64-ucrt-x86_64-vsgqt-docs,build-depends-on,mingw-w64-ucrt-x86_64-cc,
ucrt64,mingw-w64-ucrt-x86_64-vsgxchange,build-depends-on,mingw-w64-ucrt-x86_64-cc,
ucrt64,mingw-w64-ucrt-x86_64-vsgxchange-docs,build-depends-on,mingw-w64-ucrt-x86_64-cc,
ucrt64,mingw-w64-ucrt-x86_64-vtk,build-depends-on,mingw-w64-ucrt-x86_64-cc,
ucrt64,mingw-w64-ucrt-x86_64-vulkan-headers,build-depends-on,mingw-w64-ucrt-x86_64-cc,
ucrt64,mingw-w64-ucrt-x86_64-vulkan-loader,build-depends-on,mingw-w64-ucrt-x86_64-cc,
ucrt64,mingw-w64-ucrt-x86_64-vulkan-utility-libraries,build-depends-on,mingw-w64-ucrt-x86_64-cc,
ucrt64,mingw-w64-ucrt-x86_64-vulkan-validation-layers,build-depends-on,mingw-w64-ucrt-x86_64-cc,
ucrt64,mingw-w64-ucrt-x86_64-vulkan-volk,build-depends-on,mingw-w64-ucrt-x86_64-cc,
ucrt64,mingw-w64-ucrt-x86_64-vulkanscenegraph,build-depends-on,mingw-w64-ucrt-x86_64-cc,
ucrt64,mingw-w64-ucrt-x86_64-vulkanscenegraph-docs,build-depends-on,mingw-w64-ucrt-x86_64-cc,
ucrt64,mingw-w64-ucrt-x86_64-wabt,build-depends-on,mingw-w64-ucrt-x86_64-cc,
ucrt64,mingw-w64-ucrt-x86_64-waf,build-depends-on,mingw-w64-ucrt-x86_64-cc,
ucrt64,mingw-w64-ucrt-x86_64-wakatime,build-depends-on,mingw-w64-ucrt-x86_64-cc,
ucrt64,mingw-w64-ucrt-x86_64-wannier90,build-depends-on,mingw-w64-ucrt-x86_64-cc,
ucrt64,mingw-w64-ucrt-x86_64-wannier90,build-depends-on,mingw-w64-ucrt-x86_64-fc,
ucrt64,mingw-w64-ucrt-x86_64-wasm-server-runner,build-depends-on,mingw-w64-ucrt-x86_64-cc,
ucrt64,mingw-w64-ucrt-x86_64-wavpack,build-depends-on,mingw-w64-ucrt-x86_64-cc,
ucrt64,mingw-w64-ucrt-x86_64-wb32-dfu-updater,build-depends-on,mingw-w64-ucrt-x86_64-cc,
ucrt64,mingw-w64-ucrt-x86_64-webp-pixbuf-loader,build-depends-on,mingw-w64-ucrt-x86_64-cc,
ucrt64,mingw-w64-ucrt-x86_64-webrtc-audio-processing,build-depends-on,mingw-w64-ucrt-x86_64-cc,
ucrt64,mingw-w64-ucrt-x86_64-webrtc-audio-processing-1,build-depends-on,mingw-w64-ucrt-x86_64-cc,
ucrt64,mingw-w64-ucrt-x86_64-webview,build-depends-on,mingw-w64-ucrt-x86_64-cc,
ucrt64,mingw-w64-ucrt-x86_64-webview-docs,build-depends-on,mingw-w64-ucrt-x86_64-cc,
ucrt64,mingw-w64-ucrt-x86_64-wget,build-depends-on,mingw-w64-ucrt-x86_64-cc,
ucrt64,mingw-w64-ucrt-x86_64-wget2,build-depends-on,mingw-w64-ucrt-x86_64-cc,
ucrt64,mingw-w64-ucrt-x86_64-whisper.cpp,build-depends-on,mingw-w64-ucrt-x86_64-cc,
ucrt64,mingw-w64-ucrt-x86_64-widelands,build-depends-on,mingw-w64-ucrt-x86_64-cc,
ucrt64,mingw-w64-ucrt-x86_64-wiiuse,build-depends-on,mingw-w64-ucrt-x86_64-cc,
ucrt64,mingw-w64-ucrt-x86_64-win7appid,build-depends-on,mingw-w64-ucrt-x86_64-cc,
ucrt64,mingw-w64-ucrt-x86_64-windows-default-manifest,build-depends-on,mingw-w64-ucrt-x86_64-cc,
ucrt64,mingw-w64-ucrt-x86_64-wined3d,build-depends-on,mingw-w64-ucrt-x86_64-cc,
ucrt64,mingw-w64-ucrt-x86_64-wineditline,build-depends-on,mingw-w64-ucrt-x86_64-cc,
ucrt64,mingw-w64-ucrt-x86_64-winfile,build-depends-on,mingw-w64-ucrt-x86_64-cc,
ucrt64,mingw-w64-ucrt-x86_64-winico,build-depends-on,mingw-w64-ucrt-x86_64-cc,
ucrt64,mingw-w64-ucrt-x86_64-winpthreads,build-depends-on,mingw-w64-ucrt-x86_64-cc,
ucrt64,mingw-w64-ucrt-x86_64-winpty,build-depends-on,mingw-w64-ucrt-x86_64-cc,
ucrt64,mingw-w64-ucrt-x86_64-winsparkle,build-depends-on,mingw-w64-ucrt-x86_64-cc,
ucrt64,mingw-w64-ucrt-x86_64-winstorecompat,build-depends-on,mingw-w64-ucrt-x86_64-cc,
ucrt64,mingw-w64-ucrt-x86_64-wireshark,build-depends-on,mingw-w64-ucrt-x86_64-cc,
ucrt64,mingw-w64-ucrt-x86_64-wkhtmltopdf,build-depends-on,mingw-w64-ucrt-x86_64-cc,
ucrt64,mingw-w64-ucrt-x86_64-woff2,build-depends-on,mingw-w64-ucrt-x86_64-cc,
ucrt64,mingw-w64-ucrt-x86_64-wolfssl,build-depends-on,mingw-w64-ucrt-x86_64-cc,
ucrt64,mingw-w64-ucrt-x86_64-wslay,build-depends-on,mingw-w64-ucrt-x86_64-cc,
ucrt64,mingw-w64-ucrt-x86_64-wt,build-depends-on,mingw-w64-ucrt-x86_64-cc,
ucrt64,mingw-w64-ucrt-x86_64-wv,build-depends-on,mingw-w64-ucrt-x86_64-cc,
ucrt64,mingw-w64-ucrt-x86_64-wxPython,build-depends-on,mingw-w64-ucrt-x86_64-cc,
ucrt64,mingw-w64-ucrt-x86_64-wxPython,build-depends-on,mingw-w64-ucrt-x86_64-doxygen,
ucrt64,mingw-w64-ucrt-x86_64-wxPython,build-depends-on,mingw-w64-ucrt-x86_64-python-build,
ucrt64,mingw-w64-ucrt-x86_64-wxPython,build-depends-on,mingw-w64-ucrt-x86_64-python-requests,
ucrt64,mingw-w64-ucrt-x86_64-wxPython,build-depends-on,mingw-w64-ucrt-x86_64-sip,
ucrt64,mingw-w64-ucrt-x86_64-wxPython,build-depends-on,mingw-w64-ucrt-x86_64-waf,
ucrt64,mingw-w64-ucrt-x86_64-wxPython,build-depends-on,python,
ucrt64,mingw-w64-ucrt-x86_64-wxPython,build-depends-on,python-setuptools,
ucrt64,mingw-w64-ucrt-x86_64-wxmacmolplt,build-depends-on,mingw-w64-ucrt-x86_64-cc,
ucrt64,mingw-w64-ucrt-x86_64-wxsvg-wx3.2,build-depends-on,mingw-w64-ucrt-x86_64-cc,
ucrt64,mingw-w64-ucrt-x86_64-wxwidgets3.2-common,build-depends-on,mingw-w64-ucrt-x86_64-cc,
ucrt64,mingw-w64-ucrt-x86_64-wxwidgets3.2-common-libs,build-depends-on,mingw-w64-ucrt-x86_64-cc,
ucrt64,mingw-w64-ucrt-x86_64-wxwidgets3.2-gtk3,build-depends-on,mingw-w64-ucrt-x86_64-cc,
ucrt64,mingw-w64-ucrt-x86_64-wxwidgets3.2-gtk3-libs,build-depends-on,mingw-w64-ucrt-x86_64-cc,
ucrt64,mingw-w64-ucrt-x86_64-wxwidgets3.2-msw,build-depends-on,mingw-w64-ucrt-x86_64-cc,
ucrt64,mingw-w64-ucrt-x86_64-wxwidgets3.2-msw-cb_headers,build-depends-on,mingw-w64-ucrt-x86_64-cc,
ucrt64,mingw-w64-ucrt-x86_64-wxwidgets3.2-msw-libs,build-depends-on,mingw-w64-ucrt-x86_64-cc,
ucrt64,mingw-w64-ucrt-x86_64-wxwidgets3.2-qt,build-depends-on,mingw-w64-ucrt-x86_64-cc,
ucrt64,mingw-w64-ucrt-x86_64-wxwidgets3.2-qt-libs,build-depends-on,mingw-w64-ucrt-x86_64-cc,
ucrt64,mingw-w64-ucrt-x86_64-wxwidgets3.3-common,build-depends-on,mingw-w64-ucrt-x86_64-cc,
ucrt64,mingw-w64-ucrt-x86_64-wxwidgets3.3-common-libs,build-depends-on,mingw-w64-ucrt-x86_64-cc,
ucrt64,mingw-w64-ucrt-x86_64-wxwidgets3.3-gtk3,build-depends-on,mingw-w64-ucrt-x86_64-cc,
ucrt64,mingw-w64-ucrt-x86_64-wxwidgets3.3-gtk3-libs,build-depends-on,mingw-w64-ucrt-x86_64-cc,
ucrt64,mingw-w64-ucrt-x86_64-wxwidgets3.3-msw,build-depends-on,mingw-w64-ucrt-x86_64-cc,
ucrt64,mingw-w64-ucrt-x86_64-wxwidgets3.3-msw-cb_headers,build-depends-on,mingw-w64-ucrt-x86_64-cc,
ucrt64,mingw-w64-ucrt-x86_64-wxwidgets3.3-msw-libs,build-depends-on,mingw-w64-ucrt-x86_64-cc,
ucrt64,mingw-w64-ucrt-x86_64-wxwidgets3.3-qt,build-depends-on,mingw-w64-ucrt-x86_64-cc,
ucrt64,mingw-w64-ucrt-x86_64-wxwidgets3.3-qt-libs,build-depends-on,mingw-w64-ucrt-x86_64-cc,
ucrt64,mingw-w64-ucrt-x86_64-x264,build-depends-on,mingw-w64-ucrt-x86_64-cc,
ucrt64,mingw-w64-ucrt-x86_64-x265,build-depends-on,mingw-w64-ucrt-x86_64-cc,
ucrt64,mingw-w64-ucrt-x86_64-xa65,build-depends-on,mingw-w64-ucrt-x86_64-cc,
ucrt64,mingw-w64-ucrt-x86_64-xalan-c,build-depends-on,mingw-w64-ucrt-x86_64-cc,
ucrt64,mingw-w64-ucrt-x86_64-xapian-core,build-depends-on,mingw-w64-ucrt-x86_64-cc,
ucrt64,mingw-w64-ucrt-x86_64-xapian-core-docs,build-depends-on,mingw-w64-ucrt-x86_64-cc,
ucrt64,mingw-w64-ucrt-x86_64-xavs,build-depends-on,mingw-w64-ucrt-x86_64-cc,
ucrt64,mingw-w64-ucrt-x86_64-xerces-c,build-depends-on,mingw-w64-ucrt-x86_64-cc,
ucrt64,mingw-w64-ucrt-x86_64-xevd,build-depends-on,mingw-w64-ucrt-x86_64-cc,
ucrt64,mingw-w64-ucrt-x86_64-xeve,build-depends-on,mingw-w64-ucrt-x86_64-cc,
ucrt64,mingw-w64-ucrt-x86_64-xlnt,build-depends-on,mingw-w64-ucrt-x86_64-cc,
ucrt64,mingw-w64-ucrt-x86_64-xlsxio,build-depends-on,mingw-w64-ucrt-x86_64-cc,
ucrt64,mingw-w64-ucrt-x86_64-xmake,build-depends-on,mingw-w64-ucrt-x86_64-cc,
ucrt64,mingw-w64-ucrt-x86_64-xmlada,build-depends-on,mingw-w64-ucrt-x86_64-gprbuild-bootstrap-git,
ucrt64,mingw-w64-ucrt-x86_64-xmlf90,build-depends-on,mingw-w64-ucrt-x86_64-fc,
ucrt64,mingw-w64-ucrt-x86_64-xmlsec,build-depends-on,mingw-w64-ucrt-x86_64-cc,
ucrt64,mingw-w64-ucrt-x86_64-xmlstarlet,build-depends-on,mingw-w64-ucrt-x86_64-cc,
ucrt64,mingw-w64-ucrt-x86_64-xmlto,build-depends-on,mingw-w64-ucrt-x86_64-cc,
ucrt64,mingw-w64-ucrt-x86_64-xournalpp,build-depends-on,mingw-w64-ucrt-x86_64-cc,
ucrt64,mingw-w64-ucrt-x86_64-xpdf,build-depends-on,mingw-w64-ucrt-x86_64-cc,
ucrt64,mingw-w64-ucrt-x86_64-xpm-nox,build-depends-on,mingw-w64-ucrt-x86_64-cc,
ucrt64,mingw-w64-ucrt-x86_64-xsimd,build-depends-on,mingw-w64-ucrt-x86_64-cc,
ucrt64,mingw-w64-ucrt-x86_64-xvidcore,build-depends-on,mingw-w64-ucrt-x86_64-cc,
ucrt64,mingw-w64-ucrt-x86_64-xxhash,build-depends-on,mingw-w64-ucrt-x86_64-cc,
ucrt64,mingw-w64-ucrt-x86_64-xz,build-depends-on,mingw-w64-ucrt-x86_64-cc,
ucrt64,mingw-w64-ucrt-x86_64-yajl,build-depends-on,mingw-w64-ucrt-x86_64-cc,
ucrt64,mingw-w64-ucrt-x86_64-yaml-cpp,build-depends-on,mingw-w64-ucrt-x86_64-cc,
ucrt64,mingw-w64-ucrt-x86_64-yasm,build-depends-on,mingw-w64-ucrt-x86_64-cc,
ucrt64,mingw-w64-ucrt-x86_64-yelp-xsl,build-depends-on,mingw-w64-ucrt-x86_64-cc,
ucrt64,mingw-w64-ucrt-x86_64-yices,build-depends-on,mingw-w64-ucrt-x86_64-cc,
ucrt64,mingw-w64-ucrt-x86_64-yosys,build-depends-on,mingw-w64-ucrt-x86_64-cc,
ucrt64,mingw-w64-ucrt-x86_64-yubico-c,build-depends-on,mingw-w64-ucrt-x86_64-cc,
ucrt64,mingw-w64-ucrt-x86_64-yubikey-personalization,build-depends-on,mingw-w64-ucrt-x86_64-cc,
ucrt64,mingw-w64-ucrt-x86_64-yuview,build-depends-on,mingw-w64-ucrt-x86_64-cc,
ucrt64,mingw-w64-ucrt-x86_64-z3,build-depends-on,mingw-w64-ucrt-x86_64-cc,
ucrt64,mingw-w64-ucrt-x86_64-zbar,build-depends-on,mingw-w64-ucrt-x86_64-cc,
ucrt64,mingw-w64-ucrt-x86_64-zeal,build-depends-on,mingw-w64-ucrt-x86_64-cc,
ucrt64,mingw-w64-ucrt-x86_64-zeromq,build-depends-on,mingw-w64-ucrt-x86_64-cc,
ucrt64,mingw-w64-ucrt-x86_64-zimg,build-depends-on,mingw-w64-ucrt-x86_64-cc,
ucrt64,mingw-w64-ucrt-x86_64-zint,build-depends-on,mingw-w64-ucrt-x86_64-cc,
ucrt64,mingw-w64-ucrt-x86_64-zint-qt,build-depends-on,mingw-w64-ucrt-x86_64-cc,
ucrt64,mingw-w64-ucrt-x86_64-zix,build-depends-on,mingw-w64-ucrt-x86_64-cc,
ucrt64,mingw-w64-ucrt-x86_64-zlib,build-depends-on,mingw-w64-ucrt-x86_64-cc,
ucrt64,mingw-w64-ucrt-x86_64-zlib-ng,build-depends-on,mingw-w64-ucrt-x86_64-cc,
ucrt64,mingw-w64-ucrt-x86_64-zlib-ng-compat,build-depends-on,mingw-w64-ucrt-x86_64-cc,
ucrt64,mingw-w64-ucrt-x86_64-zoitechat,build-depends-on,mingw-w64-ucrt-x86_64-cc,
ucrt64,mingw-w64-ucrt-x86_64-zopfli,build-depends-on,mingw-w64-ucrt-x86_64-cc,
ucrt64,mingw-w64-ucrt-x86_64-zstd,build-depends-on,mingw-w64-ucrt-x86_64-cc,
ucrt64,mingw-w64-ucrt-x86_64-zug,build-depends-on,mingw-w64-ucrt-x86_64-cc,
ucrt64,mingw-w64-ucrt-x86_64-zvbi,build-depends-on,mingw-w64-ucrt-x86_64-cc,
ucrt64,mingw-w64-ucrt-x86_64-zxcvbn-c,build-depends-on,mingw-w64-ucrt-x86_64-cc,
ucrt64,mingw-w64-ucrt-x86_64-zxing-cpp,build-depends-on,mingw-w64-ucrt-x86_64-cc,
ucrt64,mingw-w64-ucrt-x86_64-zycore-c,build-depends-on,mingw-w64-ucrt-x86_64-cc,
ucrt64,mingw-w64-ucrt-x86_64-zycore-c-docs,build-depends-on,mingw-w64-ucrt-x86_64-cc,
ucrt64,mingw-w64-ucrt-x86_64-zydis,build-depends-on,mingw-w64-ucrt-x86_64-cc,
ucrt64,mingw-w64-ucrt-x86_64-zydis-docs,build-depends-on,mingw-w64-ucrt-x86_64-cc,
ucrt64,mingw-w64-ucrt-x86_64-zziplib,build-depends-on,mingw-w64-ucrt-x86_64-cc,
mingw64,mingw-w64-x86_64-3proxy,build-depends-on,mingw-w64-x86_64-cc,
mingw64,mingw-w64-x86_64-4th,build-depends-on,mingw-w64-x86_64-cc,
mingw64,mingw-w64-x86_64-4ti2,build-depends-on,mingw-w64-x86_64-cc,
mingw64,mingw-w64-x86_64-64tass,build-depends-on,mingw-w64-x86_64-cc,
mingw64,mingw-w64-x86_64-7zip,build-depends-on,mingw-w64-x86_64-cc,
mingw64,mingw-w64-x86_64-86box,build-depends-on,mingw-w64-x86_64-cc,
mingw64,mingw-w64-x86_64-FAudio,build-depends-on,mingw-w64-x86_64-cc,
mingw64,mingw-w64-x86_64-FAudio,build-depends-on,mingw-w64-x86_64-cmake,
mingw64,mingw-w64-x86_64-FAudio,build-depends-on,mingw-w64-x86_64-ninja,
mingw64,mingw-w64-x86_64-MinHook,build-depends-on,mingw-w64-x86_64-cc,
mingw64,mingw-w64-x86_64-OpenSceneGraph,build-depends-on,mingw-w64-x86_64-cc,
mingw64,mingw-w64-x86_64-OpenSceneGraph,build-depends-on,mingw-w64-x86_64-cmake,
mingw64,mingw-w64-x86_64-OpenSceneGraph,build-depends-on,mingw-w64-x86_64-cyrus-sasl,
mingw64,mingw-w64-x86_64-OpenSceneGraph,build-depends-on,mingw-w64-x86_64-ninja,
mingw64,mingw-w64-x86_64-OpenSceneGraph,build-depends-on,mingw-w64-x86_64-wxwidgets3.2-msw,
mingw64,mingw-w64-x86_64-SDL,build-depends-on,git,
mingw64,mingw-w64-x86_64-SDL,build-depends-on,mingw-w64-x86_64-autotools,
mingw64,mingw-w64-x86_64-SDL,build-depends-on,mingw-w64-x86_64-cc,
mingw64,mingw-w64-x86_64-SDL2,build-depends-on,mingw-w64-x86_64-cc,
mingw64,mingw-w64-x86_64-SDL2,build-depends-on,mingw-w64-x86_64-cmake,
mingw64,mingw-w64-x86_64-SDL2,build-depends-on,mingw-w64-x86_64-ninja,
mingw64,mingw-w64-x86_64-SDL2,build-depends-on,mingw-w64-x86_64-pkgconf,
mingw64,mingw-w64-x86_64-SDL2_gfx,build-depends-on,mingw-w64-x86_64-autotools,
mingw64,mingw-w64-x86_64-SDL2_gfx,build-depends-on,mingw-w64-x86_64-cc,
mingw64,mingw-w64-x86_64-SDL2_image,build-depends-on,mingw-w64-x86_64-autotools,
mingw64,mingw-w64-x86_64-SDL2_image,build-depends-on,mingw-w64-x86_64-cc,
mingw64,mingw-w64-x86_64-SDL2_mixer,build-depends-on,mingw-w64-x86_64-autotools,
mingw64,mingw-w64-x86_64-SDL2_mixer,build-depends-on,mingw-w64-x86_64-cc,
mingw64,mingw-w64-x86_64-SDL2_net,build-depends-on,mingw-w64-x86_64-autotools,
mingw64,mingw-w64-x86_64-SDL2_net,build-depends-on,mingw-w64-x86_64-cc,
mingw64,mingw-w64-x86_64-SDL2_pango,build-depends-on,mingw-w64-x86_64-autotools,
mingw64,mingw-w64-x86_64-SDL2_pango,build-depends-on,mingw-w64-x86_64-cc,
mingw64,mingw-w64-x86_64-SDL2_pango,build-depends-on,mingw-w64-x86_64-gettext-tools,
mingw64,mingw-w64-x86_64-SDL2_pango,build-depends-on,mingw-w64-x86_64-pkgconf,
mingw64,mingw-w64-x86_64-SDL2_sound,build-depends-on,mingw-w64-x86_64-cc,
mingw64,mingw-w64-x86_64-SDL2_sound,build-depends-on,mingw-w64-x86_64-cmake,
mingw64,mingw-w64-x86_64-SDL2_sound,build-depends-on,mingw-w64-x86_64-ninja,
mingw64,mingw-w64-x86_64-SDL2_ttf,build-depends-on,mingw-w64-x86_64-autotools,
mingw64,mingw-w64-x86_64-SDL2_ttf,build-depends-on,mingw-w64-x86_64-cc,
mingw64,mingw-w64-x86_64-SDL2_ttf,build-depends-on,mingw-w64-x86_64-cmake,
mingw64,mingw-w64-x86_64-SDL_gfx,build-depends-on,mingw-w64-x86_64-autotools,
mingw64,mingw-w64-x86_64-SDL_gfx,build-depends-on,mingw-w64-x86_64-cc,
mingw64,mingw-w64-x86_64-SDL_image,build-depends-on,mingw-w64-x86_64-autotools,
mingw64,mingw-w64-x86_64-SDL_image,build-depends-on,mingw-w64-x86_64-cc,
mingw64,mingw-w64-x86_64-SDL_mixer,build-depends-on,mingw-w64-x86_64-autotools,
mingw64,mingw-w64-x86_64-SDL_mixer,build-depends-on,mingw-w64-x86_64-cc,
mingw64,mingw-w64-x86_64-SDL_mixer,build-depends-on,mingw-w64-x86_64-fluidsynth,
mingw64,mingw-w64-x86_64-SDL_mixer,build-depends-on,mingw-w64-x86_64-openal,
mingw64,mingw-w64-x86_64-SDL_mixer,build-depends-on,mingw-w64-x86_64-smpeg,
mingw64,mingw-w64-x86_64-SDL_net,build-depends-on,mingw-w64-x86_64-autotools,
mingw64,mingw-w64-x86_64-SDL_net,build-depends-on,mingw-w64-x86_64-cc,
mingw64,mingw-w64-x86_64-SDL_ttf,build-depends-on,mingw-w64-x86_64-autotools,
mingw64,mingw-w64-x86_64-SDL_ttf,build-depends-on,mingw-w64-x86_64-cc,
mingw64,mingw-w64-x86_64-a52dec,build-depends-on,mingw-w64-x86_64-cc,
mingw64,mingw-w64-x86_64-aalib,build-depends-on,mingw-w64-x86_64-cc,
mingw64,mingw-w64-x86_64-abseil-cpp,build-depends-on,mingw-w64-x86_64-cc,
mingw64,mingw-w64-x86_64-accesskit-c,build-depends-on,mingw-w64-x86_64-cc,
mingw64,mingw-w64-x86_64-adios2,build-depends-on,mingw-w64-x86_64-cc,
mingw64,mingw-w64-x86_64-adios2,build-depends-on,mingw-w64-x86_64-fc,
mingw64,mingw-w64-x86_64-adol-c,build-depends-on,mingw-w64-x86_64-cc,
mingw64,mingw-w64-x86_64-advancecomp,build-depends-on,mingw-w64-x86_64-cc,
mingw64,mingw-w64-x86_64-ag,build-depends-on,mingw-w64-x86_64-cc,
mingw64,mingw-w64-x86_64-age-plugin-yubikey,build-depends-on,mingw-w64-x86_64-cc,
mingw64,mingw-w64-x86_64-akira,build-depends-on,mingw-w64-x86_64-cc,
mingw64,mingw-w64-x86_64-alembic,build-depends-on,mingw-w64-x86_64-cc,
mingw64,mingw-w64-x86_64-allegro,build-depends-on,mingw-w64-x86_64-cc,
mingw64,mingw-w64-x86_64-alure,build-depends-on,mingw-w64-x86_64-cc,
mingw64,mingw-w64-x86_64-alure2,build-depends-on,mingw-w64-x86_64-cc,
mingw64,mingw-w64-x86_64-amgcl,build-depends-on,mingw-w64-x86_64-cc,
mingw64,mingw-w64-x86_64-amgcl,build-depends-on,mingw-w64-x86_64-fc,
mingw64,mingw-w64-x86_64-amqp-cpp,build-depends-on,mingw-w64-x86_64-cc,
mingw64,mingw-w64-x86_64-android-tools,build-depends-on,mingw-w64-x86_64-cc,
mingw64,mingw-w64-x86_64-angleproject,build-depends-on,mingw-w64-x86_64-cc,
mingw64,mingw-w64-x86_64-ansifilter,build-depends-on,mingw-w64-x86_64-cc,
mingw64,mingw-w64-x86_64-antiword,build-depends-on,mingw-w64-x86_64-cc,
mingw64,mingw-w64-x86_64-antlr3,build-depends-on,mingw-w64-x86_64-cc,
mingw64,mingw-w64-x86_64-antlr4-runtime-cpp,build-depends-on,mingw-w64-x86_64-cc,
mingw64,mingw-w64-x86_64-aom,build-depends-on,mingw-w64-x86_64-cc,
mingw64,mingw-w64-x86_64-appstream,build-depends-on,mingw-w64-x86_64-cc,
mingw64,mingw-w64-x86_64-appstream-glib,build-depends-on,mingw-w64-x86_64-cc,
mingw64,mingw-w64-x86_64-apr,build-depends-on,mingw-w64-x86_64-cc,
mingw64,mingw-w64-x86_64-apr-util,build-depends-on,mingw-w64-x86_64-cc,
mingw64,mingw-w64-x86_64-aravis,build-depends-on,mingw-w64-x86_64-cc,
mingw64,mingw-w64-x86_64-aravis-gst,build-depends-on,mingw-w64-x86_64-cc,
mingw64,mingw-w64-x86_64-argon2,build-depends-on,mingw-w64-x86_64-cc,
mingw64,mingw-w64-x86_64-args,build-depends-on,mingw-w64-x86_64-cc,
mingw64,mingw-w64-x86_64-argtable,build-depends-on,mingw-w64-x86_64-cc,
mingw64,mingw-w64-x86_64-aria2,build-depends-on,mingw-w64-x86_64-cc,
mingw64,mingw-w64-x86_64-aribb24,build-depends-on,mingw-w64-x86_64-cc,
mingw64,mingw-w64-x86_64-armadillo,build-depends-on,mingw-w64-x86_64-cc,
mingw64,mingw-w64-x86_64-arpack,build-depends-on,mingw-w64-x86_64-fc,
mingw64,mingw-w64-x86_64-arpack64,build-depends-on,mingw-w64-x86_64-fc,
mingw64,mingw-w64-x86_64-arrow,build-depends-on,mingw-w64-x86_64-cc,
mingw64,mingw-w64-x86_64-arrow-adbc,build-depends-on,mingw-w64-x86_64-cc,
mingw64,mingw-w64-x86_64-arrow-adbc-driver-bigquery,build-depends-on,mingw-w64-x86_64-cc,
mingw64,mingw-w64-x86_64-arrow-adbc-driver-flightsql,build-depends-on,mingw-w64-x86_64-cc,
mingw64,mingw-w64-x86_64-arrow-adbc-driver-postgresql,build-depends-on,mingw-w64-x86_64-cc,
mingw64,mingw-w64-x86_64-arrow-adbc-driver-snowflake,build-depends-on,mingw-w64-x86_64-cc,
mingw64,mingw-w64-x86_64-arrow-adbc-driver-sqlite,build-depends-on,mingw-w64-x86_64-cc,
mingw64,mingw-w64-x86_64-arrow-adbc-glib,build-depends-on,mingw-w64-x86_64-cc,
mingw64,mingw-w64-x86_64-asciidoc,build-depends-on,mingw-w64-x86_64-cc,
mingw64,mingw-w64-x86_64-asciidoctor,build-depends-on,mingw-w64-x86_64-cc,
mingw64,mingw-w64-x86_64-asio,build-depends-on,mingw-w64-x86_64-cc,
mingw64,mingw-w64-x86_64-asmjit,build-depends-on,mingw-w64-x86_64-cc,
mingw64,mingw-w64-x86_64-aspell,build-depends-on,mingw-w64-x86_64-cc,
mingw64,mingw-w64-x86_64-assimp,build-depends-on,mingw-w64-x86_64-cc,
mingw64,mingw-w64-x86_64-astyle,build-depends-on,mingw-w64-x86_64-cc,
mingw64,mingw-w64-x86_64-atk,build-depends-on,mingw-w64-x86_64-cc,
mingw64,mingw-w64-x86_64-atkmm,build-depends-on,mingw-w64-x86_64-cc,
mingw64,mingw-w64-x86_64-atkmm-2.36,build-depends-on,mingw-w64-x86_64-cc,
mingw64,mingw-w64-x86_64-aubio,build-depends-on,mingw-w64-x86_64-cc,
mingw64,mingw-w64-x86_64-audaspace,build-depends-on,mingw-w64-x86_64-cc,
mingw64,mingw-w64-x86_64-autohotkey,build-depends-on,mingw-w64-x86_64-cc,
mingw64,mingw-w64-x86_64-avrdude,build-depends-on,mingw-w64-x86_64-cc,
mingw64,mingw-w64-x86_64-aws-c-auth,build-depends-on,mingw-w64-x86_64-cc,
mingw64,mingw-w64-x86_64-aws-c-cal,build-depends-on,mingw-w64-x86_64-cc,
mingw64,mingw-w64-x86_64-aws-c-common,build-depends-on,mingw-w64-x86_64-cc,
mingw64,mingw-w64-x86_64-aws-c-compression,build-depends-on,mingw-w64-x86_64-cc,
mingw64,mingw-w64-x86_64-aws-c-event-stream,build-depends-on,mingw-w64-x86_64-cc,
mingw64,mingw-w64-x86_64-aws-c-http,build-depends-on,mingw-w64-x86_64-cc,
mingw64,mingw-w64-x86_64-aws-c-io,build-depends-on,mingw-w64-x86_64-cc,
mingw64,mingw-w64-x86_64-aws-c-mqtt,build-depends-on,mingw-w64-x86_64-cc,
mingw64,mingw-w64-x86_64-aws-c-s3,build-depends-on,mingw-w64-x86_64-cc,
mingw64,mingw-w64-x86_64-aws-c-sdkutils,build-depends-on,mingw-w64-x86_64-cc,
mingw64,mingw-w64-x86_64-aws-checksums,build-depends-on,mingw-w64-x86_64-cc,
mingw64,mingw-w64-x86_64-aws-crt-cpp,build-depends-on,mingw-w64-x86_64-cc,
mingw64,mingw-w64-x86_64-aws-sdk-cpp,build-depends-on,mingw-w64-x86_64-cc,
mingw64,mingw-w64-x86_64-aztecgen,build-depends-on,mingw-w64-x86_64-cc,
mingw64,mingw-w64-x86_64-b3sum,build-depends-on,mingw-w64-x86_64-cc,
mingw64,mingw-w64-x86_64-badvpn,build-depends-on,mingw-w64-x86_64-cc,
mingw64,mingw-w64-x86_64-baobab,build-depends-on,mingw-w64-x86_64-cc,
mingw64,mingw-w64-x86_64-bc,build-depends-on,mingw-w64-x86_64-cc,
mingw64,mingw-w64-x86_64-bcftools,build-depends-on,mingw-w64-x86_64-cc,
mingw64,mingw-w64-x86_64-bcg729,build-depends-on,mingw-w64-x86_64-cc,
mingw64,mingw-w64-x86_64-bcunit,build-depends-on,mingw-w64-x86_64-cc,
mingw64,mingw-w64-x86_64-benchmark,build-depends-on,mingw-w64-x86_64-cc,
mingw64,mingw-w64-x86_64-bin2header,build-depends-on,mingw-w64-x86_64-cc,
mingw64,mingw-w64-x86_64-binaryen,build-depends-on,mingw-w64-x86_64-cc,
mingw64,mingw-w64-x86_64-binutils,build-depends-on,mingw-w64-x86_64-cc,
mingw64,mingw-w64-x86_64-bitwise,build-depends-on,mingw-w64-x86_64-cc,
mingw64,mingw-w64-x86_64-blas,build-depends-on,mingw-w64-x86_64-cc,
mingw64,mingw-w64-x86_64-blas,build-depends-on,mingw-w64-x86_64-fc,
mingw64,mingw-w64-x86_64-blas64,build-depends-on,mingw-w64-x86_64-cc,
mingw64,mingw-w64-x86_64-blas64,build-depends-on,mingw-w64-x86_64-fc,
mingw64,mingw-w64-x86_64-blosc,build-depends-on,mingw-w64-x86_64-cc,
mingw64,mingw-w64-x86_64-blosc2,build-depends-on,mingw-w64-x86_64-cc,
mingw64,mingw-w64-x86_64-boost,build-depends-on,mingw-w64-x86_64-cc,
mingw64,mingw-w64-x86_64-boost-libs,build-depends-on,mingw-w64-x86_64-cc,
mingw64,mingw-w64-x86_64-bootloadhid,build-depends-on,mingw-w64-x86_64-cc,
mingw64,mingw-w64-x86_64-box2d,build-depends-on,mingw-w64-x86_64-cc,
mingw64,mingw-w64-x86_64-bpmdetect,build-depends-on,mingw-w64-x86_64-cc,
mingw64,mingw-w64-x86_64-breakpad,build-depends-on,mingw-w64-x86_64-cc,
mingw64,mingw-w64-x86_64-brotli,build-depends-on,mingw-w64-x86_64-cc,
mingw64,mingw-w64-x86_64-brotli-testdata,build-depends-on,mingw-w64-x86_64-cc,
mingw64,mingw-w64-x86_64-bsdfprocessor,build-depends-on,mingw-w64-x86_64-cc,
mingw64,mingw-w64-x86_64-btyacc,build-depends-on,mingw-w64-x86_64-cc,
mingw64,mingw-w64-x86_64-bullet,build-depends-on,mingw-w64-x86_64-cc,
mingw64,mingw-w64-x86_64-bullet-dp,build-depends-on,mingw-w64-x86_64-cc,
mingw64,mingw-w64-x86_64-butler,build-depends-on,mingw-w64-x86_64-cc,
mingw64,mingw-w64-x86_64-bzip2,build-depends-on,mingw-w64-x86_64-cc,
mingw64,mingw-w64-x86_64-bzip3,build-depends-on,mingw-w64-x86_64-cc,
mingw64,mingw-w64-x86_64-c-ares,build-depends-on,mingw-w64-x86_64-cc,
mingw64,mingw-w64-x86_64-cairo,build-depends-on,mingw-w64-x86_64-cc,
mingw64,mingw-w64-x86_64-cairomm,build-depends-on,mingw-w64-x86_64-cc,
mingw64,mingw-w64-x86_64-cairomm-1.16,build-depends-on,mingw-w64-x86_64-cc,
mingw64,mingw-w64-x86_64-calceph,build-depends-on,mingw-w64-x86_64-cc,
mingw64,mingw-w64-x86_64-calceph,build-depends-on,mingw-w64-x86_64-fc,
mingw64,mingw-w64-x86_64-calculix-ccx,build-depends-on,mingw-w64-x86_64-fc,
mingw64,mingw-w64-x86_64-cantarell-fonts,build-depends-on,mingw-w64-x86_64-cc,
mingw64,mingw-w64-x86_64-capnproto,build-depends-on,mingw-w64-x86_64-cc,
mingw64,mingw-w64-x86_64-capstone,build-depends-on,mingw-w64-x86_64-cc,
mingw64,mingw-w64-x86_64-cas-offinder,build-depends-on,mingw-w64-x86_64-cc,
mingw64,mingw-w64-x86_64-castxml,build-depends-on,mingw-w64-x86_64-cc,
mingw64,mingw-w64-x86_64-catch,build-depends-on,mingw-w64-x86_64-cc,
mingw64,mingw-w64-x86_64-cblas,build-depends-on,mingw-w64-x86_64-cc,
mingw64,mingw-w64-x86_64-cblas,build-depends-on,mingw-w64-x86_64-fc,
mingw64,mingw-w64-x86_64-cblas64,build-depends-on,mingw-w64-x86_64-cc,
mingw64,mingw-w64-x86_64-cblas64,build-depends-on,mingw-w64-x86_64-fc,
mingw64,mingw-w64-x86_64-ccache,build-depends-on,mingw-w64-x86_64-cc,
mingw64,mingw-w64-x86_64-ccmake,build-depends-on,mingw-w64-x86_64-cc,
mingw64,mingw-w64-x86_64-cddlib,build-depends-on,mingw-w64-x86_64-cc,
mingw64,mingw-w64-x86_64-cego,build-depends-on,mingw-w64-x86_64-cc,
mingw64,mingw-w64-x86_64-cereal,build-depends-on,mingw-w64-x86_64-cc,
mingw64,mingw-w64-x86_64-ceres-solver,build-depends-on,mingw-w64-x86_64-cc,
mingw64,mingw-w64-x86_64-cfitsio,build-depends-on,mingw-w64-x86_64-cc,
mingw64,mingw-w64-x86_64-cgal,build-depends-on,mingw-w64-x86_64-cc,
mingw64,mingw-w64-x86_64-cglm,build-depends-on,mingw-w64-x86_64-cc,
mingw64,mingw-w64-x86_64-cglm-docs,build-depends-on,mingw-w64-x86_64-cc,
mingw64,mingw-w64-x86_64-cgns,build-depends-on,mingw-w64-x86_64-cc,
mingw64,mingw-w64-x86_64-cgns,build-depends-on,mingw-w64-x86_64-fc,
mingw64,mingw-w64-x86_64-chafa,build-depends-on,mingw-w64-x86_64-cc,
mingw64,mingw-w64-x86_64-charls,build-depends-on,mingw-w64-x86_64-cc,
mingw64,mingw-w64-x86_64-check,build-depends-on,mingw-w64-x86_64-cc,
mingw64,mingw-w64-x86_64-chicken,build-depends-on,mingw-w64-x86_64-cc,
mingw64,mingw-w64-x86_64-chipmunk,build-depends-on,mingw-w64-x86_64-cc,
mingw64,mingw-w64-x86_64-chmlib,build-depends-on,mingw-w64-x86_64-cc,
mingw64,mingw-w64-x86_64-chromaprint,build-depends-on,mingw-w64-x86_64-cc,
mingw64,mingw-w64-x86_64-civetweb,build-depends-on,mingw-w64-x86_64-cc,
mingw64,mingw-w64-x86_64-cjose,build-depends-on,mingw-w64-x86_64-cc,
mingw64,mingw-w64-x86_64-cjson,build-depends-on,mingw-w64-x86_64-cc,
mingw64,mingw-w64-x86_64-clang-21,build-depends-on,mingw-w64-x86_64-cc,
mingw64,mingw-w64-x86_64-clblast,build-depends-on,mingw-w64-x86_64-cc,
mingw64,mingw-w64-x86_64-cli11,build-depends-on,mingw-w64-x86_64-cc,
mingw64,mingw-w64-x86_64-clip,build-depends-on,mingw-w64-x86_64-cc,
mingw64,mingw-w64-x86_64-clipper2,build-depends-on,mingw-w64-x86_64-cc,
mingw64,mingw-w64-x86_64-clucene,build-depends-on,mingw-w64-x86_64-cc,
mingw64,mingw-w64-x86_64-clustal-omega,build-depends-on,mingw-w64-x86_64-cc,
mingw64,mingw-w64-x86_64-cmake,build-depends-on,mingw-w64-x86_64-cc,
mingw64,mingw-w64-x86_64-cmake-bootstrap,build-depends-on,mingw-w64-x86_64-cc,
mingw64,mingw-w64-x86_64-cmake-cmcldeps,build-depends-on,mingw-w64-x86_64-cc,
mingw64,mingw-w64-x86_64-cmake-docs,build-depends-on,mingw-w64-x86_64-cc,
mingw64,mingw-w64-x86_64-cmake-gui,build-depends-on,mingw-w64-x86_64-cc,
mingw64,mingw-w64-x86_64-cmakerc,build-depends-on,mingw-w64-x86_64-cc,
mingw64,mingw-w64-x86_64-cmark,build-depends-on,mingw-w64-x86_64-cc,
mingw64,mingw-w64-x86_64-cmdpack,build-depends-on,mingw-w64-x86_64-cc,
mingw64,mingw-w64-x86_64-cmocka,build-depends-on,mingw-w64-x86_64-cc,
mingw64,mingw-w64-x86_64-cninja,build-depends-on,mingw-w64-x86_64-cc,
mingw64,mingw-w64-x86_64-codec2,build-depends-on,mingw-w64-x86_64-cc,
mingw64,mingw-w64-x86_64-cogl,build-depends-on,mingw-w64-x86_64-cc,
mingw64,mingw-w64-x86_64-coin,build-depends-on,mingw-w64-x86_64-cc,
mingw64,mingw-w64-x86_64-coin-docs,build-depends-on,mingw-w64-x86_64-cc,
mingw64,mingw-w64-x86_64-collada-dom,build-depends-on,mingw-w64-x86_64-cc,
mingw64,mingw-w64-x86_64-compiler-rt-21,build-depends-on,mingw-w64-x86_64-cc,
mingw64,mingw-w64-x86_64-confuse,build-depends-on,mingw-w64-x86_64-cc,
mingw64,mingw-w64-x86_64-connect,build-depends-on,mingw-w64-x86_64-cc,
mingw64,mingw-w64-x86_64-corrade,build-depends-on,mingw-w64-x86_64-cc,
mingw64,mingw-w64-x86_64-cppcheck,build-depends-on,mingw-w64-x86_64-cc,
mingw64,mingw-w64-x86_64-cppdap,build-depends-on,mingw-w64-x86_64-cc,
mingw64,mingw-w64-x86_64-cpptest,build-depends-on,mingw-w64-x86_64-cc,
mingw64,mingw-w64-x86_64-cppunit,build-depends-on,mingw-w64-x86_64-cc,
mingw64,mingw-w64-x86_64-cpputest,build-depends-on,mingw-w64-x86_64-cc,
mingw64,mingw-w64-x86_64-cppwinrt,build-depends-on,mingw-w64-x86_64-cc,
mingw64,mingw-w64-x86_64-cppzmq,build-depends-on,mingw-w64-x86_64-cc,
mingw64,mingw-w64-x86_64-cpr,build-depends-on,mingw-w64-x86_64-cc,
mingw64,mingw-w64-x86_64-creduce,build-depends-on,mingw-w64-x86_64-cc,
mingw64,mingw-w64-x86_64-croc,build-depends-on,mingw-w64-x86_64-cc,
mingw64,mingw-w64-x86_64-crt,build-depends-on,mingw-w64-x86_64-cc,
mingw64,mingw-w64-x86_64-crypto++,build-depends-on,mingw-w64-x86_64-cc,
mingw64,mingw-w64-x86_64-csfml,build-depends-on,mingw-w64-x86_64-cc,
mingw64,mingw-w64-x86_64-csfml-docs,build-depends-on,mingw-w64-x86_64-cc,
mingw64,mingw-w64-x86_64-ctags,build-depends-on,mingw-w64-x86_64-cc,
mingw64,mingw-w64-x86_64-ctpl,build-depends-on,mingw-w64-x86_64-cc,
mingw64,mingw-w64-x86_64-cubelib,build-depends-on,mingw-w64-x86_64-cc,
mingw64,mingw-w64-x86_64-cubelib,build-depends-on,mingw-w64-x86_64-fc,
mingw64,mingw-w64-x86_64-cubew,build-depends-on,mingw-w64-x86_64-cc,
mingw64,mingw-w64-x86_64-cubew,build-depends-on,mingw-w64-x86_64-fc,
mingw64,mingw-w64-x86_64-cunit,build-depends-on,mingw-w64-x86_64-cc,
mingw64,mingw-w64-x86_64-curl,build-depends-on,mingw-w64-x86_64-cc,
mingw64,mingw-w64-x86_64-curl-gnutls,build-depends-on,mingw-w64-x86_64-cc,
mingw64,mingw-w64-x86_64-curl-winssl,build-depends-on,mingw-w64-x86_64-cc,
mingw64,mingw-w64-x86_64-cvise,build-depends-on,mingw-w64-x86_64-cc,
mingw64,mingw-w64-x86_64-cxxopts,build-depends-on,mingw-w64-x86_64-cc,
mingw64,mingw-w64-x86_64-cyrus-sasl,build-depends-on,mingw-w64-x86_64-cc,
mingw64,mingw-w64-x86_64-cython,build-depends-on,mingw-w64-x86_64-cc,
mingw64,mingw-w64-x86_64-daala,build-depends-on,mingw-w64-x86_64-cc,
mingw64,mingw-w64-x86_64-dav1d,build-depends-on,mingw-w64-x86_64-cc,
mingw64,mingw-w64-x86_64-db,build-depends-on,mingw-w64-x86_64-cc,
mingw64,mingw-w64-x86_64-db-docs,build-depends-on,mingw-w64-x86_64-cc,
mingw64,mingw-w64-x86_64-dbus,build-depends-on,mingw-w64-x86_64-cc,
mingw64,mingw-w64-x86_64-dbus-c++,build-depends-on,mingw-w64-x86_64-cc,
mingw64,mingw-w64-x86_64-dbus-doc,build-depends-on,mingw-w64-x86_64-cc,
mingw64,mingw-w64-x86_64-dbus-doc,build-depends-on,mingw-w64-x86_64-cmake,
mingw64,mingw-w64-x86_64-dbus-doc,build-depends-on,mingw-w64-x86_64-doxygen,
mingw64,mingw-w64-x86_64-dbus-doc,build-depends-on,mingw-w64-x86_64-expat,
mingw64,mingw-w64-x86_64-dbus-doc,build-depends-on,mingw-w64-x86_64-glib2,
mingw64,mingw-w64-x86_64-dbus-doc,build-depends-on,mingw-w64-x86_64-ninja,
mingw64,mingw-w64-x86_64-dbus-doc,build-depends-on,mingw-w64-x86_64-pkgconf,
mingw64,mingw-w64-x86_64-dbus-glib,build-depends-on,mingw-w64-x86_64-cc,
mingw64,mingw-w64-x86_64-dcadec,build-depends-on,mingw-w64-x86_64-cc,
mingw64,mingw-w64-x86_64-dcmtk,build-depends-on,mingw-w64-x86_64-cc,
mingw64,mingw-w64-x86_64-dcraw,build-depends-on,mingw-w64-x86_64-cc,
mingw64,mingw-w64-x86_64-desktop-file-utils,build-depends-on,mingw-w64-x86_64-cc,
mingw64,mingw-w64-x86_64-devcon,build-depends-on,mingw-w64-x86_64-cc,
mingw64,mingw-w64-x86_64-devil,build-depends-on,mingw-w64-x86_64-cc,
mingw64,mingw-w64-x86_64-dfu-programmer,build-depends-on,mingw-w64-x86_64-cc,
mingw64,mingw-w64-x86_64-dfu-util,build-depends-on,mingw-w64-x86_64-cc,
mingw64,mingw-w64-x86_64-dht,build-depends-on,mingw-w64-x86_64-cc,
mingw64,mingw-w64-x86_64-dia,build-depends-on,mingw-w64-x86_64-cc,
mingw64,mingw-w64-x86_64-diffutils,build-depends-on,mingw-w64-x86_64-cc,
mingw64,mingw-w64-x86_64-directx-headers,build-depends-on,mingw-w64-x86_64-cc,
mingw64,mingw-w64-x86_64-directxmath,build-depends-on,mingw-w64-x86_64-cc,
mingw64,mingw-w64-x86_64-directxmesh,build-depends-on,mingw-w64-x86_64-cc,
mingw64,mingw-w64-x86_64-directxtex,build-depends-on,mingw-w64-x86_64-cc,
mingw64,mingw-w64-x86_64-directxtk,build-depends-on,mingw-w64-x86_64-cc,
mingw64,mingw-w64-x86_64-discount,build-depends-on,mingw-w64-x86_64-cc,
mingw64,mingw-w64-x86_64-distorm,build-depends-on,mingw-w64-x86_64-cc,
mingw64,mingw-w64-x86_64-djview,build-depends-on,mingw-w64-x86_64-cc,
mingw64,mingw-w64-x86_64-djvulibre,build-depends-on,mingw-w64-x86_64-cc,
mingw64,mingw-w64-x86_64-dlfcn,build-depends-on,mingw-w64-x86_64-cc,
mingw64,mingw-w64-x86_64-dlib,build-depends-on,mingw-w64-x86_64-cc,
mingw64,mingw-w64-x86_64-dmake,build-depends-on,mingw-w64-x86_64-cc,
mingw64,mingw-w64-x86_64-dnscrypt-proxy,build-depends-on,mingw-w64-x86_64-cc,
mingw64,mingw-w64-x86_64-dnslookup,build-depends-on,mingw-w64-x86_64-cc,
mingw64,mingw-w64-x86_64-doctest,build-depends-on,mingw-w64-x86_64-cc,
mingw64,mingw-w64-x86_64-dosbox-staging,build-depends-on,mingw-w64-x86_64-cc,
mingw64,mingw-w64-x86_64-double-conversion,build-depends-on,mingw-w64-x86_64-cc,
mingw64,mingw-w64-x86_64-doxygen,build-depends-on,mingw-w64-x86_64-cc,
mingw64,mingw-w64-x86_64-draco,build-depends-on,mingw-w64-x86_64-cc,
mingw64,mingw-w64-x86_64-dragon,build-depends-on,mingw-w64-x86_64-cc,
mingw64,mingw-w64-x86_64-drmingw,build-depends-on,mingw-w64-x86_64-cc,
mingw64,mingw-w64-x86_64-dsdp,build-depends-on,mingw-w64-x86_64-cc,
mingw64,mingw-w64-x86_64-dtc,build-depends-on,mingw-w64-x86_64-cc,
mingw64,mingw-w64-x86_64-ducible,build-depends-on,mingw-w64-x86_64-cc,
mingw64,mingw-w64-x86_64-ducible,build-depends-on,mingw-w64-x86_64-python3,
mingw64,mingw-w64-x86_64-duckdb,build-depends-on,mingw-w64-x86_64-cc,
mingw64,mingw-w64-x86_64-duktape,build-depends-on,mingw-w64-x86_64-cc,
mingw64,mingw-w64-x86_64-dumb,build-depends-on,mingw-w64-x86_64-cc,
mingw64,mingw-w64-x86_64-dwarfstack,build-depends-on,mingw-w64-x86_64-cc,
mingw64,mingw-w64-x86_64-dxvk,build-depends-on,mingw-w64-x86_64-cc,
mingw64,mingw-w64-x86_64-ebook-tools,build-depends-on,mingw-w64-x86_64-cc,
mingw64,mingw-w64-x86_64-eccodes,build-depends-on,mingw-w64-x86_64-cc,
mingw64,mingw-w64-x86_64-eccodes,build-depends-on,mingw-w64-x86_64-fc,
mingw64,mingw-w64-x86_64-ecpprog,build-depends-on,mingw-w64-x86_64-cc,
mingw64,mingw-w64-x86_64-editorconfig-core-c,build-depends-on,mingw-w64-x86_64-cc,
mingw64,mingw-w64-x86_64-editrights,build-depends-on,mingw-w64-x86_64-cc,
mingw64,mingw-w64-x86_64-edyn,build-depends-on,mingw-w64-x86_64-cc,
mingw64,mingw-w64-x86_64-efl,build-depends-on,mingw-w64-x86_64-cc,
mingw64,mingw-w64-x86_64-efxc2,build-depends-on,mingw-w64-x86_64-cc,
mingw64,mingw-w64-x86_64-eigen3,build-depends-on,mingw-w64-x86_64-cc,
mingw64,mingw-w64-x86_64-eigen3,build-depends-on,mingw-w64-x86_64-fc,
mingw64,mingw-w64-x86_64-emacs,build-depends-on,mingw-w64-x86_64-cc,
mingw64,mingw-w64-x86_64-emacs-pdf-tools-server,build-depends-on,mingw-w64-x86_64-cc,
mingw64,mingw-w64-x86_64-embree,build-depends-on,mingw-w64-x86_64-cc,
mingw64,mingw-w64-x86_64-enca,build-depends-on,mingw-w64-x86_64-cc,
mingw64,mingw-w64-x86_64-enchant,build-depends-on,mingw-w64-x86_64-cc,
mingw64,mingw-w64-x86_64-enet,build-depends-on,mingw-w64-x86_64-cc,
mingw64,mingw-w64-x86_64-ensmallen,build-depends-on,mingw-w64-x86_64-cc,
mingw64,mingw-w64-x86_64-enter-tex,build-depends-on,mingw-w64-x86_64-cc,
mingw64,mingw-w64-x86_64-entt,build-depends-on,mingw-w64-x86_64-cc,
mingw64,mingw-w64-x86_64-entt-docs,build-depends-on,mingw-w64-x86_64-cc,
mingw64,mingw-w64-x86_64-eog,build-depends-on,mingw-w64-x86_64-cc,
mingw64,mingw-w64-x86_64-eog-plugins,build-depends-on,mingw-w64-x86_64-cc,
mingw64,mingw-w64-x86_64-epstool,build-depends-on,mingw-w64-x86_64-cc,
mingw64,mingw-w64-x86_64-espeak-ng,build-depends-on,mingw-w64-x86_64-cc,
mingw64,mingw-w64-x86_64-evince,build-depends-on,mingw-w64-x86_64-cc,
mingw64,mingw-w64-x86_64-expat,build-depends-on,mingw-w64-x86_64-cc,
mingw64,mingw-w64-x86_64-expresscpp,build-depends-on,mingw-w64-x86_64-cc,
mingw64,mingw-w64-x86_64-extra-cmake-modules,build-depends-on,mingw-w64-x86_64-cc,
mingw64,mingw-w64-x86_64-extremetuxracer,build-depends-on,mingw-w64-x86_64-cc,
mingw64,mingw-w64-x86_64-f2c,build-depends-on,mingw-w64-x86_64-cc,
mingw64,mingw-w64-x86_64-faac,build-depends-on,mingw-w64-x86_64-cc,
mingw64,mingw-w64-x86_64-faad2,build-depends-on,mingw-w64-x86_64-cc,
mingw64,mingw-w64-x86_64-fann,build-depends-on,mingw-w64-x86_64-cc,
mingw64,mingw-w64-x86_64-farstream,build-depends-on,mingw-w64-x86_64-cc,
mingw64,mingw-w64-x86_64-fast_float,build-depends-on,mingw-w64-x86_64-cc,
mingw64,mingw-w64-x86_64-fastgltf,build-depends-on,mingw-w64-x86_64-cc,
mingw64,mingw-w64-x86_64-fastjar,build-depends-on,mingw-w64-x86_64-cc,
mingw64,mingw-w64-x86_64-fcrackzip,build-depends-on,mingw-w64-x86_64-cc,
mingw64,mingw-w64-x86_64-fdk-aac,build-depends-on,mingw-w64-x86_64-cc,
mingw64,mingw-w64-x86_64-ffcall,build-depends-on,mingw-w64-x86_64-cc,
mingw64,mingw-w64-x86_64-ffmpeg,build-depends-on,mingw-w64-x86_64-cc,
mingw64,mingw-w64-x86_64-ffms2,build-depends-on,mingw-w64-x86_64-cc,
mingw64,mingw-w64-x86_64-ffts,build-depends-on,mingw-w64-x86_64-cc,
mingw64,mingw-w64-x86_64-fftw,build-depends-on,mingw-w64-x86_64-cc,
mingw64,mingw-w64-x86_64-fgsl,build-depends-on,mingw-w64-x86_64-cc,
mingw64,mingw-w64-x86_64-fgsl,build-depends-on,mingw-w64-x86_64-fc,
mingw64,mingw-w64-x86_64-file,build-depends-on,mingw-w64-x86_64-cc,
mingw64,mingw-w64-x86_64-filezilla,build-depends-on,mingw-w64-x86_64-cc,
mingw64,mingw-w64-x86_64-firebird,build-depends-on,mingw-w64-x86_64-cc,
mingw64,mingw-w64-x86_64-flac,build-depends-on,mingw-w64-x86_64-cc,
mingw64,mingw-w64-x86_64-flann,build-depends-on,mingw-w64-x86_64-cc,
mingw64,mingw-w64-x86_64-flashrom,build-depends-on,mingw-w64-x86_64-cc,
mingw64,mingw-w64-x86_64-flatbuffers,build-depends-on,mingw-w64-x86_64-cc,
mingw64,mingw-w64-x86_64-flecs,build-depends-on,mingw-w64-x86_64-cc,
mingw64,mingw-w64-x86_64-flecs-docs,build-depends-on,mingw-w64-x86_64-cc,
mingw64,mingw-w64-x86_64-flexdll,build-depends-on,mingw-w64-x86_64-cc,
mingw64,mingw-w64-x86_64-flexdll-bootstrap,build-depends-on,mingw-w64-x86_64-cc,
mingw64,mingw-w64-x86_64-flickcurl,build-depends-on,mingw-w64-x86_64-cc,
mingw64,mingw-w64-x86_64-flif,build-depends-on,mingw-w64-x86_64-cc,
mingw64,mingw-w64-x86_64-flint,build-depends-on,mingw-w64-x86_64-cc,
mingw64,mingw-w64-x86_64-fltk,build-depends-on,mingw-w64-x86_64-cc,
mingw64,mingw-w64-x86_64-fltk1.3,build-depends-on,mingw-w64-x86_64-cc,
mingw64,mingw-w64-x86_64-fluidsynth,build-depends-on,mingw-w64-x86_64-cc,
mingw64,mingw-w64-x86_64-fmt,build-depends-on,mingw-w64-x86_64-cc,
mingw64,mingw-w64-x86_64-folly,build-depends-on,mingw-w64-x86_64-cc,
mingw64,mingw-w64-x86_64-fontconfig,build-depends-on,mingw-w64-x86_64-cc,
mingw64,mingw-w64-x86_64-fontforge,build-depends-on,mingw-w64-x86_64-cc,
mingw64,mingw-w64-x86_64-fortran-stdlib,build-depends-on,mingw-w64-x86_64-fc,
mingw64,mingw-w64-x86_64-fossil,build-depends-on,mingw-w64-x86_64-cc,
mingw64,mingw-w64-x86_64-fox,build-depends-on,mingw-w64-x86_64-cc,
mingw64,mingw-w64-x86_64-fpm,build-depends-on,mingw-w64-x86_64-fc,
mingw64,mingw-w64-x86_64-fq,build-depends-on,mingw-w64-x86_64-cc,
mingw64,mingw-w64-x86_64-freealut,build-depends-on,mingw-w64-x86_64-cc,
mingw64,mingw-w64-x86_64-freeglut,build-depends-on,mingw-w64-x86_64-cc,
mingw64,mingw-w64-x86_64-freeimage,build-depends-on,mingw-w64-x86_64-cc,
mingw64,mingw-w64-x86_64-freerdp,build-depends-on,mingw-w64-x86_64-cc,
mingw64,mingw-w64-x86_64-freetds,build-depends-on,mingw-w64-x86_64-cc,
mingw64,mingw-w64-x86_64-freetype,build-depends-on,mingw-w64-x86_64-cc,
mingw64,mingw-w64-x86_64-frei0r-plugins,build-depends-on,mingw-w64-x86_64-cc,
mingw64,mingw-w64-x86_64-fribidi,build-depends-on,mingw-w64-x86_64-cc,
mingw64,mingw-w64-x86_64-fritzing,build-depends-on,mingw-w64-x86_64-cc,
mingw64,mingw-w64-x86_64-frontistr,build-depends-on,mingw-w64-x86_64-cc,
mingw64,mingw-w64-x86_64-frontistr,build-depends-on,mingw-w64-x86_64-fc,
mingw64,mingw-w64-x86_64-fswatch,build-depends-on,mingw-w64-x86_64-cc,
mingw64,mingw-w64-x86_64-ftgl,build-depends-on,mingw-w64-x86_64-cc,
mingw64,mingw-w64-x86_64-ftxui,build-depends-on,mingw-w64-x86_64-cc,
mingw64,mingw-w64-x86_64-fxc2,build-depends-on,mingw-w64-x86_64-cc,
mingw64,mingw-w64-x86_64-fzf,build-depends-on,mingw-w64-x86_64-cc,
mingw64,mingw-w64-x86_64-fzssh,build-depends-on,mingw-w64-x86_64-cc,
mingw64,mingw-w64-x86_64-gavl,build-depends-on,mingw-w64-x86_64-cc,
mingw64,mingw-w64-x86_64-gc,build-depends-on,mingw-w64-x86_64-cc,
mingw64,mingw-w64-x86_64-gcab,build-depends-on,mingw-w64-x86_64-cc,
mingw64,mingw-w64-x86_64-gdal,build-depends-on,mingw-w64-x86_64-cc,
mingw64,mingw-w64-x86_64-gdb,build-depends-on,mingw-w64-x86_64-cc,
mingw64,mingw-w64-x86_64-gdb-multiarch,build-depends-on,mingw-w64-x86_64-cc,
mingw64,mingw-w64-x86_64-gdbm,build-depends-on,mingw-w64-x86_64-cc,
mingw64,mingw-w64-x86_64-gdcm,build-depends-on,mingw-w64-x86_64-cc,
mingw64,mingw-w64-x86_64-gdk-pixbuf2,build-depends-on,mingw-w64-x86_64-cc,
mingw64,mingw-w64-x86_64-gdk-pixbuf2-docs,build-depends-on,mingw-w64-x86_64-cc,
mingw64,mingw-w64-x86_64-gdl,build-depends-on,mingw-w64-x86_64-cc,
mingw64,mingw-w64-x86_64-gdu,build-depends-on,mingw-w64-x86_64-cc,
mingw64,mingw-w64-x86_64-gedit,build-depends-on,mingw-w64-x86_64-cc,
mingw64,mingw-w64-x86_64-gedit-plugins,build-depends-on,mingw-w64-x86_64-cc,
mingw64,mingw-w64-x86_64-genromfs,build-depends-on,mingw-w64-x86_64-cc,
mingw64,mingw-w64-x86_64-geocode-glib,build-depends-on,mingw-w64-x86_64-cc,
mingw64,mingw-w64-x86_64-geographiclib,build-depends-on,mingw-w64-x86_64-cc,
mingw64,mingw-w64-x86_64-geoip,build-depends-on,mingw-w64-x86_64-cc,
mingw64,mingw-w64-x86_64-geos,build-depends-on,mingw-w64-x86_64-cc,
mingw64,mingw-w64-x86_64-gettext-libtextstyle,build-depends-on,mingw-w64-x86_64-cc,
mingw64,mingw-w64-x86_64-gettext-runtime,build-depends-on,mingw-w64-x86_64-cc,
mingw64,mingw-w64-x86_64-gettext-tools,build-depends-on,mingw-w64-x86_64-cc,
mingw64,mingw-w64-x86_64-gf2x,build-depends-on,mingw-w64-x86_64-cc,
mingw64,mingw-w64-x86_64-gflags,build-depends-on,mingw-w64-x86_64-cc,
mingw64,mingw-w64-x86_64-ggml,build-depends-on,mingw-w64-x86_64-cc,
mingw64,mingw-w64-x86_64-ghdl-llvm,build-depends-on,mingw-w64-x86_64-cc,
mingw64,mingw-w64-x86_64-ghdl-mcode,build-depends-on,mingw-w64-x86_64-cc,
mingw64,mingw-w64-x86_64-ghex,build-depends-on,mingw-w64-x86_64-cc,
mingw64,mingw-w64-x86_64-ghostscript,build-depends-on,mingw-w64-x86_64-cc,
mingw64,mingw-w64-x86_64-gi-docgen,build-depends-on,mingw-w64-x86_64-cc,
mingw64,mingw-w64-x86_64-giflib,build-depends-on,mingw-w64-x86_64-cc,
mingw64,mingw-w64-x86_64-ginkgo,build-depends-on,mingw-w64-x86_64-cc,
mingw64,mingw-w64-x86_64-git,build-depends-on,mingw-w64-x86_64-cc,
mingw64,mingw-w64-x86_64-git-archimport,build-depends-on,mingw-w64-x86_64-cc,
mingw64,mingw-w64-x86_64-git-credential-wincred,build-depends-on,mingw-w64-x86_64-cc,
mingw64,mingw-w64-x86_64-git-cvs,build-depends-on,mingw-w64-x86_64-cc,
mingw64,mingw-w64-x86_64-git-doc-html,build-depends-on,mingw-w64-x86_64-cc,
mingw64,mingw-w64-x86_64-git-doc-man,build-depends-on,mingw-w64-x86_64-cc,
mingw64,mingw-w64-x86_64-git-for-windows-addons,build-depends-on,mingw-w64-x86_64-cc,
mingw64,mingw-w64-x86_64-git-gui,build-depends-on,mingw-w64-x86_64-cc,
mingw64,mingw-w64-x86_64-git-p4,build-depends-on,mingw-w64-x86_64-cc,
mingw64,mingw-w64-x86_64-git-perl,build-depends-on,mingw-w64-x86_64-cc,
mingw64,mingw-w64-x86_64-git-send-email,build-depends-on,mingw-w64-x86_64-cc,
mingw64,mingw-w64-x86_64-git-subtree,build-depends-on,mingw-w64-x86_64-cc,
mingw64,mingw-w64-x86_64-git-svn,build-depends-on,mingw-w64-x86_64-cc,
mingw64,mingw-w64-x86_64-gitg,build-depends-on,mingw-w64-x86_64-cc,
mingw64,mingw-w64-x86_64-github-cli,build-depends-on,mingw-w64-x86_64-cc,
mingw64,mingw-w64-x86_64-gitk,build-depends-on,mingw-w64-x86_64-cc,
mingw64,mingw-w64-x86_64-gitweb,build-depends-on,mingw-w64-x86_64-cc,
mingw64,mingw-w64-x86_64-gl2ps,build-depends-on,mingw-w64-x86_64-cc,
mingw64,mingw-w64-x86_64-glab,build-depends-on,mingw-w64-x86_64-cc,
mingw64,mingw-w64-x86_64-glade,build-depends-on,mingw-w64-x86_64-cc,
mingw64,mingw-w64-x86_64-glaze,build-depends-on,mingw-w64-x86_64-cc,
mingw64,mingw-w64-x86_64-glbinding,build-depends-on,mingw-w64-x86_64-cc,
mingw64,mingw-w64-x86_64-glew,build-depends-on,mingw-w64-x86_64-cc,
mingw64,mingw-w64-x86_64-glfw,build-depends-on,mingw-w64-x86_64-cc,
mingw64,mingw-w64-x86_64-glfw-docs,build-depends-on,mingw-w64-x86_64-cc,
mingw64,mingw-w64-x86_64-glib-networking,build-depends-on,mingw-w64-x86_64-cc,
mingw64,mingw-w64-x86_64-glib2,build-depends-on,mingw-w64-x86_64-cc,
mingw64,mingw-w64-x86_64-glibmm,build-depends-on,mingw-w64-x86_64-cc,
mingw64,mingw-w64-x86_64-glibmm-2.68,build-depends-on,mingw-w64-x86_64-cc,
mingw64,mingw-w64-x86_64-glm,build-depends-on,mingw-w64-x86_64-cc,
mingw64,mingw-w64-x86_64-global,build-depends-on,mingw-w64-x86_64-cc,
mingw64,mingw-w64-x86_64-globjects,build-depends-on,mingw-w64-x86_64-cc,
mingw64,mingw-w64-x86_64-glog,build-depends-on,mingw-w64-x86_64-cc,
mingw64,mingw-w64-x86_64-glpk,build-depends-on,mingw-w64-x86_64-cc,
mingw64,mingw-w64-x86_64-glsl-optimizer,build-depends-on,mingw-w64-x86_64-cc,
mingw64,mingw-w64-x86_64-glslang,build-depends-on,mingw-w64-x86_64-cc,
mingw64,mingw-w64-x86_64-glslviewer,build-depends-on,mingw-w64-x86_64-cc,
mingw64,mingw-w64-x86_64-gmic,build-depends-on,mingw-w64-x86_64-cc,
mingw64,mingw-w64-x86_64-gmime,build-depends-on,mingw-w64-x86_64-cc,
mingw64,mingw-w64-x86_64-gmp,build-depends-on,mingw-w64-x86_64-cc,
mingw64,mingw-w64-x86_64-gmsh,build-depends-on,mingw-w64-x86_64-cc,
mingw64,mingw-w64-x86_64-gn,build-depends-on,mingw-w64-x86_64-cc,
mingw64,mingw-w64-x86_64-gnatcoll-gmp,build-depends-on,mingw-w64-x86_64-omp,
mingw64,mingw-w64-x86_64-gnatcoll-iconv,build-depends-on,mingw-w64-x86_64-omp,
mingw64,mingw-w64-x86_64-gnatcoll-lzma,build-depends-on,mingw-w64-x86_64-omp,
mingw64,mingw-w64-x86_64-gnatcoll-omp,build-depends-on,mingw-w64-x86_64-omp,
mingw64,mingw-w64-x86_64-gnatcoll-python,build-depends-on,mingw-w64-x86_64-omp,
mingw64,mingw-w64-x86_64-gnatcoll-readline,build-depends-on,mingw-w64-x86_64-omp,
mingw64,mingw-w64-x86_64-gnatcoll-zlib,build-depends-on,mingw-w64-x86_64-omp,
mingw64,mingw-w64-x86_64-gnome-calculator,build-depends-on,mingw-w64-x86_64-cc,
mingw64,mingw-w64-x86_64-gnome-text-editor,build-depends-on,mingw-w64-x86_64-cc,
mingw64,mingw-w64-x86_64-gnupg,build-depends-on,mingw-w64-x86_64-cc,
mingw64,mingw-w64-x86_64-gnuplot,build-depends-on,mingw-w64-x86_64-cc,
mingw64,mingw-w64-x86_64-gnuradio,build-depends-on,mingw-w64-x86_64-cc,
mingw64,mingw-w64-x86_64-gnutls,build-depends-on,mingw-w64-x86_64-cc,
mingw64,mingw-w64-x86_64-go,build-depends-on,mingw-w64-x86_64-cc,
mingw64,mingw-w64-x86_64-gobject-introspection,build-depends-on,mingw-w64-x86_64-cc,
mingw64,mingw-w64-x86_64-gobject-introspection-runtime,build-depends-on,mingw-w64-x86_64-cc,
mingw64,mingw-w64-x86_64-godot,build-depends-on,mingw-w64-x86_64-cc,
mingw64,mingw-w64-x86_64-godot-cpp,build-depends-on,mingw-w64-x86_64-cc,
mingw64,mingw-w64-x86_64-goocanvas,build-depends-on,mingw-w64-x86_64-cc,
mingw64,mingw-w64-x86_64-goxel,build-depends-on,mingw-w64-x86_64-cc,
mingw64,mingw-w64-x86_64-gperf,build-depends-on,mingw-w64-x86_64-cc,
mingw64,mingw-w64-x86_64-gpgme,build-depends-on,mingw-w64-x86_64-cc,
mingw64,mingw-w64-x86_64-gphoto2,build-depends-on,mingw-w64-x86_64-cc,
mingw64,mingw-w64-x86_64-gplugin,build-depends-on,mingw-w64-x86_64-cc,
mingw64,mingw-w64-x86_64-gplugin,build-depends-on,mingw-w64-x86_64-gettext,
mingw64,mingw-w64-x86_64-gprbuild,build-depends-on,mingw-w64-x86_64-gprbuild-bootstrap-git,
mingw64,mingw-w64-x86_64-gptfdisk,build-depends-on,mingw-w64-x86_64-cc,
mingw64,mingw-w64-x86_64-gputils,build-depends-on,mingw-w64-x86_64-cc,
mingw64,mingw-w64-x86_64-gr,build-depends-on,mingw-w64-x86_64-cc,
mingw64,mingw-w64-x86_64-granite,build-depends-on,mingw-w64-x86_64-cc,
mingw64,mingw-w64-x86_64-granite7,build-depends-on,mingw-w64-x86_64-cc,
mingw64,mingw-w64-x86_64-grantlee,build-depends-on,mingw-w64-x86_64-cc,
mingw64,mingw-w64-x86_64-graphene,build-depends-on,mingw-w64-x86_64-cc,
mingw64,mingw-w64-x86_64-graphicsmagick,build-depends-on,mingw-w64-x86_64-cc,
mingw64,mingw-w64-x86_64-graphite2,build-depends-on,mingw-w64-x86_64-cc,
mingw64,mingw-w64-x86_64-graphviz,build-depends-on,mingw-w64-x86_64-cc,
mingw64,mingw-w64-x86_64-graphviz-docs,build-depends-on,mingw-w64-x86_64-cc,
mingw64,mingw-w64-x86_64-grep,build-depends-on,mingw-w64-x86_64-cc,
mingw64,mingw-w64-x86_64-groonga,build-depends-on,mingw-w64-x86_64-cc,
mingw64,mingw-w64-x86_64-groonga,build-depends-on,mingw-w64-x86_64-omp,
mingw64,mingw-w64-x86_64-grpc,build-depends-on,mingw-w64-x86_64-cc,
mingw64,mingw-w64-x86_64-grype,build-depends-on,mingw-w64-x86_64-cc,
mingw64,mingw-w64-x86_64-gsasl,build-depends-on,mingw-w64-x86_64-cc,
mingw64,mingw-w64-x86_64-gsettings-desktop-schemas,build-depends-on,mingw-w64-x86_64-cc,
mingw64,mingw-w64-x86_64-gsl,build-depends-on,mingw-w64-x86_64-cc,
mingw64,mingw-w64-x86_64-gsl-lite,build-depends-on,mingw-w64-x86_64-cc,
mingw64,mingw-w64-x86_64-gsm,build-depends-on,mingw-w64-x86_64-cc,
mingw64,mingw-w64-x86_64-gsoap,build-depends-on,mingw-w64-x86_64-cc,
mingw64,mingw-w64-x86_64-gspell,build-depends-on,mingw-w64-x86_64-cc,
mingw64,mingw-w64-x86_64-gss,build-depends-on,mingw-w64-x86_64-cc,
mingw64,mingw-w64-x86_64-gssdp,build-depends-on,mingw-w64-x86_64-cc,
mingw64,mingw-w64-x86_64-gssdp-docs,build-depends-on,mingw-w64-x86_64-cc,
mingw64,mingw-w64-x86_64-gst-devtools,build-depends-on,mingw-w64-x86_64-cc,
mingw64,mingw-w64-x86_64-gst-editing-services,build-depends-on,mingw-w64-x86_64-cc,
mingw64,mingw-w64-x86_64-gst-libav,build-depends-on,mingw-w64-x86_64-cc,
mingw64,mingw-w64-x86_64-gst-plugin-gtk,build-depends-on,mingw-w64-x86_64-cc,
mingw64,mingw-w64-x86_64-gst-plugin-opencv,build-depends-on,mingw-w64-x86_64-cc,
mingw64,mingw-w64-x86_64-gst-plugin-opencv,build-depends-on,mingw-w64-x86_64-libjpeg,
mingw64,mingw-w64-x86_64-gst-plugins-bad,build-depends-on,mingw-w64-x86_64-cc,
mingw64,mingw-w64-x86_64-gst-plugins-bad,build-depends-on,mingw-w64-x86_64-libjpeg,
mingw64,mingw-w64-x86_64-gst-plugins-bad-libs,build-depends-on,mingw-w64-x86_64-cc,
mingw64,mingw-w64-x86_64-gst-plugins-bad-libs,build-depends-on,mingw-w64-x86_64-libjpeg,
mingw64,mingw-w64-x86_64-gst-plugins-base,build-depends-on,mingw-w64-x86_64-cc,
mingw64,mingw-w64-x86_64-gst-plugins-good,build-depends-on,mingw-w64-x86_64-cc,
mingw64,mingw-w64-x86_64-gst-plugins-ugly,build-depends-on,mingw-w64-x86_64-cc,
mingw64,mingw-w64-x86_64-gst-python,build-depends-on,mingw-w64-x86_64-cc,
mingw64,mingw-w64-x86_64-gst-rtsp-server,build-depends-on,mingw-w64-x86_64-cc,
mingw64,mingw-w64-x86_64-gstreamer,build-depends-on,mingw-w64-x86_64-cc,
mingw64,mingw-w64-x86_64-gtest,build-depends-on,mingw-w64-x86_64-cc,
mingw64,mingw-w64-x86_64-gtk-doc,build-depends-on,mingw-w64-x86_64-cc,
mingw64,mingw-w64-x86_64-gtk-update-icon-cache,build-depends-on,mingw-w64-x86_64-cc,
mingw64,mingw-w64-x86_64-gtk-vnc,build-depends-on,mingw-w64-x86_64-cc,
mingw64,mingw-w64-x86_64-gtk2,build-depends-on,mingw-w64-x86_64-cc,
mingw64,mingw-w64-x86_64-gtk3,build-depends-on,mingw-w64-x86_64-cc,
mingw64,mingw-w64-x86_64-gtk4,build-depends-on,mingw-w64-x86_64-cc,
mingw64,mingw-w64-x86_64-gtkmm-4.0,build-depends-on,mingw-w64-x86_64-cc,
mingw64,mingw-w64-x86_64-gtkmm3,build-depends-on,mingw-w64-x86_64-cc,
mingw64,mingw-w64-x86_64-gtksourceview3,build-depends-on,mingw-w64-x86_64-cc,
mingw64,mingw-w64-x86_64-gtksourceview4,build-depends-on,mingw-w64-x86_64-cc,
mingw64,mingw-w64-x86_64-gtksourceview5,build-depends-on,mingw-w64-x86_64-cc,
mingw64,mingw-w64-x86_64-gtksourceviewmm3,build-depends-on,mingw-w64-x86_64-cc,
mingw64,mingw-w64-x86_64-gtkspell3,build-depends-on,mingw-w64-x86_64-cc,
mingw64,mingw-w64-x86_64-gtkwave,build-depends-on,mingw-w64-x86_64-cc,
mingw64,mingw-w64-x86_64-gtkwave,build-depends-on,perlxml,
mingw64,mingw-w64-x86_64-gts,build-depends-on,mingw-w64-x86_64-cc,
mingw64,mingw-w64-x86_64-gumbo-parser,build-depends-on,mingw-w64-x86_64-cc,
mingw64,mingw-w64-x86_64-gxml,build-depends-on,mingw-w64-x86_64-cc,
mingw64,mingw-w64-x86_64-hackrf,build-depends-on,mingw-w64-x86_64-cc,
mingw64,mingw-w64-x86_64-harfbuzz,build-depends-on,mingw-w64-x86_64-cc,
mingw64,mingw-w64-x86_64-harfbuzz-cairo,build-depends-on,mingw-w64-x86_64-cc,
mingw64,mingw-w64-x86_64-harfbuzz-docs,build-depends-on,mingw-w64-x86_64-cc,
mingw64,mingw-w64-x86_64-harfbuzz-icu,build-depends-on,mingw-w64-x86_64-cc,
mingw64,mingw-w64-x86_64-harfbuzz-utils,build-depends-on,mingw-w64-x86_64-cc,
mingw64,mingw-w64-x86_64-hclient,build-depends-on,mingw-w64-x86_64-cc,
mingw64,mingw-w64-x86_64-hdf4,build-depends-on,mingw-w64-x86_64-cc,
mingw64,mingw-w64-x86_64-hdf4,build-depends-on,mingw-w64-x86_64-fc,
mingw64,mingw-w64-x86_64-hdf5,build-depends-on,mingw-w64-x86_64-cc,
mingw64,mingw-w64-x86_64-hdf5,build-depends-on,mingw-w64-x86_64-fc,
mingw64,mingw-w64-x86_64-heimdall,build-depends-on,mingw-w64-x86_64-cc,
mingw64,mingw-w64-x86_64-helics,build-depends-on,mingw-w64-x86_64-cc,
mingw64,mingw-w64-x86_64-hexchat,build-depends-on,mingw-w64-x86_64-cc,
mingw64,mingw-w64-x86_64-hid-bootloader-cli,build-depends-on,mingw-w64-x86_64-cc,
mingw64,mingw-w64-x86_64-hidapi,build-depends-on,mingw-w64-x86_64-cc,
mingw64,mingw-w64-x86_64-hidapitester,build-depends-on,mingw-w64-x86_64-cc,
mingw64,mingw-w64-x86_64-highfive,build-depends-on,mingw-w64-x86_64-cc,
mingw64,mingw-w64-x86_64-highlight,build-depends-on,mingw-w64-x86_64-cc,
mingw64,mingw-w64-x86_64-highs,build-depends-on,mingw-w64-x86_64-cc,
mingw64,mingw-w64-x86_64-highs,build-depends-on,mingw-w64-x86_64-fc,
mingw64,mingw-w64-x86_64-highway,build-depends-on,mingw-w64-x86_64-cc,
mingw64,mingw-w64-x86_64-hiredis,build-depends-on,mingw-w64-x86_64-cc,
mingw64,mingw-w64-x86_64-hlsl2glsl,build-depends-on,mingw-w64-x86_64-cc,
mingw64,mingw-w64-x86_64-htslib,build-depends-on,mingw-w64-x86_64-cc,
mingw64,mingw-w64-x86_64-http-parser,build-depends-on,mingw-w64-x86_64-cc,
mingw64,mingw-w64-x86_64-hugo,build-depends-on,mingw-w64-x86_64-cc,
mingw64,mingw-w64-x86_64-hunspell,build-depends-on,mingw-w64-x86_64-cc,
mingw64,mingw-w64-x86_64-hwloc,build-depends-on,mingw-w64-x86_64-cc,
mingw64,mingw-w64-x86_64-hyphen,build-depends-on,mingw-w64-x86_64-cc,
mingw64,mingw-w64-x86_64-hyphen-en,build-depends-on,mingw-w64-x86_64-cc,
mingw64,mingw-w64-x86_64-hypre,build-depends-on,mingw-w64-x86_64-cc,
mingw64,mingw-w64-x86_64-i2pd,build-depends-on,mingw-w64-x86_64-cc,
mingw64,mingw-w64-x86_64-icesprog,build-depends-on,mingw-w64-x86_64-cc,
mingw64,mingw-w64-x86_64-icestorm,build-depends-on,mingw-w64-x86_64-cc,
mingw64,mingw-w64-x86_64-iconv,build-depends-on,mingw-w64-x86_64-cc,
mingw64,mingw-w64-x86_64-icoutils,build-depends-on,mingw-w64-x86_64-cc,
mingw64,mingw-w64-x86_64-icu,build-depends-on,mingw-w64-x86_64-cc,
mingw64,mingw-w64-x86_64-id3lib,build-depends-on,mingw-w64-x86_64-cc,
mingw64,mingw-w64-x86_64-ideviceinstaller,build-depends-on,mingw-w64-x86_64-cc,
mingw64,mingw-w64-x86_64-idevicerestore,build-depends-on,mingw-w64-x86_64-cc,
mingw64,mingw-w64-x86_64-igraph,build-depends-on,mingw-w64-x86_64-cc,
mingw64,mingw-w64-x86_64-iir,build-depends-on,mingw-w64-x86_64-cc,
mingw64,mingw-w64-x86_64-imagemagick,build-depends-on,mingw-w64-x86_64-cc,
mingw64,mingw-w64-x86_64-imagemagick-docs,build-depends-on,mingw-w64-x86_64-cc,
mingw64,mingw-w64-x86_64-imath,build-depends-on,mingw-w64-x86_64-cc,
mingw64,mingw-w64-x86_64-iml,build-depends-on,mingw-w64-x86_64-cc,
mingw64,mingw-w64-x86_64-immer,build-depends-on,mingw-w64-x86_64-cc,
mingw64,mingw-w64-x86_64-include-what-you-use,build-depends-on,mingw-w64-x86_64-cc,
mingw64,mingw-w64-x86_64-indent,build-depends-on,mingw-w64-x86_64-cc,
mingw64,mingw-w64-x86_64-inja,build-depends-on,mingw-w64-x86_64-cc,
mingw64,mingw-w64-x86_64-inkscape,build-depends-on,mingw-w64-x86_64-cc,
mingw64,mingw-w64-x86_64-innoextract,build-depends-on,mingw-w64-x86_64-cc,
mingw64,mingw-w64-x86_64-intel-xed,build-depends-on,mingw-w64-x86_64-cc,
mingw64,mingw-w64-x86_64-irrlicht,build-depends-on,mingw-w64-x86_64-cc,
mingw64,mingw-w64-x86_64-isa-l,build-depends-on,mingw-w64-x86_64-cc,
mingw64,mingw-w64-x86_64-isl,build-depends-on,mingw-w64-x86_64-cc,
mingw64,mingw-w64-x86_64-ispc,build-depends-on,mingw-w64-x86_64-cc,
mingw64,mingw-w64-x86_64-itk,build-depends-on,mingw-w64-x86_64-cc,
mingw64,mingw-w64-x86_64-itstool,build-depends-on,mingw-w64-x86_64-cc,
mingw64,mingw-w64-x86_64-iverilog,build-depends-on,mingw-w64-x86_64-cc,
mingw64,mingw-w64-x86_64-jack2,build-depends-on,mingw-w64-x86_64-cc,
mingw64,mingw-w64-x86_64-jansson,build-depends-on,mingw-w64-x86_64-cc,
mingw64,mingw-w64-x86_64-jasper,build-depends-on,mingw-w64-x86_64-cc,
mingw64,mingw-w64-x86_64-jasper-docs,build-depends-on,mingw-w64-x86_64-cc,
mingw64,mingw-w64-x86_64-jbig2dec,build-depends-on,mingw-w64-x86_64-cc,
mingw64,mingw-w64-x86_64-jbigkit,build-depends-on,mingw-w64-x86_64-cc,
mingw64,mingw-w64-x86_64-jemalloc,build-depends-on,mingw-w64-x86_64-cc,
mingw64,mingw-w64-x86_64-jo,build-depends-on,mingw-w64-x86_64-cc,
mingw64,mingw-w64-x86_64-jolt-physics,build-depends-on,mingw-w64-x86_64-cc,
mingw64,mingw-w64-x86_64-jom,build-depends-on,mingw-w64-x86_64-cc,
mingw64,mingw-w64-x86_64-jp2-pixbuf-loader,build-depends-on,mingw-w64-x86_64-cc,
mingw64,mingw-w64-x86_64-jpegoptim,build-depends-on,mingw-w64-x86_64-cc,
mingw64,mingw-w64-x86_64-jq,build-depends-on,mingw-w64-x86_64-cc,
mingw64,mingw-w64-x86_64-json-c,build-depends-on,mingw-w64-x86_64-cc,
mingw64,mingw-w64-x86_64-json-glib,build-depends-on,mingw-w64-x86_64-cc,
mingw64,mingw-w64-x86_64-jsoncpp,build-depends-on,mingw-w64-x86_64-cc,
mingw64,mingw-w64-x86_64-jsonnet,build-depends-on,mingw-w64-x86_64-cc,
mingw64,mingw-w64-x86_64-jsonrpc-glib,build-depends-on,mingw-w64-x86_64-cc,
mingw64,mingw-w64-x86_64-jsonrpc-glib-docs,build-depends-on,mingw-w64-x86_64-cc,
mingw64,mingw-w64-x86_64-judy,build-depends-on,mingw-w64-x86_64-cc,
mingw64,mingw-w64-x86_64-jxrlib,build-depends-on,mingw-w64-x86_64-cc,
mingw64,mingw-w64-x86_64-kdstatemachineeditor,build-depends-on,mingw-w64-x86_64-cc,
mingw64,mingw-w64-x86_64-keepassxc,build-depends-on,mingw-w64-x86_64-cc,
mingw64,mingw-w64-x86_64-keystone,build-depends-on,mingw-w64-x86_64-cc,
mingw64,mingw-w64-x86_64-kiss_fft,build-depends-on,mingw-w64-x86_64-cc,
mingw64,mingw-w64-x86_64-krpc-cpp,build-depends-on,mingw-w64-x86_64-cc,
mingw64,mingw-w64-x86_64-kseexpr,build-depends-on,mingw-w64-x86_64-cc,
mingw64,mingw-w64-x86_64-ktx-software,build-depends-on,mingw-w64-x86_64-cc,
mingw64,mingw-w64-x86_64-kvazaar,build-depends-on,mingw-w64-x86_64-cc,
mingw64,mingw-w64-x86_64-l-smash,build-depends-on,mingw-w64-x86_64-cc,
mingw64,mingw-w64-x86_64-lager,build-depends-on,mingw-w64-x86_64-cc,
mingw64,mingw-w64-x86_64-lame,build-depends-on,mingw-w64-x86_64-cc,
mingw64,mingw-w64-x86_64-lapack,build-depends-on,mingw-w64-x86_64-cc,
mingw64,mingw-w64-x86_64-lapack,build-depends-on,mingw-w64-x86_64-fc,
mingw64,mingw-w64-x86_64-lapack64,build-depends-on,mingw-w64-x86_64-cc,
mingw64,mingw-w64-x86_64-lapack64,build-depends-on,mingw-w64-x86_64-fc,
mingw64,mingw-w64-x86_64-lapacke,build-depends-on,mingw-w64-x86_64-cc,
mingw64,mingw-w64-x86_64-lapacke,build-depends-on,mingw-w64-x86_64-fc,
mingw64,mingw-w64-x86_64-lapacke64,build-depends-on,mingw-w64-x86_64-cc,
mingw64,mingw-w64-x86_64-lapacke64,build-depends-on,mingw-w64-x86_64-fc,
mingw64,mingw-w64-x86_64-lasem,build-depends-on,mingw-w64-x86_64-cc,
mingw64,mingw-w64-x86_64-laszip,build-depends-on,mingw-w64-x86_64-cc,
mingw64,mingw-w64-x86_64-lcms2,build-depends-on,mingw-w64-x86_64-cc,
mingw64,mingw-w64-x86_64-ldns,build-depends-on,mingw-w64-x86_64-cc,
mingw64,mingw-w64-x86_64-ledger,build-depends-on,mingw-w64-x86_64-cc,
mingw64,mingw-w64-x86_64-lensfun,build-depends-on,mingw-w64-x86_64-cc,
mingw64,mingw-w64-x86_64-leocad,build-depends-on,mingw-w64-x86_64-cc,
mingw64,mingw-w64-x86_64-leptonica,build-depends-on,mingw-w64-x86_64-cc,
mingw64,mingw-w64-x86_64-lerc,build-depends-on,mingw-w64-x86_64-cc,
mingw64,mingw-w64-x86_64-level-zero-headers,build-depends-on,mingw-w64-x86_64-cc,
mingw64,mingw-w64-x86_64-level-zero-loader,build-depends-on,mingw-w64-x86_64-cc,
mingw64,mingw-w64-x86_64-leveldb,build-depends-on,mingw-w64-x86_64-cc,
mingw64,mingw-w64-x86_64-lexbor,build-depends-on,mingw-w64-x86_64-cc,
mingw64,mingw-w64-x86_64-lf,build-depends-on,mingw-w64-x86_64-cc,
mingw64,mingw-w64-x86_64-lfcbase,build-depends-on,mingw-w64-x86_64-cc,
mingw64,mingw-w64-x86_64-lfcxml,build-depends-on,mingw-w64-x86_64-cc,
mingw64,mingw-w64-x86_64-lfortran,build-depends-on,mingw-w64-x86_64-cc,
mingw64,mingw-w64-x86_64-lib2geom,build-depends-on,mingw-w64-x86_64-cc,
mingw64,mingw-w64-x86_64-lib3mf,build-depends-on,mingw-w64-x86_64-cc,
mingw64,mingw-w64-x86_64-libaacs,build-depends-on,mingw-w64-x86_64-cc,
mingw64,mingw-w64-x86_64-libad9361-iio,build-depends-on,mingw-w64-x86_64-cc,
mingw64,mingw-w64-x86_64-libadwaita,build-depends-on,mingw-w64-x86_64-cc,
mingw64,mingw-w64-x86_64-libaec,build-depends-on,mingw-w64-x86_64-cc,
mingw64,mingw-w64-x86_64-libarchive,build-depends-on,mingw-w64-x86_64-cc,
mingw64,mingw-w64-x86_64-libaribcaption,build-depends-on,mingw-w64-x86_64-cc,
mingw64,mingw-w64-x86_64-libart_lgpl,build-depends-on,mingw-w64-x86_64-cc,
mingw64,mingw-w64-x86_64-libass,build-depends-on,mingw-w64-x86_64-cc,
mingw64,mingw-w64-x86_64-libassuan,build-depends-on,mingw-w64-x86_64-cc,
mingw64,mingw-w64-x86_64-libatomic_ops,build-depends-on,mingw-w64-x86_64-cc,
mingw64,mingw-w64-x86_64-libavif,build-depends-on,mingw-w64-x86_64-cc,
mingw64,mingw-w64-x86_64-libavro,build-depends-on,mingw-w64-x86_64-cc,
mingw64,mingw-w64-x86_64-libb2,build-depends-on,mingw-w64-x86_64-cc,
mingw64,mingw-w64-x86_64-libb64,build-depends-on,mingw-w64-x86_64-cc,
mingw64,mingw-w64-x86_64-libbacktrace,build-depends-on,mingw-w64-x86_64-cc,
mingw64,mingw-w64-x86_64-libbdplus,build-depends-on,mingw-w64-x86_64-cc,
mingw64,mingw-w64-x86_64-libblake3,build-depends-on,mingw-w64-x86_64-cc,
mingw64,mingw-w64-x86_64-libbluray,build-depends-on,mingw-w64-x86_64-cc,
mingw64,mingw-w64-x86_64-libbotan,build-depends-on,mingw-w64-x86_64-cc,
mingw64,mingw-w64-x86_64-libbs2b,build-depends-on,mingw-w64-x86_64-cc,
mingw64,mingw-w64-x86_64-libbsdf,build-depends-on,mingw-w64-x86_64-cc,
mingw64,mingw-w64-x86_64-libcaca,build-depends-on,mingw-w64-x86_64-cc,
mingw64,mingw-w64-x86_64-libcacard,build-depends-on,mingw-w64-x86_64-cc,
mingw64,mingw-w64-x86_64-libcbor,build-depends-on,mingw-w64-x86_64-cc,
mingw64,mingw-w64-x86_64-libcddb,build-depends-on,mingw-w64-x86_64-cc,
mingw64,mingw-w64-x86_64-libcdio,build-depends-on,mingw-w64-x86_64-cc,
mingw64,mingw-w64-x86_64-libcdio-paranoia,build-depends-on,mingw-w64-x86_64-cc,
mingw64,mingw-w64-x86_64-libcdr,build-depends-on,mingw-w64-x86_64-cc,
mingw64,mingw-w64-x86_64-libcello,build-depends-on,mingw-w64-x86_64-cc,
mingw64,mingw-w64-x86_64-libcerf,build-depends-on,mingw-w64-x86_64-cc,
mingw64,mingw-w64-x86_64-libcloudproviders,build-depends-on,mingw-w64-x86_64-cc,
mingw64,mingw-w64-x86_64-libconfig,build-depends-on,mingw-w64-x86_64-cc,
mingw64,mingw-w64-x86_64-libconfini,build-depends-on,mingw-w64-x86_64-cc,
mingw64,mingw-w64-x86_64-libcue,build-depends-on,mingw-w64-x86_64-cc,
mingw64,mingw-w64-x86_64-libdatrie,build-depends-on,mingw-w64-x86_64-cc,
mingw64,mingw-w64-x86_64-libdatrie-docs,build-depends-on,mingw-w64-x86_64-cc,
mingw64,mingw-w64-x86_64-libdazzle,build-depends-on,mingw-w64-x86_64-cc,
mingw64,mingw-w64-x86_64-libdca,build-depends-on,mingw-w64-x86_64-cc,
mingw64,mingw-w64-x86_64-libde265,build-depends-on,mingw-w64-x86_64-SDL2,
mingw64,mingw-w64-x86_64-libde265,build-depends-on,mingw-w64-x86_64-cc,
mingw64,mingw-w64-x86_64-libdeflate,build-depends-on,mingw-w64-x86_64-cc,
mingw64,mingw-w64-x86_64-libdex,build-depends-on,mingw-w64-x86_64-cc,
mingw64,mingw-w64-x86_64-libdicom,build-depends-on,mingw-w64-x86_64-cc,
mingw64,mingw-w64-x86_64-libdiscid,build-depends-on,mingw-w64-x86_64-cc,
mingw64,mingw-w64-x86_64-libdmtx,build-depends-on,mingw-w64-x86_64-cc,
mingw64,mingw-w64-x86_64-libdsm,build-depends-on,mingw-w64-x86_64-cc,
mingw64,mingw-w64-x86_64-libdvbpsi,build-depends-on,mingw-w64-x86_64-cc,
mingw64,mingw-w64-x86_64-libdvdcss,build-depends-on,mingw-w64-x86_64-cc,
mingw64,mingw-w64-x86_64-libdvdnav,build-depends-on,mingw-w64-x86_64-cc,
mingw64,mingw-w64-x86_64-libdvdread,build-depends-on,mingw-w64-x86_64-cc,
mingw64,mingw-w64-x86_64-libdwarf,build-depends-on,mingw-w64-x86_64-cc,
mingw64,mingw-w64-x86_64-libebml,build-depends-on,mingw-w64-x86_64-cc,
mingw64,mingw-w64-x86_64-libebur128,build-depends-on,mingw-w64-x86_64-cc,
mingw64,mingw-w64-x86_64-libelf,build-depends-on,mingw-w64-x86_64-cc,
mingw64,mingw-w64-x86_64-libepoxy,build-depends-on,mingw-w64-x86_64-cc,
mingw64,mingw-w64-x86_64-liberime,build-depends-on,mingw-w64-x86_64-cc,
mingw64,mingw-w64-x86_64-libevent,build-depends-on,mingw-w64-x86_64-cc,
mingw64,mingw-w64-x86_64-libexif,build-depends-on,mingw-w64-x86_64-cc,
mingw64,mingw-w64-x86_64-libexodus,build-depends-on,mingw-w64-x86_64-cc,
mingw64,mingw-w64-x86_64-libexodus,build-depends-on,mingw-w64-x86_64-fc,
mingw64,mingw-w64-x86_64-libffi,build-depends-on,mingw-w64-x86_64-cc,
mingw64,mingw-w64-x86_64-libfido2,build-depends-on,mingw-w64-x86_64-cc,
mingw64,mingw-w64-x86_64-libfilezilla,build-depends-on,mingw-w64-x86_64-cc,
mingw64,mingw-w64-x86_64-libfilezilla,build-depends-on,mingw-w64-x86_64-gettext,
mingw64,mingw-w64-x86_64-libfreexl,build-depends-on,mingw-w64-x86_64-cc,
mingw64,mingw-w64-x86_64-libftdi,build-depends-on,mingw-w64-x86_64-cc,
mingw64,mingw-w64-x86_64-libfyaml,build-depends-on,mingw-w64-x86_64-cc,
mingw64,mingw-w64-x86_64-libgadu,build-depends-on,mingw-w64-x86_64-cc,
mingw64,mingw-w64-x86_64-libgcrypt,build-depends-on,mingw-w64-x86_64-cc,
mingw64,mingw-w64-x86_64-libgd,build-depends-on,mingw-w64-x86_64-cc,
mingw64,mingw-w64-x86_64-libgda,build-depends-on,mingw-w64-x86_64-cc,
mingw64,mingw-w64-x86_64-libgdiplus,build-depends-on,mingw-w64-x86_64-cc,
mingw64,mingw-w64-x86_64-libgedit-amtk,build-depends-on,mingw-w64-x86_64-cc,
mingw64,mingw-w64-x86_64-libgedit-amtk-docs,build-depends-on,mingw-w64-x86_64-cc,
mingw64,mingw-w64-x86_64-libgedit-gfls,build-depends-on,mingw-w64-x86_64-cc,
mingw64,mingw-w64-x86_64-libgedit-gfls-docs,build-depends-on,mingw-w64-x86_64-cc,
mingw64,mingw-w64-x86_64-libgedit-gtksourceview,build-depends-on,mingw-w64-x86_64-cc,
mingw64,mingw-w64-x86_64-libgedit-tepl,build-depends-on,mingw-w64-x86_64-cc,
mingw64,mingw-w64-x86_64-libgedit-tepl-docs,build-depends-on,mingw-w64-x86_64-cc,
mingw64,mingw-w64-x86_64-libgee,build-depends-on,mingw-w64-x86_64-cc,
mingw64,mingw-w64-x86_64-libgeotiff,build-depends-on,mingw-w64-x86_64-cc,
mingw64,mingw-w64-x86_64-libgig,build-depends-on,mingw-w64-x86_64-cc,
mingw64,mingw-w64-x86_64-libgit2,build-depends-on,mingw-w64-x86_64-cc,
mingw64,mingw-w64-x86_64-libgit2-glib,build-depends-on,mingw-w64-x86_64-cc,
mingw64,mingw-w64-x86_64-libgit2-glib-docs,build-depends-on,mingw-w64-x86_64-cc,
mingw64,mingw-w64-x86_64-libgit2-winhttp,build-depends-on,mingw-w64-x86_64-cc,
mingw64,mingw-w64-x86_64-libgme,build-depends-on,mingw-w64-x86_64-cc,
mingw64,mingw-w64-x86_64-libgnurx,build-depends-on,mingw-w64-x86_64-cc,
mingw64,mingw-w64-x86_64-libgoom2,build-depends-on,mingw-w64-x86_64-cc,
mingw64,mingw-w64-x86_64-libgovirt,build-depends-on,mingw-w64-x86_64-cc,
mingw64,mingw-w64-x86_64-libgpg-error,build-depends-on,mingw-w64-x86_64-cc,
mingw64,mingw-w64-x86_64-libgphoto2,build-depends-on,mingw-w64-x86_64-cc,
mingw64,mingw-w64-x86_64-libgsf,build-depends-on,mingw-w64-x86_64-cc,
mingw64,mingw-w64-x86_64-libguess,build-depends-on,mingw-w64-x86_64-cc,
mingw64,mingw-w64-x86_64-libgusb,build-depends-on,mingw-w64-x86_64-cc,
mingw64,mingw-w64-x86_64-libgweather,build-depends-on,mingw-w64-x86_64-cc,
mingw64,mingw-w64-x86_64-libgxps,build-depends-on,mingw-w64-x86_64-cc,
mingw64,mingw-w64-x86_64-libhandy,build-depends-on,mingw-w64-x86_64-cc,
mingw64,mingw-w64-x86_64-libhandy-docs,build-depends-on,mingw-w64-x86_64-cc,
mingw64,mingw-w64-x86_64-libharu,build-depends-on,mingw-w64-x86_64-cc,
mingw64,mingw-w64-x86_64-libheif,build-depends-on,mingw-w64-x86_64-cc,
mingw64,mingw-w64-x86_64-libical,build-depends-on,mingw-w64-x86_64-cc,
mingw64,mingw-w64-x86_64-libiconv,build-depends-on,mingw-w64-x86_64-cc,
mingw64,mingw-w64-x86_64-libicsneo,build-depends-on,mingw-w64-x86_64-cc,
mingw64,mingw-w64-x86_64-libid3tag,build-depends-on,mingw-w64-x86_64-cc,
mingw64,mingw-w64-x86_64-libidl2,build-depends-on,mingw-w64-x86_64-cc,
mingw64,mingw-w64-x86_64-libidn,build-depends-on,mingw-w64-x86_64-cc,
mingw64,mingw-w64-x86_64-libidn2,build-depends-on,mingw-w64-x86_64-cc,
mingw64,mingw-w64-x86_64-libiff,build-depends-on,mingw-w64-x86_64-cc,
mingw64,mingw-w64-x86_64-libiio,build-depends-on,mingw-w64-x86_64-cc,
mingw64,mingw-w64-x86_64-libilbc,build-depends-on,mingw-w64-x86_64-cc,
mingw64,mingw-w64-x86_64-libilbm,build-depends-on,mingw-w64-x86_64-cc,
mingw64,mingw-w64-x86_64-libimobiledevice,build-depends-on,mingw-w64-x86_64-cc,
mingw64,mingw-w64-x86_64-libimobiledevice-glue,build-depends-on,mingw-w64-x86_64-cc,
mingw64,mingw-w64-x86_64-libinih,build-depends-on,mingw-w64-x86_64-cc,
mingw64,mingw-w64-x86_64-libipt,build-depends-on,mingw-w64-x86_64-cc,
mingw64,mingw-w64-x86_64-libiptcdata,build-depends-on,mingw-w64-x86_64-cc,
mingw64,mingw-w64-x86_64-libirecovery,build-depends-on,mingw-w64-x86_64-cc,
mingw64,mingw-w64-x86_64-libjaylink,build-depends-on,mingw-w64-x86_64-cc,
mingw64,mingw-w64-x86_64-libjpeg-turbo,build-depends-on,mingw-w64-x86_64-cc,
mingw64,mingw-w64-x86_64-libjxl,build-depends-on,mingw-w64-x86_64-cc,
mingw64,mingw-w64-x86_64-libkml,build-depends-on,mingw-w64-x86_64-cc,
mingw64,mingw-w64-x86_64-libkqueue,build-depends-on,mingw-w64-x86_64-cc,
mingw64,mingw-w64-x86_64-libksba,build-depends-on,mingw-w64-x86_64-cc,
mingw64,mingw-w64-x86_64-liblas,build-depends-on,mingw-w64-x86_64-cc,
mingw64,mingw-w64-x86_64-liblastfm,build-depends-on,mingw-w64-x86_64-cc,
mingw64,mingw-w64-x86_64-liblc3,build-depends-on,mingw-w64-x86_64-cc,
mingw64,mingw-w64-x86_64-liblcf,build-depends-on,mingw-w64-x86_64-cc,
mingw64,mingw-w64-x86_64-liblo,build-depends-on,mingw-w64-x86_64-cc,
mingw64,mingw-w64-x86_64-liblqr,build-depends-on,mingw-w64-x86_64-cc,
mingw64,mingw-w64-x86_64-libltdl,build-depends-on,mingw-w64-x86_64-cc,
mingw64,mingw-w64-x86_64-libluv,build-depends-on,mingw-w64-x86_64-cc,
mingw64,mingw-w64-x86_64-libmad,build-depends-on,mingw-w64-x86_64-cc,
mingw64,mingw-w64-x86_64-libmangle,build-depends-on,mingw-w64-x86_64-cc,
mingw64,mingw-w64-x86_64-libmariadbclient,build-depends-on,mingw-w64-x86_64-cc,
mingw64,mingw-w64-x86_64-libmatroska,build-depends-on,mingw-w64-x86_64-cc,
mingw64,mingw-w64-x86_64-libmaxminddb,build-depends-on,mingw-w64-x86_64-cc,
mingw64,mingw-w64-x86_64-libmd,build-depends-on,mingw-w64-x86_64-cc,
mingw64,mingw-w64-x86_64-libmediainfo,build-depends-on,mingw-w64-x86_64-cc,
mingw64,mingw-w64-x86_64-libmem,build-depends-on,mingw-w64-x86_64-cc,
mingw64,mingw-w64-x86_64-libmfx,build-depends-on,mingw-w64-x86_64-cc,
mingw64,mingw-w64-x86_64-libmicrodns,build-depends-on,mingw-w64-x86_64-cc,
mingw64,mingw-w64-x86_64-libmicrohttpd,build-depends-on,mingw-w64-x86_64-cc,
mingw64,mingw-w64-x86_64-libmikmod,build-depends-on,mingw-w64-x86_64-cc,
mingw64,mingw-w64-x86_64-libmimic,build-depends-on,mingw-w64-x86_64-cc,
mingw64,mingw-w64-x86_64-libminpack,build-depends-on,mingw-w64-x86_64-fc,
mingw64,mingw-w64-x86_64-libmng,build-depends-on,mingw-w64-x86_64-cc,
mingw64,mingw-w64-x86_64-libmodbus,build-depends-on,mingw-w64-x86_64-cc,
mingw64,mingw-w64-x86_64-libmodplug,build-depends-on,mingw-w64-x86_64-cc,
mingw64,mingw-w64-x86_64-libmongocrypt,build-depends-on,mingw-w64-x86_64-cc,
mingw64,mingw-w64-x86_64-libmongoose,build-depends-on,mingw-w64-x86_64-cc,
mingw64,mingw-w64-x86_64-libmongoose-docs,build-depends-on,mingw-w64-x86_64-cc,
mingw64,mingw-w64-x86_64-libmowgli,build-depends-on,mingw-w64-x86_64-cc,
mingw64,mingw-w64-x86_64-libmpack,build-depends-on,mingw-w64-x86_64-cc,
mingw64,mingw-w64-x86_64-libmpcdec,build-depends-on,mingw-w64-x86_64-cc,
mingw64,mingw-w64-x86_64-libmpeg2,build-depends-on,mingw-w64-x86_64-cc,
mingw64,mingw-w64-x86_64-libmypaint,build-depends-on,mingw-w64-x86_64-cc,
mingw64,mingw-w64-x86_64-libmysofa,build-depends-on,mingw-w64-x86_64-cc,
mingw64,mingw-w64-x86_64-libnatpmp,build-depends-on,mingw-w64-x86_64-cc,
mingw64,mingw-w64-x86_64-libnfs,build-depends-on,mingw-w64-x86_64-cc,
mingw64,mingw-w64-x86_64-libnice,build-depends-on,mingw-w64-x86_64-cc,
mingw64,mingw-w64-x86_64-libnotify,build-depends-on,mingw-w64-x86_64-cc,
mingw64,mingw-w64-x86_64-libnova,build-depends-on,mingw-w64-x86_64-cc,
mingw64,mingw-w64-x86_64-libnpupnp,build-depends-on,mingw-w64-x86_64-cc,
mingw64,mingw-w64-x86_64-libntlm,build-depends-on,mingw-w64-x86_64-cc,
mingw64,mingw-w64-x86_64-libnumbertext,build-depends-on,mingw-w64-x86_64-cc,
mingw64,mingw-w64-x86_64-liboauth,build-depends-on,mingw-w64-x86_64-cc,
mingw64,mingw-w64-x86_64-libodfgen,build-depends-on,mingw-w64-x86_64-cc,
mingw64,mingw-w64-x86_64-libogg,build-depends-on,mingw-w64-x86_64-cc,
mingw64,mingw-w64-x86_64-libomemo-c,build-depends-on,mingw-w64-x86_64-cc,
mingw64,mingw-w64-x86_64-libopenmpt,build-depends-on,mingw-w64-x86_64-cc,
mingw64,mingw-w64-x86_64-libopenmpt-modplug,build-depends-on,mingw-w64-x86_64-cc,
mingw64,mingw-w64-x86_64-libopusenc,build-depends-on,mingw-w64-x86_64-cc,
mingw64,mingw-w64-x86_64-liboqs,build-depends-on,mingw-w64-x86_64-cc,
mingw64,mingw-w64-x86_64-libosmpbf,build-depends-on,mingw-w64-x86_64-cc,
mingw64,mingw-w64-x86_64-libosmscout,build-depends-on,mingw-w64-x86_64-cc,
mingw64,mingw-w64-x86_64-libotr,build-depends-on,mingw-w64-x86_64-cc,
mingw64,mingw-w64-x86_64-libp11,build-depends-on,mingw-w64-x86_64-cc,
mingw64,mingw-w64-x86_64-libpanel,build-depends-on,mingw-w64-x86_64-cc,
mingw64,mingw-w64-x86_64-libpanel-docs,build-depends-on,mingw-w64-x86_64-cc,
mingw64,mingw-w64-x86_64-libpaper,build-depends-on,mingw-w64-x86_64-cc,
mingw64,mingw-w64-x86_64-libpcap,build-depends-on,mingw-w64-x86_64-cc,
mingw64,mingw-w64-x86_64-libpeas,build-depends-on,mingw-w64-x86_64-cc,
mingw64,mingw-w64-x86_64-libpeas-docs,build-depends-on,mingw-w64-x86_64-cc,
mingw64,mingw-w64-x86_64-libpeas2,build-depends-on,mingw-w64-x86_64-cc,
mingw64,mingw-w64-x86_64-libpeas2-docs,build-depends-on,mingw-w64-x86_64-cc,
mingw64,mingw-w64-x86_64-libplacebo,build-depends-on,mingw-w64-x86_64-cc,
mingw64,mingw-w64-x86_64-libplacebo-demos,build-depends-on,mingw-w64-x86_64-cc,
mingw64,mingw-w64-x86_64-libplist,build-depends-on,mingw-w64-x86_64-cc,
mingw64,mingw-w64-x86_64-libpng,build-depends-on,mingw-w64-x86_64-cc,
mingw64,mingw-w64-x86_64-libpqxx,build-depends-on,mingw-w64-x86_64-cc,
mingw64,mingw-w64-x86_64-libprojectm,build-depends-on,mingw-w64-x86_64-cc,
mingw64,mingw-w64-x86_64-libproxy,build-depends-on,mingw-w64-x86_64-cc,
mingw64,mingw-w64-x86_64-libpsl,build-depends-on,mingw-w64-x86_64-cc,
mingw64,mingw-w64-x86_64-libpst,build-depends-on,mingw-w64-x86_64-cc,
mingw64,mingw-w64-x86_64-libraqm,build-depends-on,mingw-w64-x86_64-cc,
mingw64,mingw-w64-x86_64-librasterlite2,build-depends-on,mingw-w64-x86_64-cc,
mingw64,mingw-w64-x86_64-libraw,build-depends-on,mingw-w64-x86_64-cc,
mingw64,mingw-w64-x86_64-librclone,build-depends-on,mingw-w64-x86_64-cc,
mingw64,mingw-w64-x86_64-librdkafka,build-depends-on,mingw-w64-x86_64-cc,
mingw64,mingw-w64-x86_64-libreplaygain,build-depends-on,mingw-w64-x86_64-cc,
mingw64,mingw-w64-x86_64-libresidfp,build-depends-on,mingw-w64-x86_64-cc,
mingw64,mingw-w64-x86_64-libresprite,build-depends-on,mingw-w64-x86_64-cc,
mingw64,mingw-w64-x86_64-libressl,build-depends-on,mingw-w64-x86_64-cc,
mingw64,mingw-w64-x86_64-librest,build-depends-on,mingw-w64-x86_64-cc,
mingw64,mingw-w64-x86_64-librevenge,build-depends-on,mingw-w64-x86_64-cc,
mingw64,mingw-w64-x86_64-librime,build-depends-on,mingw-w64-x86_64-cc,
mingw64,mingw-w64-x86_64-librist,build-depends-on,mingw-w64-x86_64-cc,
mingw64,mingw-w64-x86_64-librsvg,build-depends-on,mingw-w64-x86_64-cc,
mingw64,mingw-w64-x86_64-librsvg-docs,build-depends-on,mingw-w64-x86_64-cc,
mingw64,mingw-w64-x86_64-librsync,build-depends-on,mingw-w64-x86_64-cc,
mingw64,mingw-w64-x86_64-librttopo,build-depends-on,mingw-w64-x86_64-cc,
mingw64,mingw-w64-x86_64-libsamplerate,build-depends-on,mingw-w64-x86_64-cc,
mingw64,mingw-w64-x86_64-libsass,build-depends-on,mingw-w64-x86_64-cc,
mingw64,mingw-w64-x86_64-libsbml,build-depends-on,mingw-w64-x86_64-cc,
mingw64,mingw-w64-x86_64-libsbsms,build-depends-on,mingw-w64-x86_64-cc,
mingw64,mingw-w64-x86_64-libsecret,build-depends-on,mingw-w64-x86_64-cc,
mingw64,mingw-w64-x86_64-libserdes,build-depends-on,mingw-w64-x86_64-cc,
mingw64,mingw-w64-x86_64-libserialport,build-depends-on,mingw-w64-x86_64-cc,
mingw64,mingw-w64-x86_64-libshout,build-depends-on,mingw-w64-x86_64-cc,
mingw64,mingw-w64-x86_64-libshumate,build-depends-on,mingw-w64-x86_64-cc,
mingw64,mingw-w64-x86_64-libshumate-docs,build-depends-on,mingw-w64-x86_64-cc,
mingw64,mingw-w64-x86_64-libsidplayfp,build-depends-on,mingw-w64-x86_64-cc,
mingw64,mingw-w64-x86_64-libsigc++,build-depends-on,mingw-w64-x86_64-cc,
mingw64,mingw-w64-x86_64-libsigc++-3.0,build-depends-on,mingw-w64-x86_64-cc,
mingw64,mingw-w64-x86_64-libsignal-protocol-c,build-depends-on,mingw-w64-x86_64-cc,
mingw64,mingw-w64-x86_64-libsigsegv,build-depends-on,mingw-w64-x86_64-cc,
mingw64,mingw-w64-x86_64-libslirp,build-depends-on,mingw-w64-x86_64-cc,
mingw64,mingw-w64-x86_64-libsmi,build-depends-on,mingw-w64-x86_64-cc,
mingw64,mingw-w64-x86_64-libsndfile,build-depends-on,mingw-w64-x86_64-cc,
mingw64,mingw-w64-x86_64-libsodium,build-depends-on,mingw-w64-x86_64-cc,
mingw64,mingw-w64-x86_64-libsoundio,build-depends-on,mingw-w64-x86_64-cc,
mingw64,mingw-w64-x86_64-libsoup3,build-depends-on,mingw-w64-x86_64-cc,
mingw64,mingw-w64-x86_64-libsoup3-docs,build-depends-on,mingw-w64-x86_64-cc,
mingw64,mingw-w64-x86_64-libsoxr,build-depends-on,mingw-w64-x86_64-cc,
mingw64,mingw-w64-x86_64-libspatialaudio,build-depends-on,mingw-w64-x86_64-cc,
mingw64,mingw-w64-x86_64-libspatialite,build-depends-on,mingw-w64-x86_64-cc,
mingw64,mingw-w64-x86_64-libspectre,build-depends-on,mingw-w64-x86_64-cc,
mingw64,mingw-w64-x86_64-libspelling,build-depends-on,mingw-w64-x86_64-cc,
mingw64,mingw-w64-x86_64-libspiro,build-depends-on,mingw-w64-x86_64-cc,
mingw64,mingw-w64-x86_64-libspng,build-depends-on,mingw-w64-x86_64-cc,
mingw64,mingw-w64-x86_64-libsquish,build-depends-on,mingw-w64-x86_64-cc,
mingw64,mingw-w64-x86_64-libsrtp,build-depends-on,mingw-w64-x86_64-cc,
mingw64,mingw-w64-x86_64-libssh,build-depends-on,mingw-w64-x86_64-cc,
mingw64,mingw-w64-x86_64-libssh2,build-depends-on,mingw-w64-x86_64-cc,
mingw64,mingw-w64-x86_64-libssh2-wincng,build-depends-on,mingw-w64-x86_64-cc,
mingw64,mingw-w64-x86_64-libstemmer,build-depends-on,mingw-w64-x86_64-cc,
mingw64,mingw-w64-x86_64-libsystre,build-depends-on,mingw-w64-x86_64-cc,
mingw64,mingw-w64-x86_64-libtasn1,build-depends-on,mingw-w64-x86_64-cc,
mingw64,mingw-w64-x86_64-libtermkey,build-depends-on,mingw-w64-x86_64-cc,
mingw64,mingw-w64-x86_64-libthai,build-depends-on,mingw-w64-x86_64-cc,
mingw64,mingw-w64-x86_64-libthai-docs,build-depends-on,mingw-w64-x86_64-cc,
mingw64,mingw-w64-x86_64-libtheora,build-depends-on,mingw-w64-x86_64-SDL,
mingw64,mingw-w64-x86_64-libtheora,build-depends-on,mingw-w64-x86_64-cc,
mingw64,mingw-w64-x86_64-libtiff,build-depends-on,mingw-w64-x86_64-cc,
mingw64,mingw-w64-x86_64-libtiff-docs,build-depends-on,mingw-w64-x86_64-cc,
mingw64,mingw-w64-x86_64-libtimidity,build-depends-on,mingw-w64-x86_64-cc,
mingw64,mingw-w64-x86_64-libtomcrypt,build-depends-on,mingw-w64-x86_64-cc,
mingw64,mingw-w64-x86_64-libtommath,build-depends-on,mingw-w64-x86_64-cc,
mingw64,mingw-w64-x86_64-libtool,build-depends-on,mingw-w64-x86_64-cc,
mingw64,mingw-w64-x86_64-libtorrent-rasterbar,build-depends-on,mingw-w64-x86_64-cc,
mingw64,mingw-w64-x86_64-libtre,build-depends-on,mingw-w64-x86_64-cc,
mingw64,mingw-w64-x86_64-libtree-sitter,build-depends-on,mingw-w64-x86_64-cc,
mingw64,mingw-w64-x86_64-libu2f-emu,build-depends-on,mingw-w64-x86_64-cc,
mingw64,mingw-w64-x86_64-libuhd,build-depends-on,mingw-w64-x86_64-cc,
mingw64,mingw-w64-x86_64-libultrahdr,build-depends-on,mingw-w64-x86_64-cc,
mingw64,mingw-w64-x86_64-libunibreak,build-depends-on,mingw-w64-x86_64-cc,
mingw64,mingw-w64-x86_64-libunifex,build-depends-on,mingw-w64-x86_64-cc,
mingw64,mingw-w64-x86_64-libuninameslist,build-depends-on,mingw-w64-x86_64-cc,
mingw64,mingw-w64-x86_64-libunistring,build-depends-on,mingw-w64-x86_64-cc,
mingw64,mingw-w64-x86_64-libusb,build-depends-on,mingw-w64-x86_64-cc,
mingw64,mingw-w64-x86_64-libusb-compat,build-depends-on,mingw-w64-x86_64-cc,
mingw64,mingw-w64-x86_64-libusb-win32,build-depends-on,mingw-w64-x86_64-cc,
mingw64,mingw-w64-x86_64-libusbmuxd,build-depends-on,mingw-w64-x86_64-cc,
mingw64,mingw-w64-x86_64-libutf8proc,build-depends-on,mingw-w64-x86_64-cc,
mingw64,mingw-w64-x86_64-libutp,build-depends-on,mingw-w64-x86_64-cc,
mingw64,mingw-w64-x86_64-libuv,build-depends-on,mingw-w64-x86_64-cc,
mingw64,mingw-w64-x86_64-libva,build-depends-on,mingw-w64-x86_64-cc,
mingw64,mingw-w64-x86_64-libva-utils,build-depends-on,mingw-w64-x86_64-cc,
mingw64,mingw-w64-x86_64-libvips,build-depends-on,mingw-w64-x86_64-cc,
mingw64,mingw-w64-x86_64-libvips,build-depends-on,mingw-w64-x86_64-omp,
mingw64,mingw-w64-x86_64-libvirt,build-depends-on,mingw-w64-x86_64-cc,
mingw64,mingw-w64-x86_64-libvirt-glib,build-depends-on,mingw-w64-x86_64-cc,
mingw64,mingw-w64-x86_64-libvisio,build-depends-on,mingw-w64-x86_64-cc,
mingw64,mingw-w64-x86_64-libvmime,build-depends-on,mingw-w64-x86_64-cc,
mingw64,mingw-w64-x86_64-libvncserver,build-depends-on,mingw-w64-x86_64-SDL2,
mingw64,mingw-w64-x86_64-libvncserver,build-depends-on,mingw-w64-x86_64-cc,
mingw64,mingw-w64-x86_64-libvoikko,build-depends-on,mingw-w64-x86_64-cc,
mingw64,mingw-w64-x86_64-libvorbis,build-depends-on,mingw-w64-x86_64-cc,
mingw64,mingw-w64-x86_64-libvpl,build-depends-on,mingw-w64-x86_64-cc,
mingw64,mingw-w64-x86_64-libvpx,build-depends-on,mingw-w64-x86_64-cc,
mingw64,mingw-w64-x86_64-libvterm,build-depends-on,mingw-w64-x86_64-cc,
mingw64,mingw-w64-x86_64-libwebm,build-depends-on,mingw-w64-x86_64-cc,
mingw64,mingw-w64-x86_64-libwebp,build-depends-on,mingw-w64-x86_64-cc,
mingw64,mingw-w64-x86_64-libwebsockets,build-depends-on,mingw-w64-x86_64-cc,
mingw64,mingw-w64-x86_64-libwinpthread,build-depends-on,mingw-w64-x86_64-cc,
mingw64,mingw-w64-x86_64-libwmf,build-depends-on,mingw-w64-x86_64-cc,
mingw64,mingw-w64-x86_64-libwpd,build-depends-on,mingw-w64-x86_64-cc,
mingw64,mingw-w64-x86_64-libwpg,build-depends-on,mingw-w64-x86_64-cc,
mingw64,mingw-w64-x86_64-libx264,build-depends-on,mingw-w64-x86_64-cc,
mingw64,mingw-w64-x86_64-libxisf,build-depends-on,mingw-w64-x86_64-cc,
mingw64,mingw-w64-x86_64-libxlsxwriter,build-depends-on,mingw-w64-x86_64-cc,
mingw64,mingw-w64-x86_64-libxml++,build-depends-on,mingw-w64-x86_64-cc,
mingw64,mingw-w64-x86_64-libxml++-5.0,build-depends-on,mingw-w64-x86_64-cc,
mingw64,mingw-w64-x86_64-libxml++2.6,build-depends-on,mingw-w64-x86_64-cc,
mingw64,mingw-w64-x86_64-libxml2,build-depends-on,mingw-w64-x86_64-cc,
mingw64,mingw-w64-x86_64-libxml2-docs,build-depends-on,mingw-w64-x86_64-cc,
mingw64,mingw-w64-x86_64-libxmlb,build-depends-on,mingw-w64-x86_64-cc,
mingw64,mingw-w64-x86_64-libxmp,build-depends-on,mingw-w64-x86_64-cc,
mingw64,mingw-w64-x86_64-libxslt,build-depends-on,mingw-w64-x86_64-cc,
mingw64,mingw-w64-x86_64-libyaml,build-depends-on,mingw-w64-x86_64-cc,
mingw64,mingw-w64-x86_64-libyuv,build-depends-on,mingw-w64-x86_64-cc,
mingw64,mingw-w64-x86_64-libzen,build-depends-on,mingw-w64-x86_64-cc,
mingw64,mingw-w64-x86_64-libzip,build-depends-on,mingw-w64-x86_64-cc,
mingw64,mingw-w64-x86_64-lilv,build-depends-on,mingw-w64-x86_64-cc,
mingw64,mingw-w64-x86_64-lis,build-depends-on,mingw-w64-x86_64-cc,
mingw64,mingw-w64-x86_64-litehtml,build-depends-on,mingw-w64-x86_64-cc,
mingw64,mingw-w64-x86_64-live-chart,build-depends-on,mingw-w64-x86_64-cc,
mingw64,mingw-w64-x86_64-live-chart-gtk3,build-depends-on,mingw-w64-x86_64-cc,
mingw64,mingw-w64-x86_64-live-media,build-depends-on,mingw-w64-x86_64-cc,
mingw64,mingw-w64-x86_64-llama.cpp,build-depends-on,mingw-w64-x86_64-cc,
mingw64,mingw-w64-x86_64-lld-21,build-depends-on,mingw-w64-x86_64-cc,
mingw64,mingw-w64-x86_64-lldb,build-depends-on,mingw-w64-x86_64-cc,
mingw64,mingw-w64-x86_64-lldb-mi,build-depends-on,mingw-w64-x86_64-cc,
mingw64,mingw-w64-x86_64-llvm-21,build-depends-on,mingw-w64-x86_64-cc,
mingw64,mingw-w64-x86_64-llvm-openmp,build-depends-on,mingw-w64-x86_64-cc,
mingw64,mingw-w64-x86_64-lmdb,build-depends-on,mingw-w64-x86_64-cc,
mingw64,mingw-w64-x86_64-lmdbxx,build-depends-on,mingw-w64-x86_64-cc,
mingw64,mingw-w64-x86_64-lpsolve,build-depends-on,mingw-w64-x86_64-cc,
mingw64,mingw-w64-x86_64-lrcalc,build-depends-on,mingw-w64-x86_64-cc,
mingw64,mingw-w64-x86_64-lsp-dsp-lib,build-depends-on,mingw-w64-x86_64-cc,
mingw64,mingw-w64-x86_64-lua,build-depends-on,mingw-w64-x86_64-cc,
mingw64,mingw-w64-x86_64-lua-cjson,build-depends-on,mingw-w64-x86_64-cc,
mingw64,mingw-w64-x86_64-lua-lgi,build-depends-on,mingw-w64-x86_64-cc,
mingw64,mingw-w64-x86_64-lua-lpeg,build-depends-on,mingw-w64-x86_64-cc,
mingw64,mingw-w64-x86_64-lua-luafilesystem,build-depends-on,mingw-w64-x86_64-cc,
mingw64,mingw-w64-x86_64-lua-luarocks,build-depends-on,mingw-w64-x86_64-cc,
mingw64,mingw-w64-x86_64-lua-mpack,build-depends-on,mingw-w64-x86_64-cc,
mingw64,mingw-w64-x86_64-lua51,build-depends-on,mingw-w64-x86_64-cc,
mingw64,mingw-w64-x86_64-lua51-bitop,build-depends-on,mingw-w64-x86_64-cc,
mingw64,mingw-w64-x86_64-lua51-cjson,build-depends-on,mingw-w64-x86_64-cc,
mingw64,mingw-w64-x86_64-lua51-lgi,build-depends-on,mingw-w64-x86_64-cc,
mingw64,mingw-w64-x86_64-lua51-lpeg,build-depends-on,mingw-w64-x86_64-cc,
mingw64,mingw-w64-x86_64-lua51-lsqlite3,build-depends-on,mingw-w64-x86_64-cc,
mingw64,mingw-w64-x86_64-lua51-luafilesystem,build-depends-on,mingw-w64-x86_64-cc,
mingw64,mingw-w64-x86_64-lua51-mpack,build-depends-on,mingw-w64-x86_64-cc,
mingw64,mingw-w64-x86_64-lua51-winapi,build-depends-on,mingw-w64-x86_64-cc,
mingw64,mingw-w64-x86_64-lua53,build-depends-on,mingw-w64-x86_64-cc,
mingw64,mingw-w64-x86_64-lua53-cjson,build-depends-on,mingw-w64-x86_64-cc,
mingw64,mingw-w64-x86_64-lua53-lgi,build-depends-on,mingw-w64-x86_64-cc,
mingw64,mingw-w64-x86_64-lua53-luafilesystem,build-depends-on,mingw-w64-x86_64-cc,
mingw64,mingw-w64-x86_64-lua54,build-depends-on,mingw-w64-x86_64-cc,
mingw64,mingw-w64-x86_64-lua54-cjson,build-depends-on,mingw-w64-x86_64-cc,
mingw64,mingw-w64-x86_64-lua54-lgi,build-depends-on,mingw-w64-x86_64-cc,
mingw64,mingw-w64-x86_64-lua54-luafilesystem,build-depends-on,mingw-w64-x86_64-cc,
mingw64,mingw-w64-x86_64-luajit,build-depends-on,mingw-w64-x86_64-cc,
mingw64,mingw-w64-x86_64-lv2,build-depends-on,mingw-w64-x86_64-cc,
mingw64,mingw-w64-x86_64-lv2-docs,build-depends-on,mingw-w64-x86_64-cc,
mingw64,mingw-w64-x86_64-lz4,build-depends-on,mingw-w64-x86_64-cc,
mingw64,mingw-w64-x86_64-lzo2,build-depends-on,mingw-w64-x86_64-cc,
mingw64,mingw-w64-x86_64-m4ri,build-depends-on,mingw-w64-x86_64-cc,
mingw64,mingw-w64-x86_64-m68k-apple-macos-binutils,build-depends-on,mingw-w64-x86_64-cc,
mingw64,mingw-w64-x86_64-magnum,build-depends-on,mingw-w64-x86_64-cc,
mingw64,mingw-w64-x86_64-magnum-integration,build-depends-on,mingw-w64-x86_64-cc,
mingw64,mingw-w64-x86_64-magnum-plugins,build-depends-on,mingw-w64-x86_64-cc,
mingw64,mingw-w64-x86_64-manifold,build-depends-on,mingw-w64-x86_64-cc,
mingw64,mingw-w64-x86_64-mapbox-earcut,build-depends-on,mingw-w64-x86_64-cc,
mingw64,mingw-w64-x86_64-mapserver,build-depends-on,mingw-w64-x86_64-cc,
mingw64,mingw-w64-x86_64-mariadb-clients,build-depends-on,mingw-w64-x86_64-cc,
mingw64,mingw-w64-x86_64-marisa,build-depends-on,mingw-w64-x86_64-cc,
mingw64,mingw-w64-x86_64-mathgl,build-depends-on,mingw-w64-x86_64-cc,
mingw64,mingw-w64-x86_64-matio,build-depends-on,mingw-w64-x86_64-cc,
mingw64,mingw-w64-x86_64-maxflow,build-depends-on,mingw-w64-x86_64-cc,
mingw64,mingw-w64-x86_64-mbedtls,build-depends-on,mingw-w64-x86_64-cc,
mingw64,mingw-w64-x86_64-mcfgthread,build-depends-on,mingw-w64-x86_64-cc,
mingw64,mingw-w64-x86_64-mcfgthread-libs,build-depends-on,mingw-w64-x86_64-cc,
mingw64,mingw-w64-x86_64-mcpp,build-depends-on,mingw-w64-x86_64-cc,
mingw64,mingw-w64-x86_64-md4c,build-depends-on,mingw-w64-x86_64-cc,
mingw64,mingw-w64-x86_64-mdloader,build-depends-on,mingw-w64-x86_64-cc,
mingw64,mingw-w64-x86_64-meanwhile,build-depends-on,mingw-w64-x86_64-cc,
mingw64,mingw-w64-x86_64-mecab,build-depends-on,mingw-w64-x86_64-cc,
mingw64,mingw-w64-x86_64-med,build-depends-on,mingw-w64-x86_64-cc,
mingw64,mingw-w64-x86_64-med,build-depends-on,mingw-w64-x86_64-fc,
mingw64,mingw-w64-x86_64-mediainfo,build-depends-on,mingw-w64-x86_64-cc,
mingw64,mingw-w64-x86_64-mediainfo-gui,build-depends-on,mingw-w64-x86_64-cc,
mingw64,mingw-w64-x86_64-meld3,build-depends-on,mingw-w64-x86_64-cc,
mingw64,mingw-w64-x86_64-mesa,build-depends-on,mingw-w64-x86_64-cc,
mingw64,mingw-w64-x86_64-meshoptimizer,build-depends-on,mingw-w64-x86_64-cc,
mingw64,mingw-w64-x86_64-mesonlsp,build-depends-on,mingw-w64-x86_64-cc,
mingw64,mingw-w64-x86_64-metis,build-depends-on,mingw-w64-x86_64-cc,
mingw64,mingw-w64-x86_64-mfem,build-depends-on,mingw-w64-x86_64-cc,
mingw64,mingw-w64-x86_64-mgba,build-depends-on,mingw-w64-x86_64-SDL2,
mingw64,mingw-w64-x86_64-mgba,build-depends-on,mingw-w64-x86_64-cc,
mingw64,mingw-w64-x86_64-mhook,build-depends-on,mingw-w64-x86_64-cc,
mingw64,mingw-w64-x86_64-micro,build-depends-on,mingw-w64-x86_64-cc,
mingw64,mingw-w64-x86_64-mimalloc,build-depends-on,mingw-w64-x86_64-cc,
mingw64,mingw-w64-x86_64-miniaudio,build-depends-on,mingw-w64-x86_64-SDL2,
mingw64,mingw-w64-x86_64-miniaudio,build-depends-on,mingw-w64-x86_64-cc,
mingw64,mingw-w64-x86_64-minio,build-depends-on,mingw-w64-x86_64-cc,
mingw64,mingw-w64-x86_64-minio-client,build-depends-on,mingw-w64-x86_64-cc,
mingw64,mingw-w64-x86_64-minio-docs,build-depends-on,mingw-w64-x86_64-cc,
mingw64,mingw-w64-x86_64-minisign,build-depends-on,mingw-w64-x86_64-cc,
mingw64,mingw-w64-x86_64-miniupnpc,build-depends-on,mingw-w64-x86_64-cc,
mingw64,mingw-w64-x86_64-minizip,build-depends-on,mingw-w64-x86_64-cc,
mingw64,mingw-w64-x86_64-minizip-ng,build-depends-on,mingw-w64-x86_64-cc,
mingw64,mingw-w64-x86_64-mkvtoolnix-cli,build-depends-on,mingw-w64-x86_64-cc,
mingw64,mingw-w64-x86_64-mkvtoolnix-gui,build-depends-on,mingw-w64-x86_64-cc,
mingw64,mingw-w64-x86_64-mlpack,build-depends-on,mingw-w64-x86_64-cc,
mingw64,mingw-w64-x86_64-mlt,build-depends-on,mingw-w64-x86_64-SDL,
mingw64,mingw-w64-x86_64-mlt,build-depends-on,mingw-w64-x86_64-cc,
mingw64,mingw-w64-x86_64-mman-win32,build-depends-on,mingw-w64-x86_64-cc,
mingw64,mingw-w64-x86_64-moab,build-depends-on,mingw-w64-x86_64-cc,
mingw64,mingw-w64-x86_64-mold,build-depends-on,mingw-w64-x86_64-cc,
mingw64,mingw-w64-x86_64-mongo-c-driver,build-depends-on,mingw-w64-x86_64-cc,
mingw64,mingw-w64-x86_64-mono,build-depends-on,mingw-w64-x86_64-cc,
mingw64,mingw-w64-x86_64-mono,build-depends-on,perl-XML-Parser,
mingw64,mingw-w64-x86_64-mono-basic,build-depends-on,mingw-w64-x86_64-cc,
mingw64,mingw-w64-x86_64-mosquitto,build-depends-on,mingw-w64-x86_64-cc,
mingw64,mingw-w64-x86_64-mpc,build-depends-on,mingw-w64-x86_64-cc,
mingw64,mingw-w64-x86_64-mpdecimal,build-depends-on,mingw-w64-x86_64-cc,
mingw64,mingw-w64-x86_64-mpfr,build-depends-on,mingw-w64-x86_64-cc,
mingw64,mingw-w64-x86_64-mpg123,build-depends-on,mingw-w64-x86_64-SDL2,
mingw64,mingw-w64-x86_64-mpg123,build-depends-on,mingw-w64-x86_64-cc,
mingw64,mingw-w64-x86_64-mpv,build-depends-on,mingw-w64-x86_64-cc,
mingw64,mingw-w64-x86_64-mruby,build-depends-on,mingw-w64-x86_64-cc,
mingw64,mingw-w64-x86_64-mscgen,build-depends-on,mingw-w64-x86_64-cc,
mingw64,mingw-w64-x86_64-msgpack-c,build-depends-on,mingw-w64-x86_64-cc,
mingw64,mingw-w64-x86_64-msitools,build-depends-on,mingw-w64-x86_64-cc,
mingw64,mingw-w64-x86_64-msmpi,build-depends-on,mingw-w64-x86_64-fc,
mingw64,mingw-w64-x86_64-msmtp,build-depends-on,mingw-w64-x86_64-cc,
mingw64,mingw-w64-x86_64-mtex2MML,build-depends-on,bison,
mingw64,mingw-w64-x86_64-mtex2MML,build-depends-on,flex,
mingw64,mingw-w64-x86_64-mtex2MML,build-depends-on,mingw-w64-x86_64-cc,
mingw64,mingw-w64-x86_64-mtex2MML,build-depends-on,mingw-w64-x86_64-cmake,
mingw64,mingw-w64-x86_64-mtex2MML,build-depends-on,mingw-w64-x86_64-pkgconf,
mingw64,mingw-w64-x86_64-mtex2MML,build-depends-on,mingw-w64-x86_64-python3,
mingw64,mingw-w64-x86_64-mtn,build-depends-on,mingw-w64-x86_64-cc,
mingw64,mingw-w64-x86_64-mtools,build-depends-on,mingw-w64-x86_64-cc,
mingw64,mingw-w64-x86_64-mujs,build-depends-on,mingw-w64-x86_64-cc,
mingw64,mingw-w64-x86_64-mumps,build-depends-on,mingw-w64-x86_64-cc,
mingw64,mingw-w64-x86_64-mumps,build-depends-on,mingw-w64-x86_64-fc,
mingw64,mingw-w64-x86_64-munt,build-depends-on,mingw-w64-x86_64-cc,
mingw64,mingw-w64-x86_64-munt-mt32emu,build-depends-on,mingw-w64-x86_64-cc,
mingw64,mingw-w64-x86_64-muparser,build-depends-on,mingw-w64-x86_64-cc,
mingw64,mingw-w64-x86_64-mxml,build-depends-on,mingw-w64-x86_64-cc,
mingw64,mingw-w64-x86_64-mypaint,build-depends-on,mingw-w64-x86_64-cc,
mingw64,mingw-w64-x86_64-mypaint-brushes,build-depends-on,mingw-w64-x86_64-cc,
mingw64,mingw-w64-x86_64-mypaint-brushes2,build-depends-on,mingw-w64-x86_64-cc,
mingw64,mingw-w64-x86_64-mypy,build-depends-on,mingw-w64-x86_64-cc,
mingw64,mingw-w64-x86_64-nana,build-depends-on,mingw-w64-x86_64-cc,
mingw64,mingw-w64-x86_64-nanoarrow,build-depends-on,mingw-w64-x86_64-cc,
mingw64,mingw-w64-x86_64-nanobind,build-depends-on,mingw-w64-x86_64-cc,
mingw64,mingw-w64-x86_64-nanodbc,build-depends-on,mingw-w64-x86_64-cc,
mingw64,mingw-w64-x86_64-nanogui,build-depends-on,mingw-w64-x86_64-cc,
mingw64,mingw-w64-x86_64-nanovg,build-depends-on,mingw-w64-x86_64-cc,
mingw64,mingw-w64-x86_64-nasm,build-depends-on,mingw-w64-x86_64-cc,
mingw64,mingw-w64-x86_64-nauty,build-depends-on,mingw-w64-x86_64-cc,
mingw64,mingw-w64-x86_64-ncurses,build-depends-on,mingw-w64-x86_64-cc,
mingw64,mingw-w64-x86_64-neon,build-depends-on,mingw-w64-x86_64-cc,
mingw64,mingw-w64-x86_64-netcdf,build-depends-on,mingw-w64-x86_64-cc,
mingw64,mingw-w64-x86_64-netcdf-cxx,build-depends-on,mingw-w64-x86_64-cc,
mingw64,mingw-w64-x86_64-netcdf-fortran,build-depends-on,mingw-w64-x86_64-cc,
mingw64,mingw-w64-x86_64-netcdf-fortran,build-depends-on,mingw-w64-x86_64-fc,
mingw64,mingw-w64-x86_64-nettle,build-depends-on,mingw-w64-x86_64-cc,
mingw64,mingw-w64-x86_64-nettle3,build-depends-on,mingw-w64-x86_64-cc,
mingw64,mingw-w64-x86_64-newton-dynamics,build-depends-on,mingw-w64-x86_64-cc,
mingw64,mingw-w64-x86_64-nextpnr,build-depends-on,mingw-w64-x86_64-cc,
mingw64,mingw-w64-x86_64-nfft,build-depends-on,mingw-w64-x86_64-cc,
mingw64,mingw-w64-x86_64-ng-log,build-depends-on,mingw-w64-x86_64-cc,
mingw64,mingw-w64-x86_64-nghttp2,build-depends-on,mingw-w64-x86_64-cc,
mingw64,mingw-w64-x86_64-nghttp3,build-depends-on,mingw-w64-x86_64-cc,
mingw64,mingw-w64-x86_64-ngraph-gtk,build-depends-on,mingw-w64-x86_64-cc,
mingw64,mingw-w64-x86_64-ngspice,build-depends-on,mingw-w64-x86_64-cc,
mingw64,mingw-w64-x86_64-ngtcp2,build-depends-on,mingw-w64-x86_64-cc,
mingw64,mingw-w64-x86_64-nim,build-depends-on,mingw-w64-x86_64-cc,
mingw64,mingw-w64-x86_64-nimble,build-depends-on,mingw-w64-x86_64-cc,
mingw64,mingw-w64-x86_64-ninja,build-depends-on,mingw-w64-x86_64-cc,
mingw64,mingw-w64-x86_64-nlohmann-json,build-depends-on,mingw-w64-x86_64-cc,
mingw64,mingw-w64-x86_64-nlopt,build-depends-on,mingw-w64-x86_64-cc,
mingw64,mingw-w64-x86_64-nme,build-depends-on,mingw-w64-x86_64-cc,
mingw64,mingw-w64-x86_64-nodeeditor,build-depends-on,mingw-w64-x86_64-cc,
mingw64,mingw-w64-x86_64-nodejs,build-depends-on,mingw-w64-x86_64-cc,
mingw64,mingw-w64-x86_64-notcurses,build-depends-on,mingw-w64-x86_64-cc,
mingw64,mingw-w64-x86_64-npth,build-depends-on,mingw-w64-x86_64-cc,
mingw64,mingw-w64-x86_64-nsis,build-depends-on,mingw-w64-x86_64-cc,
mingw64,mingw-w64-x86_64-nspr,build-depends-on,mingw-w64-x86_64-cc,
mingw64,mingw-w64-x86_64-nss,build-depends-on,mingw-w64-x86_64-cc,
mingw64,mingw-w64-x86_64-nsync,build-depends-on,mingw-w64-x86_64-cc,
mingw64,mingw-w64-x86_64-ntldd,build-depends-on,mingw-w64-x86_64-cc,
mingw64,mingw-w64-x86_64-nuspell,build-depends-on,mingw-w64-x86_64-cc,
mingw64,mingw-w64-x86_64-nvidia-cg-toolkit,build-depends-on,mingw-w64-x86_64-cc,
mingw64,mingw-w64-x86_64-oatpp,build-depends-on,mingw-w64-x86_64-cc,
mingw64,mingw-w64-x86_64-ocaml,build-depends-on,mingw-w64-x86_64-cc,
mingw64,mingw-w64-x86_64-ocaml-compiler-libs,build-depends-on,mingw-w64-x86_64-cc,
mingw64,mingw-w64-x86_64-oce,build-depends-on,mingw-w64-x86_64-cc,
mingw64,mingw-w64-x86_64-octave,build-depends-on,mingw-w64-x86_64-cc,
mingw64,mingw-w64-x86_64-octave,build-depends-on,mingw-w64-x86_64-fc,
mingw64,mingw-w64-x86_64-ode,build-depends-on,mingw-w64-x86_64-cc,
mingw64,mingw-w64-x86_64-odt2txt,build-depends-on,mingw-w64-x86_64-cc,
mingw64,mingw-w64-x86_64-ogre3d,build-depends-on,mingw-w64-x86_64-cc,
mingw64,mingw-w64-x86_64-ois,build-depends-on,mingw-w64-x86_64-cc,
mingw64,mingw-w64-x86_64-ollama,build-depends-on,mingw-w64-x86_64-cc,
mingw64,mingw-w64-x86_64-onednn,build-depends-on,mingw-w64-x86_64-cc,
mingw64,mingw-w64-x86_64-onigmo,build-depends-on,mingw-w64-x86_64-cc,
mingw64,mingw-w64-x86_64-oniguruma,build-depends-on,mingw-w64-x86_64-cc,
mingw64,mingw-w64-x86_64-open62541,build-depends-on,mingw-w64-x86_64-cc,
mingw64,mingw-w64-x86_64-openFPGALoader,build-depends-on,mingw-w64-x86_64-cc,
mingw64,mingw-w64-x86_64-openFPGALoader,build-depends-on,mingw-w64-x86_64-cmake,
mingw64,mingw-w64-x86_64-openFPGALoader,build-depends-on,mingw-w64-x86_64-ninja,
mingw64,mingw-w64-x86_64-openal,build-depends-on,mingw-w64-x86_64-cc,
mingw64,mingw-w64-x86_64-openapv,build-depends-on,mingw-w64-x86_64-cc,
mingw64,mingw-w64-x86_64-openblas,build-depends-on,mingw-w64-x86_64-cc,
mingw64,mingw-w64-x86_64-openblas,build-depends-on,mingw-w64-x86_64-fc,
mingw64,mingw-w64-x86_64-openblas64,build-depends-on,mingw-w64-x86_64-cc,
mingw64,mingw-w64-x86_64-openblas64,build-depends-on,mingw-w64-x86_64-fc,
mingw64,mingw-w64-x86_64-opencamlib,build-depends-on,mingw-w64-x86_64-cc,
mingw64,mingw-w64-x86_64-opencascade,build-depends-on,mingw-w64-x86_64-cc,
mingw64,mingw-w64-x86_64-opencascade-doc-overview,build-depends-on,mingw-w64-x86_64-cc,
mingw64,mingw-w64-x86_64-opencascade-doc-refman,build-depends-on,mingw-w64-x86_64-cc,
mingw64,mingw-w64-x86_64-opencc,build-depends-on,mingw-w64-x86_64-cc,
mingw64,mingw-w64-x86_64-opencl-clhpp,build-depends-on,mingw-w64-x86_64-cc,
mingw64,mingw-w64-x86_64-opencl-headers,build-depends-on,mingw-w64-x86_64-cc,
mingw64,mingw-w64-x86_64-opencl-icd,build-depends-on,mingw-w64-x86_64-cc,
mingw64,mingw-w64-x86_64-opencollada,build-depends-on,mingw-w64-x86_64-cc,
mingw64,mingw-w64-x86_64-opencolorio,build-depends-on,mingw-w64-x86_64-cc,
mingw64,mingw-w64-x86_64-opencore-amr,build-depends-on,mingw-w64-x86_64-cc,
mingw64,mingw-w64-x86_64-opencsg,build-depends-on,mingw-w64-x86_64-cc,
mingw64,mingw-w64-x86_64-opencv,build-depends-on,mingw-w64-x86_64-cc,
mingw64,mingw-w64-x86_64-opencv,build-depends-on,mingw-w64-x86_64-fc,
mingw64,mingw-w64-x86_64-openexr,build-depends-on,mingw-w64-x86_64-cc,
mingw64,mingw-w64-x86_64-openfa,build-depends-on,mingw-w64-x86_64-cc,
mingw64,mingw-w64-x86_64-openh264,build-depends-on,mingw-w64-x86_64-cc,
mingw64,mingw-w64-x86_64-openimagedenoise,build-depends-on,mingw-w64-x86_64-cc,
mingw64,mingw-w64-x86_64-openimageio,build-depends-on,mingw-w64-x86_64-cc,
mingw64,mingw-w64-x86_64-openjpeg2,build-depends-on,mingw-w64-x86_64-cc,
mingw64,mingw-w64-x86_64-openjph,build-depends-on,mingw-w64-x86_64-cc,
mingw64,mingw-w64-x86_64-openldap,build-depends-on,mingw-w64-x86_64-cc,
mingw64,mingw-w64-x86_64-openlibm,build-depends-on,mingw-w64-x86_64-cc,
mingw64,mingw-w64-x86_64-openocd,build-depends-on,mingw-w64-x86_64-cc,
mingw64,mingw-w64-x86_64-openpgl,build-depends-on,mingw-w64-x86_64-cc,
mingw64,mingw-w64-x86_64-openscad,build-depends-on,mingw-w64-x86_64-cc,
mingw64,mingw-w64-x86_64-openshadinglanguage,build-depends-on,mingw-w64-x86_64-cc,
mingw64,mingw-w64-x86_64-openslide,build-depends-on,mingw-w64-x86_64-cc,
mingw64,mingw-w64-x86_64-openssl,build-depends-on,mingw-w64-x86_64-cc,
mingw64,mingw-w64-x86_64-opensubdiv,build-depends-on,mingw-w64-x86_64-cc,
mingw64,mingw-w64-x86_64-opensubdiv-docs,build-depends-on,mingw-w64-x86_64-cc,
mingw64,mingw-w64-x86_64-openturns,build-depends-on,mingw-w64-x86_64-cc,
mingw64,mingw-w64-x86_64-openvdb,build-depends-on,mingw-w64-x86_64-cc,
mingw64,mingw-w64-x86_64-openvr,build-depends-on,mingw-w64-x86_64-cc,
mingw64,mingw-w64-x86_64-openxr-sdk,build-depends-on,mingw-w64-x86_64-cc,
mingw64,mingw-w64-x86_64-optipng,build-depends-on,mingw-w64-x86_64-cc,
mingw64,mingw-w64-x86_64-opus,build-depends-on,mingw-w64-x86_64-cc,
mingw64,mingw-w64-x86_64-opus-docs,build-depends-on,mingw-w64-x86_64-cc,
mingw64,mingw-w64-x86_64-opus-tools,build-depends-on,mingw-w64-x86_64-cc,
mingw64,mingw-w64-x86_64-opusfile,build-depends-on,mingw-w64-x86_64-cc,
mingw64,mingw-w64-x86_64-oqsprovider,build-depends-on,mingw-w64-x86_64-cc,
mingw64,mingw-w64-x86_64-orc,build-depends-on,mingw-w64-x86_64-cc,
mingw64,mingw-w64-x86_64-osgQt,build-depends-on,mingw-w64-x86_64-cc,
mingw64,mingw-w64-x86_64-osgQt,build-depends-on,mingw-w64-x86_64-cmake,
mingw64,mingw-w64-x86_64-osgQt,build-depends-on,mingw-w64-x86_64-ninja,
mingw64,mingw-w64-x86_64-osgbullet,build-depends-on,mingw-w64-x86_64-cc,
mingw64,mingw-w64-x86_64-osgocean,build-depends-on,mingw-w64-x86_64-cc,
mingw64,mingw-w64-x86_64-osgqtquick,build-depends-on,mingw-w64-x86_64-cc,
mingw64,mingw-w64-x86_64-osgworks,build-depends-on,mingw-w64-x86_64-cc,
mingw64,mingw-w64-x86_64-osl,build-depends-on,mingw-w64-x86_64-cc,
mingw64,mingw-w64-x86_64-osm-gps-map,build-depends-on,mingw-w64-x86_64-cc,
mingw64,mingw-w64-x86_64-ossia-score,build-depends-on,mingw-w64-x86_64-cc,
mingw64,mingw-w64-x86_64-osslsigncode,build-depends-on,mingw-w64-x86_64-cc,
mingw64,mingw-w64-x86_64-p11-kit,build-depends-on,mingw-w64-x86_64-cc,
mingw64,mingw-w64-x86_64-paho.mqtt.c,build-depends-on,mingw-w64-x86_64-cc,
mingw64,mingw-w64-x86_64-pango,build-depends-on,mingw-w64-x86_64-cc,
mingw64,mingw-w64-x86_64-pango-docs,build-depends-on,mingw-w64-x86_64-cc,
mingw64,mingw-w64-x86_64-pangomm,build-depends-on,mingw-w64-x86_64-cc,
mingw64,mingw-w64-x86_64-pangomm-2.48,build-depends-on,mingw-w64-x86_64-cc,
mingw64,mingw-w64-x86_64-parmetis,build-depends-on,mingw-w64-x86_64-cc,
mingw64,mingw-w64-x86_64-parpack,build-depends-on,mingw-w64-x86_64-fc,
mingw64,mingw-w64-x86_64-parsec,build-depends-on,mingw-w64-x86_64-cc,
mingw64,mingw-w64-x86_64-partio,build-depends-on,mingw-w64-x86_64-cc,
mingw64,mingw-w64-x86_64-pastix,build-depends-on,mingw-w64-x86_64-cc,
mingw64,mingw-w64-x86_64-pastix,build-depends-on,mingw-w64-x86_64-fc,
mingw64,mingw-w64-x86_64-pcaudiolib,build-depends-on,mingw-w64-x86_64-cc,
mingw64,mingw-w64-x86_64-pcre,build-depends-on,mingw-w64-x86_64-cc,
mingw64,mingw-w64-x86_64-pcre2,build-depends-on,mingw-w64-x86_64-cc,
mingw64,mingw-w64-x86_64-pdal,build-depends-on,mingw-w64-x86_64-cc,
mingw64,mingw-w64-x86_64-pdcurses,build-depends-on,mingw-w64-x86_64-cc,
mingw64,mingw-w64-x86_64-pdf2svg,build-depends-on,mingw-w64-x86_64-cc,
mingw64,mingw-w64-x86_64-pdfpc,build-depends-on,mingw-w64-x86_64-cc,
mingw64,mingw-w64-x86_64-pegtl,build-depends-on,mingw-w64-x86_64-cc,
mingw64,mingw-w64-x86_64-pelican,build-depends-on,mingw-w64-x86_64-cc,
mingw64,mingw-w64-x86_64-perl,build-depends-on,mingw-w64-x86_64-cc,
mingw64,mingw-w64-x86_64-perl-digest-sha,build-depends-on,mingw-w64-x86_64-cc,
mingw64,mingw-w64-x86_64-perl-doc,build-depends-on,mingw-w64-x86_64-cc,
mingw64,mingw-w64-x86_64-perl-win32-api,build-depends-on,mingw-w64-x86_64-cc,
mingw64,mingw-w64-x86_64-perl-win32-console,build-depends-on,mingw-w64-x86_64-cc,
mingw64,mingw-w64-x86_64-perl-win32-shortcut,build-depends-on,mingw-w64-x86_64-cc,
mingw64,mingw-w64-x86_64-perl-win32-winerror,build-depends-on,mingw-w64-x86_64-cc,
mingw64,mingw-w64-x86_64-perl-win32api-registry,build-depends-on,mingw-w64-x86_64-cc,
mingw64,mingw-w64-x86_64-petsc,build-depends-on,mingw-w64-x86_64-cc,
mingw64,mingw-w64-x86_64-petsc,build-depends-on,mingw-w64-x86_64-fc,
mingw64,mingw-w64-x86_64-petsc-build,build-depends-on,mingw-w64-x86_64-cc,
mingw64,mingw-w64-x86_64-petsc-build,build-depends-on,mingw-w64-x86_64-fc,
mingw64,mingw-w64-x86_64-pg_probackup-16,build-depends-on,mingw-w64-x86_64-cc,
mingw64,mingw-w64-x86_64-pgmodeler,build-depends-on,mingw-w64-x86_64-cc,
mingw64,mingw-w64-x86_64-pgmodeler-plugins,build-depends-on,mingw-w64-x86_64-cc,
mingw64,mingw-w64-x86_64-phodav,build-depends-on,mingw-w64-x86_64-cc,
mingw64,mingw-w64-x86_64-phonon,build-depends-on,mingw-w64-x86_64-cc,
mingw64,mingw-w64-x86_64-physfs,build-depends-on,mingw-w64-x86_64-cc,
mingw64,mingw-w64-x86_64-picosha2,build-depends-on,mingw-w64-x86_64-cc,
mingw64,mingw-w64-x86_64-picotool,build-depends-on,mingw-w64-x86_64-cc,
mingw64,mingw-w64-x86_64-pikchr,build-depends-on,mingw-w64-x86_64-cc,
mingw64,mingw-w64-x86_64-pinentry,build-depends-on,mingw-w64-x86_64-cc,
mingw64,mingw-w64-x86_64-pixman,build-depends-on,mingw-w64-x86_64-cc,
mingw64,mingw-w64-x86_64-pkcs11-helper,build-depends-on,mingw-w64-x86_64-cc,
mingw64,mingw-w64-x86_64-pkg-config,build-depends-on,mingw-w64-x86_64-cc,
mingw64,mingw-w64-x86_64-pkgconf,build-depends-on,mingw-w64-x86_64-cc,
mingw64,mingw-w64-x86_64-plfit,build-depends-on,mingw-w64-x86_64-cc,
mingw64,mingw-w64-x86_64-plplot,build-depends-on,mingw-w64-x86_64-cc,
mingw64,mingw-w64-x86_64-plplot,build-depends-on,mingw-w64-x86_64-fc,
mingw64,mingw-w64-x86_64-plutosvg,build-depends-on,mingw-w64-x86_64-cc,
mingw64,mingw-w64-x86_64-plutovg,build-depends-on,mingw-w64-x86_64-cc,
mingw64,mingw-w64-x86_64-png2ico,build-depends-on,mingw-w64-x86_64-cc,
mingw64,mingw-w64-x86_64-pngcrush,build-depends-on,mingw-w64-x86_64-cc,
mingw64,mingw-w64-x86_64-pngnq,build-depends-on,mingw-w64-x86_64-cc,
mingw64,mingw-w64-x86_64-poco,build-depends-on,mingw-w64-x86_64-cc,
mingw64,mingw-w64-x86_64-podman,build-depends-on,mingw-w64-x86_64-cc,
mingw64,mingw-w64-x86_64-podofo,build-depends-on,mingw-w64-x86_64-cc,
mingw64,mingw-w64-x86_64-polipo,build-depends-on,mingw-w64-x86_64-cc,
mingw64,mingw-w64-x86_64-polly,build-depends-on,mingw-w64-x86_64-cc,
mingw64,mingw-w64-x86_64-poppler,build-depends-on,mingw-w64-x86_64-cc,
mingw64,mingw-w64-x86_64-poppler-qt5,build-depends-on,mingw-w64-x86_64-cc,
mingw64,mingw-w64-x86_64-poppler-qt6,build-depends-on,mingw-w64-x86_64-cc,
mingw64,mingw-w64-x86_64-popt,build-depends-on,mingw-w64-x86_64-cc,
mingw64,mingw-w64-x86_64-port-scanner,build-depends-on,mingw-w64-x86_64-cc,
mingw64,mingw-w64-x86_64-portablexdr,build-depends-on,mingw-w64-x86_64-cc,
mingw64,mingw-w64-x86_64-portaudio,build-depends-on,mingw-w64-x86_64-cc,
mingw64,mingw-w64-x86_64-portaudio-asio,build-depends-on,mingw-w64-x86_64-asiosdk,
mingw64,mingw-w64-x86_64-portaudio-asio,build-depends-on,mingw-w64-x86_64-cc,
mingw64,mingw-w64-x86_64-portaudio-asio,build-depends-on,mingw-w64-x86_64-cmake,
mingw64,mingw-w64-x86_64-portaudio-asio,build-depends-on,mingw-w64-x86_64-ninja,
mingw64,mingw-w64-x86_64-portaudio-asio,build-depends-on,mingw-w64-x86_64-pkgconf,
mingw64,mingw-w64-x86_64-portmidi,build-depends-on,mingw-w64-x86_64-cc,
mingw64,mingw-w64-x86_64-portsmf,build-depends-on,mingw-w64-x86_64-cc,
mingw64,mingw-w64-x86_64-postgis,build-depends-on,mingw-w64-x86_64-cc,
mingw64,mingw-w64-x86_64-postgresql,build-depends-on,mingw-w64-x86_64-cc,
mingw64,mingw-w64-x86_64-postgresql-16,build-depends-on,mingw-w64-x86_64-cc,
mingw64,mingw-w64-x86_64-potrace,build-depends-on,mingw-w64-x86_64-cc,
mingw64,mingw-w64-x86_64-powerpc-apple-macos-binutils,build-depends-on,mingw-w64-x86_64-cc,
mingw64,mingw-w64-x86_64-pqp,build-depends-on,mingw-w64-x86_64-cc,
mingw64,mingw-w64-x86_64-precice,build-depends-on,mingw-w64-x86_64-cc,
mingw64,mingw-w64-x86_64-premake,build-depends-on,mingw-w64-x86_64-cc,
mingw64,mingw-w64-x86_64-premake4,build-depends-on,mingw-w64-x86_64-cc,
mingw64,mingw-w64-x86_64-prjtrellis,build-depends-on,mingw-w64-x86_64-cc,
mingw64,mingw-w64-x86_64-proj,build-depends-on,mingw-w64-x86_64-cc,
mingw64,mingw-w64-x86_64-projectchrono,build-depends-on,mingw-w64-x86_64-cc,
mingw64,mingw-w64-x86_64-projectchrono-docs,build-depends-on,mingw-w64-x86_64-cc,
mingw64,mingw-w64-x86_64-protobuf,build-depends-on,mingw-w64-x86_64-cc,
mingw64,mingw-w64-x86_64-protobuf-c,build-depends-on,mingw-w64-x86_64-cc,
mingw64,mingw-w64-x86_64-ptex,build-depends-on,mingw-w64-x86_64-cc,
mingw64,mingw-w64-x86_64-ptex-docs,build-depends-on,mingw-w64-x86_64-cc,
mingw64,mingw-w64-x86_64-pugixml,build-depends-on,mingw-w64-x86_64-cc,
mingw64,mingw-w64-x86_64-pupnp,build-depends-on,mingw-w64-x86_64-cc,
mingw64,mingw-w64-x86_64-putty,build-depends-on,mingw-w64-x86_64-cc,
mingw64,mingw-w64-x86_64-putty-ssh,build-depends-on,mingw-w64-x86_64-cc,
mingw64,mingw-w64-x86_64-pybind11,build-depends-on,mingw-w64-x86_64-cc,
mingw64,mingw-w64-x86_64-pybind11-json,build-depends-on,mingw-w64-x86_64-cc,
mingw64,mingw-w64-x86_64-pyqt5-sip,build-depends-on,mingw-w64-x86_64-cc,
mingw64,mingw-w64-x86_64-pyside2,build-depends-on,mingw-w64-x86_64-cc,
mingw64,mingw-w64-x86_64-pyside2-tools,build-depends-on,mingw-w64-x86_64-cc,
mingw64,mingw-w64-x86_64-pyside6,build-depends-on,mingw-w64-x86_64-cc,
mingw64,mingw-w64-x86_64-pyside6-tools,build-depends-on,mingw-w64-x86_64-cc,
mingw64,mingw-w64-x86_64-pystring,build-depends-on,mingw-w64-x86_64-cc,
mingw64,mingw-w64-x86_64-python,build-depends-on,mingw-w64-x86_64-cc,
mingw64,mingw-w64-x86_64-python-aiohttp,build-depends-on,mingw-w64-x86_64-cc,
mingw64,mingw-w64-x86_64-python-aioquic,build-depends-on,mingw-w64-x86_64-cc,
mingw64,mingw-w64-x86_64-python-argon2-cffi-bindings,build-depends-on,mingw-w64-x86_64-cc,
mingw64,mingw-w64-x86_64-python-asyncpg,build-depends-on,mingw-w64-x86_64-cc,
mingw64,mingw-w64-x86_64-python-audioop-lts,build-depends-on,mingw-w64-x86_64-cc,
mingw64,mingw-w64-x86_64-python-bcrypt,build-depends-on,mingw-w64-x86_64-cc,
mingw64,mingw-w64-x86_64-python-biopython,build-depends-on,mingw-w64-x86_64-cc,
mingw64,mingw-w64-x86_64-python-biscuits,build-depends-on,mingw-w64-x86_64-cc,
mingw64,mingw-w64-x86_64-python-brotli,build-depends-on,mingw-w64-x86_64-cc,
mingw64,mingw-w64-x86_64-python-brotlicffi,build-depends-on,mingw-w64-x86_64-cc,
mingw64,mingw-w64-x86_64-python-bsddb3,build-depends-on,mingw-w64-x86_64-cc,
mingw64,mingw-w64-x86_64-python-cairo,build-depends-on,mingw-w64-x86_64-cc,
mingw64,mingw-w64-x86_64-python-can,check-depends-on,mingw-w64-x86_64-python-codecov,
mingw64,mingw-w64-x86_64-python-capstone,build-depends-on,mingw-w64-x86_64-cc,
mingw64,mingw-w64-x86_64-python-cffi,build-depends-on,mingw-w64-x86_64-cc,
mingw64,mingw-w64-x86_64-python-conan-server,build-depends-on,mingw-w64-x86_64-python-build,
mingw64,mingw-w64-x86_64-python-conan-server,build-depends-on,mingw-w64-x86_64-python-installer,
mingw64,mingw-w64-x86_64-python-conan-server,build-depends-on,mingw-w64-x86_64-python-setuptools,
mingw64,mingw-w64-x86_64-python-contourpy,build-depends-on,mingw-w64-x86_64-cc,
mingw64,mingw-w64-x86_64-python-coverage,build-depends-on,mingw-w64-x86_64-cc,
mingw64,mingw-w64-x86_64-python-crcmod,build-depends-on,mingw-w64-x86_64-cc,
mingw64,mingw-w64-x86_64-python-cryptography,build-depends-on,mingw-w64-x86_64-cc,
mingw64,mingw-w64-x86_64-python-cvxopt,build-depends-on,mingw-w64-x86_64-cc,
mingw64,mingw-w64-x86_64-python-cx-logging,build-depends-on,mingw-w64-x86_64-cc,
mingw64,mingw-w64-x86_64-python-cysignals,build-depends-on,mingw-w64-x86_64-cc,
mingw64,mingw-w64-x86_64-python-debugpy,build-depends-on,mingw-w64-x86_64-cc,
mingw64,mingw-w64-x86_64-python-distlib,build-depends-on,mingw-w64-x86_64-cc,
mingw64,mingw-w64-x86_64-python-dlib,build-depends-on,mingw-w64-x86_64-cc,
mingw64,mingw-w64-x86_64-python-docopt,build-depends-on,mingw-w64-x86_64-cc,
mingw64,mingw-w64-x86_64-python-dulwich,build-depends-on,mingw-w64-x86_64-cc,
mingw64,mingw-w64-x86_64-python-flatbuffers,build-depends-on,mingw-w64-x86_64-cc,
mingw64,mingw-w64-x86_64-python-fonttools,build-depends-on,mingw-w64-x86_64-cc,
mingw64,mingw-w64-x86_64-python-freeze-core,build-depends-on,mingw-w64-x86_64-cc,
mingw64,mingw-w64-x86_64-python-frozenlist,build-depends-on,mingw-w64-x86_64-cc,
mingw64,mingw-w64-x86_64-python-gdal,build-depends-on,mingw-w64-x86_64-cc,
mingw64,mingw-w64-x86_64-python-glcontext,build-depends-on,mingw-w64-x86_64-cc,
mingw64,mingw-w64-x86_64-python-glfw,build-depends-on,mingw-w64-x86_64-cc,
mingw64,mingw-w64-x86_64-python-gmpy2,build-depends-on,mingw-w64-x86_64-cc,
mingw64,mingw-w64-x86_64-python-gobject,build-depends-on,mingw-w64-x86_64-cc,
mingw64,mingw-w64-x86_64-python-gpgme,build-depends-on,mingw-w64-x86_64-cc,
mingw64,mingw-w64-x86_64-python-greenlet,build-depends-on,mingw-w64-x86_64-cc,
mingw64,mingw-w64-x86_64-python-grpcio,build-depends-on,mingw-w64-x86_64-cc,
mingw64,mingw-w64-x86_64-python-grpcio-tools,build-depends-on,mingw-w64-x86_64-cc,
mingw64,mingw-w64-x86_64-python-gssapi,build-depends-on,mingw-w64-x86_64-cc,
mingw64,mingw-w64-x86_64-python-h5py,build-depends-on,mingw-w64-x86_64-cc,
mingw64,mingw-w64-x86_64-python-hiredis,build-depends-on,mingw-w64-x86_64-cc,
mingw64,mingw-w64-x86_64-python-hunter,build-depends-on,mingw-w64-x86_64-cc,
mingw64,mingw-w64-x86_64-python-icu,build-depends-on,mingw-w64-x86_64-cc,
mingw64,mingw-w64-x86_64-python-igraph,build-depends-on,mingw-w64-x86_64-cc,
mingw64,mingw-w64-x86_64-python-imagecodecs,build-depends-on,mingw-w64-x86_64-cc,
mingw64,mingw-w64-x86_64-python-immutables,build-depends-on,mingw-w64-x86_64-cc,
mingw64,mingw-w64-x86_64-python-installer,build-depends-on,mingw-w64-x86_64-cc,
mingw64,mingw-w64-x86_64-python-jsonnet,build-depends-on,mingw-w64-x86_64-cc,
mingw64,mingw-w64-x86_64-python-keystone,build-depends-on,mingw-w64-x86_64-cc,
mingw64,mingw-w64-x86_64-python-kiwisolver,build-depends-on,mingw-w64-x86_64-cc,
mingw64,mingw-w64-x86_64-python-lazy-object-proxy,build-depends-on,mingw-w64-x86_64-cc,
mingw64,mingw-w64-x86_64-python-ldap,build-depends-on,mingw-w64-x86_64-cc,
mingw64,mingw-w64-x86_64-python-levenshtein,build-depends-on,mingw-w64-x86_64-cc,
mingw64,mingw-w64-x86_64-python-lhafile,build-depends-on,mingw-w64-x86_64-cc,
mingw64,mingw-w64-x86_64-python-librt,build-depends-on,mingw-w64-x86_64-cc,
mingw64,mingw-w64-x86_64-python-libsass,build-depends-on,mingw-w64-x86_64-cc,
mingw64,mingw-w64-x86_64-python-lief,build-depends-on,mingw-w64-x86_64-cc,
mingw64,mingw-w64-x86_64-python-llvmlite,build-depends-on,mingw-w64-x86_64-cc,
mingw64,mingw-w64-x86_64-python-lmdb,build-depends-on,mingw-w64-x86_64-cc,
mingw64,mingw-w64-x86_64-python-lrcalc,build-depends-on,mingw-w64-x86_64-cc,
mingw64,mingw-w64-x86_64-python-lws,build-depends-on,mingw-w64-x86_64-cc,
mingw64,mingw-w64-x86_64-python-lxml,build-depends-on,mingw-w64-x86_64-cc,
mingw64,mingw-w64-x86_64-python-lz4,build-depends-on,mingw-w64-x86_64-cc,
mingw64,mingw-w64-x86_64-python-lzo,build-depends-on,mingw-w64-x86_64-cc,
mingw64,mingw-w64-x86_64-python-manimpango,build-depends-on,mingw-w64-x86_64-cc,
mingw64,mingw-w64-x86_64-python-markupsafe,build-depends-on,mingw-w64-x86_64-cc,
mingw64,mingw-w64-x86_64-python-matplotlib,build-depends-on,mingw-w64-x86_64-cc,
mingw64,mingw-w64-x86_64-python-memory-allocator,build-depends-on,mingw-w64-x86_64-cc,
mingw64,mingw-w64-x86_64-python-miniupnpc,build-depends-on,mingw-w64-x86_64-cc,
mingw64,mingw-w64-x86_64-python-moderngl,build-depends-on,mingw-w64-x86_64-cc,
mingw64,mingw-w64-x86_64-python-msgpack,build-depends-on,mingw-w64-x86_64-cc,
mingw64,mingw-w64-x86_64-python-msgspec,build-depends-on,mingw-w64-x86_64-cc,
mingw64,mingw-w64-x86_64-python-msilib,build-depends-on,mingw-w64-x86_64-cc,
mingw64,mingw-w64-x86_64-python-multidict,build-depends-on,mingw-w64-x86_64-cc,
mingw64,mingw-w64-x86_64-python-mysqlclient,build-depends-on,mingw-w64-x86_64-cc,
mingw64,mingw-w64-x86_64-python-netifaces,build-depends-on,mingw-w64-x86_64-cc,
mingw64,mingw-w64-x86_64-python-numba,build-depends-on,mingw-w64-x86_64-cc,
mingw64,mingw-w64-x86_64-python-numexpr,build-depends-on,mingw-w64-x86_64-cc,
mingw64,mingw-w64-x86_64-python-numpy,build-depends-on,mingw-w64-x86_64-cc,
mingw64,mingw-w64-x86_64-python-opencamlib,build-depends-on,mingw-w64-x86_64-cc,
mingw64,mingw-w64-x86_64-python-opencv,build-depends-on,mingw-w64-x86_64-cc,
mingw64,mingw-w64-x86_64-python-opencv,build-depends-on,mingw-w64-x86_64-fc,
mingw64,mingw-w64-x86_64-python-pandas,build-depends-on,mingw-w64-x86_64-cc,
mingw64,mingw-w64-x86_64-python-pesq,build-depends-on,mingw-w64-x86_64-cc,
mingw64,mingw-w64-x86_64-python-pi-heif,build-depends-on,mingw-w64-x86_64-cc,
mingw64,mingw-w64-x86_64-python-pikepdf,build-depends-on,mingw-w64-x86_64-cc,
mingw64,mingw-w64-x86_64-python-pillow,build-depends-on,mingw-w64-x86_64-cc,
mingw64,mingw-w64-x86_64-python-pivy,build-depends-on,mingw-w64-x86_64-cc,
mingw64,mingw-w64-x86_64-python-polars,build-depends-on,mingw-w64-x86_64-cc,
mingw64,mingw-w64-x86_64-python-polars-runtime-32,build-depends-on,mingw-w64-x86_64-cc,
mingw64,mingw-w64-x86_64-python-polars-runtime-64,build-depends-on,mingw-w64-x86_64-cc,
mingw64,mingw-w64-x86_64-python-polars-runtime-compat,build-depends-on,mingw-w64-x86_64-cc,
mingw64,mingw-w64-x86_64-python-propcache,build-depends-on,mingw-w64-x86_64-cc,
mingw64,mingw-w64-x86_64-python-protobuf,build-depends-on,mingw-w64-x86_64-cc,
mingw64,mingw-w64-x86_64-python-psleak,check-depends-on,mingw-w64-x86_64-cc,
mingw64,mingw-w64-x86_64-python-psutil,build-depends-on,mingw-w64-x86_64-cc,
mingw64,mingw-w64-x86_64-python-psycopg2,build-depends-on,mingw-w64-x86_64-cc,
mingw64,mingw-w64-x86_64-python-pyamg,build-depends-on,mingw-w64-x86_64-cc,
mingw64,mingw-w64-x86_64-python-pyarrow,build-depends-on,mingw-w64-x86_64-cc,
mingw64,mingw-w64-x86_64-python-pybase64,build-depends-on,mingw-w64-x86_64-cc,
mingw64,mingw-w64-x86_64-python-pybox2d,build-depends-on,mingw-w64-x86_64-cc,
mingw64,mingw-w64-x86_64-python-pybullet,build-depends-on,mingw-w64-x86_64-cc,
mingw64,mingw-w64-x86_64-python-pycares,build-depends-on,mingw-w64-x86_64-cc,
mingw64,mingw-w64-x86_64-python-pycryptodome,build-depends-on,mingw-w64-x86_64-cc,
mingw64,mingw-w64-x86_64-python-pycryptodomex,build-depends-on,mingw-w64-x86_64-cc,
mingw64,mingw-w64-x86_64-python-pycurl,build-depends-on,mingw-w64-x86_64-cc,
mingw64,mingw-w64-x86_64-python-pyfastbti,build-depends-on,mingw-w64-x86_64-cc,
mingw64,mingw-w64-x86_64-python-pyfasttextureutils,build-depends-on,mingw-w64-x86_64-cc,
mingw64,mingw-w64-x86_64-python-pygame,build-depends-on,mingw-w64-x86_64-cc,
mingw64,mingw-w64-x86_64-python-pygit2,build-depends-on,mingw-w64-x86_64-cc,
mingw64,mingw-w64-x86_64-python-pyglm,build-depends-on,mingw-w64-x86_64-cc,
mingw64,mingw-w64-x86_64-python-pylablib,build-depends-on,mingw-w64-x86_64-cc,
mingw64,mingw-w64-x86_64-python-pylsqpack,build-depends-on,mingw-w64-x86_64-cc,
mingw64,mingw-w64-x86_64-python-pymi,build-depends-on,mingw-w64-x86_64-cc,
mingw64,mingw-w64-x86_64-python-pymongocrypt,build-depends-on,mingw-w64-x86_64-cc,
mingw64,mingw-w64-x86_64-python-pymupdf,build-depends-on,mingw-w64-x86_64-cc,
mingw64,mingw-w64-x86_64-python-pynacl,build-depends-on,mingw-w64-x86_64-cc,
mingw64,mingw-w64-x86_64-python-pyodbc,build-depends-on,mingw-w64-x86_64-cc,
mingw64,mingw-w64-x86_64-python-pyopengl,build-depends-on,mingw-w64-x86_64-cc,
mingw64,mingw-w64-x86_64-python-pyopengl-accelerate,build-depends-on,mingw-w64-x86_64-cc,
mingw64,mingw-w64-x86_64-python-pyproj,build-depends-on,mingw-w64-x86_64-cc,
mingw64,mingw-w64-x86_64-python-pyqt5,build-depends-on,mingw-w64-x86_64-cc,
mingw64,mingw-w64-x86_64-python-pyqt5-3d,build-depends-on,mingw-w64-x86_64-cc,
mingw64,mingw-w64-x86_64-python-pyqt6,build-depends-on,mingw-w64-x86_64-cc,
mingw64,mingw-w64-x86_64-python-pyqt6-sip,build-depends-on,mingw-w64-x86_64-cc,
mingw64,mingw-w64-x86_64-python-pyrsistent,build-depends-on,mingw-w64-x86_64-cc,
mingw64,mingw-w64-x86_64-python-pysfcgal,build-depends-on,mingw-w64-x86_64-cc,
mingw64,mingw-w64-x86_64-python-pyspnego,build-depends-on,mingw-w64-x86_64-cc,
mingw64,mingw-w64-x86_64-python-pystemmer,build-depends-on,mingw-w64-x86_64-cc,
mingw64,mingw-w64-x86_64-python-pythran,build-depends-on,mingw-w64-x86_64-cc,
mingw64,mingw-w64-x86_64-python-pytokens,build-depends-on,mingw-w64-x86_64-cc,
mingw64,mingw-w64-x86_64-python-pywavelets,build-depends-on,mingw-w64-x86_64-cc,
mingw64,mingw-w64-x86_64-python-pywin32,build-depends-on,mingw-w64-x86_64-cc,
mingw64,mingw-w64-x86_64-python-pyzmq,build-depends-on,mingw-w64-x86_64-cc,
mingw64,mingw-w64-x86_64-python-pyzopfli,build-depends-on,mingw-w64-x86_64-cc,
mingw64,mingw-w64-x86_64-python-qscintilla-qt5,build-depends-on,mingw-w64-x86_64-cc,
mingw64,mingw-w64-x86_64-python-qscintilla-qt6,build-depends-on,mingw-w64-x86_64-cc,
mingw64,mingw-w64-x86_64-python-rapidfuzz,build-depends-on,mingw-w64-x86_64-cc,
mingw64,mingw-w64-x86_64-python-rawpy,build-depends-on,mingw-w64-x86_64-cc,
mingw64,mingw-w64-x86_64-python-regex,build-depends-on,mingw-w64-x86_64-cc,
mingw64,mingw-w64-x86_64-python-rencode,build-depends-on,mingw-w64-x86_64-cc,
mingw64,mingw-w64-x86_64-python-requests,check-depends-on,mingw-w64-x86_64-python-pytest-httpbin,
mingw64,mingw-w64-x86_64-python-ruamel.yaml.clib,build-depends-on,mingw-w64-x86_64-cc,
mingw64,mingw-w64-x86_64-python-s2geometry,build-depends-on,mingw-w64-x86_64-cc,
mingw64,mingw-w64-x86_64-python-scandir,build-depends-on,mingw-w64-x86_64-cc,
mingw64,mingw-w64-x86_64-python-scikit-image,build-depends-on,mingw-w64-x86_64-cc,
mingw64,mingw-w64-x86_64-python-scikit-learn,build-depends-on,mingw-w64-x86_64-cc,
mingw64,mingw-w64-x86_64-python-scipy,build-depends-on,mingw-w64-x86_64-cc,
mingw64,mingw-w64-x86_64-python-scipy,build-depends-on,mingw-w64-x86_64-fc,
mingw64,mingw-w64-x86_64-python-setproctitle,build-depends-on,mingw-w64-x86_64-cc,
mingw64,mingw-w64-x86_64-python-setuptools,build-depends-on,mingw-w64-x86_64-cc,
mingw64,mingw-w64-x86_64-python-shapely,build-depends-on,mingw-w64-x86_64-cc,
mingw64,mingw-w64-x86_64-python-skia-pathops,build-depends-on,mingw-w64-x86_64-cc,
mingw64,mingw-w64-x86_64-python-soxr,build-depends-on,mingw-w64-x86_64-cc,
mingw64,mingw-w64-x86_64-python-sqlalchemy,build-depends-on,mingw-w64-x86_64-cc,
mingw64,mingw-w64-x86_64-python-sspilib,build-depends-on,mingw-w64-x86_64-cc,
mingw64,mingw-w64-x86_64-python-statsmodels,build-depends-on,mingw-w64-x86_64-cc,
mingw64,mingw-w64-x86_64-python-structlog,check-depends-on,mingw-w64-x86_64-python-simplejson,
mingw64,mingw-w64-x86_64-python-tinyaes,build-depends-on,mingw-w64-x86_64-cc,
mingw64,mingw-w64-x86_64-python-tornado,build-depends-on,mingw-w64-x86_64-cc,
mingw64,mingw-w64-x86_64-python-uharfbuzz,build-depends-on,mingw-w64-x86_64-cc,
mingw64,mingw-w64-x86_64-python-ujson,build-depends-on,mingw-w64-x86_64-cc,
mingw64,mingw-w64-x86_64-python-unicorn,build-depends-on,mingw-w64-x86_64-cc,
mingw64,mingw-w64-x86_64-python-webrtcvad,build-depends-on,mingw-w64-x86_64-cc,
mingw64,mingw-w64-x86_64-python-websockets,build-depends-on,mingw-w64-x86_64-cc,
mingw64,mingw-w64-x86_64-python-winkerberos,build-depends-on,mingw-w64-x86_64-cc,
mingw64,mingw-w64-x86_64-python-winloop,build-depends-on,mingw-w64-x86_64-cc,
mingw64,mingw-w64-x86_64-python-winsdk,build-depends-on,mingw-w64-x86_64-cc,
mingw64,mingw-w64-x86_64-python-wordcloud,build-depends-on,mingw-w64-x86_64-cc,
mingw64,mingw-w64-x86_64-python-wrapt,build-depends-on,mingw-w64-x86_64-cc,
mingw64,mingw-w64-x86_64-python-xpra,build-depends-on,mingw-w64-x86_64-cc,
mingw64,mingw-w64-x86_64-python-yaml,build-depends-on,mingw-w64-x86_64-cc,
mingw64,mingw-w64-x86_64-python-yarl,build-depends-on,mingw-w64-x86_64-cc,
mingw64,mingw-w64-x86_64-python-zeroconf,build-depends-on,mingw-w64-x86_64-cc,
mingw64,mingw-w64-x86_64-python-zope.interface,build-depends-on,mingw-w64-x86_64-cc,
mingw64,mingw-w64-x86_64-python-zstandard,build-depends-on,mingw-w64-x86_64-cc,
mingw64,mingw-w64-x86_64-python-zxing-cpp,build-depends-on,mingw-w64-x86_64-cc,
mingw64,mingw-w64-x86_64-qbittorrent,build-depends-on,mingw-w64-x86_64-cc,
mingw64,mingw-w64-x86_64-qbs,build-depends-on,mingw-w64-x86_64-cc,
mingw64,mingw-w64-x86_64-qca-qt5,build-depends-on,mingw-w64-x86_64-cc,
mingw64,mingw-w64-x86_64-qca-qt6,build-depends-on,mingw-w64-x86_64-cc,
mingw64,mingw-w64-x86_64-qdia,build-depends-on,mingw-w64-x86_64-cc,
mingw64,mingw-w64-x86_64-qemu,build-depends-on,mingw-w64-x86_64-cc,
mingw64,mingw-w64-x86_64-qemu-common,build-depends-on,mingw-w64-x86_64-cc,
mingw64,mingw-w64-x86_64-qemu-guest-agent,build-depends-on,mingw-w64-x86_64-cc,
mingw64,mingw-w64-x86_64-qemu-image-util,build-depends-on,mingw-w64-x86_64-cc,
mingw64,mingw-w64-x86_64-qgpgme-qt5,build-depends-on,mingw-w64-x86_64-cc,
mingw64,mingw-w64-x86_64-qgpgme-qt6,build-depends-on,mingw-w64-x86_64-cc,
mingw64,mingw-w64-x86_64-qhttpengine,build-depends-on,mingw-w64-x86_64-cc,
mingw64,mingw-w64-x86_64-qhull,build-depends-on,mingw-w64-x86_64-cc,
mingw64,mingw-w64-x86_64-qjackctl,build-depends-on,mingw-w64-x86_64-cc,
mingw64,mingw-w64-x86_64-qmdnsengine,build-depends-on,mingw-w64-x86_64-cc,
mingw64,mingw-w64-x86_64-qownnotes,build-depends-on,mingw-w64-x86_64-cc,
mingw64,mingw-w64-x86_64-qpdf,build-depends-on,mingw-w64-x86_64-cc,
mingw64,mingw-w64-x86_64-qrencode,build-depends-on,mingw-w64-x86_64-SDL,
mingw64,mingw-w64-x86_64-qrencode,build-depends-on,mingw-w64-x86_64-cc,
mingw64,mingw-w64-x86_64-qrupdate,build-depends-on,mingw-w64-x86_64-fc,
mingw64,mingw-w64-x86_64-qscintilla-qt5,build-depends-on,mingw-w64-x86_64-cc,
mingw64,mingw-w64-x86_64-qscintilla-qt6,build-depends-on,mingw-w64-x86_64-cc,
mingw64,mingw-w64-x86_64-qt-creator,build-depends-on,mingw-w64-x86_64-cc,
mingw64,mingw-w64-x86_64-qt-creator-devel,build-depends-on,mingw-w64-x86_64-cc,
mingw64,mingw-w64-x86_64-qt-creator-docs,build-depends-on,mingw-w64-x86_64-cc,
mingw64,mingw-w64-x86_64-qt-installer-framework,build-depends-on,mingw-w64-x86_64-cc,
mingw64,mingw-w64-x86_64-qt5-3d,build-depends-on,mingw-w64-x86_64-cc,
mingw64,mingw-w64-x86_64-qt5-3d-debug,build-depends-on,mingw-w64-x86_64-cc,
mingw64,mingw-w64-x86_64-qt5-activeqt,build-depends-on,mingw-w64-x86_64-cc,
mingw64,mingw-w64-x86_64-qt5-activeqt-debug,build-depends-on,mingw-w64-x86_64-cc,
mingw64,mingw-w64-x86_64-qt5-base,build-depends-on,mingw-w64-x86_64-cc,
mingw64,mingw-w64-x86_64-qt5-base,build-depends-on,mingw-w64-x86_64-vulkan,
mingw64,mingw-w64-x86_64-qt5-base-debug,build-depends-on,mingw-w64-x86_64-cc,
mingw64,mingw-w64-x86_64-qt5-base-debug,build-depends-on,mingw-w64-x86_64-vulkan,
mingw64,mingw-w64-x86_64-qt5-charts,build-depends-on,mingw-w64-x86_64-cc,
mingw64,mingw-w64-x86_64-qt5-charts-debug,build-depends-on,mingw-w64-x86_64-cc,
mingw64,mingw-w64-x86_64-qt5-connectivity,build-depends-on,mingw-w64-x86_64-cc,
mingw64,mingw-w64-x86_64-qt5-connectivity-debug,build-depends-on,mingw-w64-x86_64-cc,
mingw64,mingw-w64-x86_64-qt5-datavis3d,build-depends-on,mingw-w64-x86_64-cc,
mingw64,mingw-w64-x86_64-qt5-datavis3d-debug,build-depends-on,mingw-w64-x86_64-cc,
mingw64,mingw-w64-x86_64-qt5-declarative,build-depends-on,mingw-w64-x86_64-cc,
mingw64,mingw-w64-x86_64-qt5-declarative-debug,build-depends-on,mingw-w64-x86_64-cc,
mingw64,mingw-w64-x86_64-qt5-gamepad,build-depends-on,mingw-w64-x86_64-SDL2,
mingw64,mingw-w64-x86_64-qt5-gamepad,build-depends-on,mingw-w64-x86_64-cc,
mingw64,mingw-w64-x86_64-qt5-gamepad-debug,build-depends-on,mingw-w64-x86_64-SDL2,
mingw64,mingw-w64-x86_64-qt5-gamepad-debug,build-depends-on,mingw-w64-x86_64-cc,
mingw64,mingw-w64-x86_64-qt5-graphicaleffects,build-depends-on,mingw-w64-x86_64-cc,
mingw64,mingw-w64-x86_64-qt5-graphicaleffects-debug,build-depends-on,mingw-w64-x86_64-cc,
mingw64,mingw-w64-x86_64-qt5-imageformats,build-depends-on,mingw-w64-x86_64-cc,
mingw64,mingw-w64-x86_64-qt5-imageformats-debug,build-depends-on,mingw-w64-x86_64-cc,
mingw64,mingw-w64-x86_64-qt5-location,build-depends-on,mingw-w64-x86_64-cc,
mingw64,mingw-w64-x86_64-qt5-location-debug,build-depends-on,mingw-w64-x86_64-cc,
mingw64,mingw-w64-x86_64-qt5-lottie,build-depends-on,mingw-w64-x86_64-cc,
mingw64,mingw-w64-x86_64-qt5-lottie-debug,build-depends-on,mingw-w64-x86_64-cc,
mingw64,mingw-w64-x86_64-qt5-multimedia,build-depends-on,mingw-w64-x86_64-cc,
mingw64,mingw-w64-x86_64-qt5-multimedia-debug,build-depends-on,mingw-w64-x86_64-cc,
mingw64,mingw-w64-x86_64-qt5-networkauth,build-depends-on,mingw-w64-x86_64-cc,
mingw64,mingw-w64-x86_64-qt5-networkauth-debug,build-depends-on,mingw-w64-x86_64-cc,
mingw64,mingw-w64-x86_64-qt5-pdf,build-depends-on,mingw-w64-x86_64-cc,
mingw64,mingw-w64-x86_64-qt5-pdf-debug,build-depends-on,mingw-w64-x86_64-cc,
mingw64,mingw-w64-x86_64-qt5-purchasing,build-depends-on,mingw-w64-x86_64-cc,
mingw64,mingw-w64-x86_64-qt5-purchasing-debug,build-depends-on,mingw-w64-x86_64-cc,
mingw64,mingw-w64-x86_64-qt5-quick3d,build-depends-on,mingw-w64-x86_64-cc,
mingw64,mingw-w64-x86_64-qt5-quick3d-debug,build-depends-on,mingw-w64-x86_64-cc,
mingw64,mingw-w64-x86_64-qt5-quickcontrols,build-depends-on,mingw-w64-x86_64-cc,
mingw64,mingw-w64-x86_64-qt5-quickcontrols-debug,build-depends-on,mingw-w64-x86_64-cc,
mingw64,mingw-w64-x86_64-qt5-quickcontrols2,build-depends-on,mingw-w64-x86_64-cc,
mingw64,mingw-w64-x86_64-qt5-quickcontrols2-debug,build-depends-on,mingw-w64-x86_64-cc,
mingw64,mingw-w64-x86_64-qt5-quicktimeline,build-depends-on,mingw-w64-x86_64-cc,
mingw64,mingw-w64-x86_64-qt5-quicktimeline-debug,build-depends-on,mingw-w64-x86_64-cc,
mingw64,mingw-w64-x86_64-qt5-remoteobjects,build-depends-on,mingw-w64-x86_64-cc,
mingw64,mingw-w64-x86_64-qt5-remoteobjects-debug,build-depends-on,mingw-w64-x86_64-cc,
mingw64,mingw-w64-x86_64-qt5-script,build-depends-on,mingw-w64-x86_64-cc,
mingw64,mingw-w64-x86_64-qt5-script-debug,build-depends-on,mingw-w64-x86_64-cc,
mingw64,mingw-w64-x86_64-qt5-scxml,build-depends-on,mingw-w64-x86_64-cc,
mingw64,mingw-w64-x86_64-qt5-scxml-debug,build-depends-on,mingw-w64-x86_64-cc,
mingw64,mingw-w64-x86_64-qt5-sensors,build-depends-on,mingw-w64-x86_64-cc,
mingw64,mingw-w64-x86_64-qt5-sensors-debug,build-depends-on,mingw-w64-x86_64-cc,
mingw64,mingw-w64-x86_64-qt5-serialbus,build-depends-on,mingw-w64-x86_64-cc,
mingw64,mingw-w64-x86_64-qt5-serialbus-debug,build-depends-on,mingw-w64-x86_64-cc,
mingw64,mingw-w64-x86_64-qt5-serialport,build-depends-on,mingw-w64-x86_64-cc,
mingw64,mingw-w64-x86_64-qt5-serialport-debug,build-depends-on,mingw-w64-x86_64-cc,
mingw64,mingw-w64-x86_64-qt5-speech,build-depends-on,mingw-w64-x86_64-cc,
mingw64,mingw-w64-x86_64-qt5-speech-debug,build-depends-on,mingw-w64-x86_64-cc,
mingw64,mingw-w64-x86_64-qt5-static,build-depends-on,mingw-w64-x86_64-cc,
mingw64,mingw-w64-x86_64-qt5-svg,build-depends-on,mingw-w64-x86_64-cc,
mingw64,mingw-w64-x86_64-qt5-svg-debug,build-depends-on,mingw-w64-x86_64-cc,
mingw64,mingw-w64-x86_64-qt5-tools,build-depends-on,mingw-w64-x86_64-cc,
mingw64,mingw-w64-x86_64-qt5-tools-debug,build-depends-on,mingw-w64-x86_64-cc,
mingw64,mingw-w64-x86_64-qt5-translations,build-depends-on,mingw-w64-x86_64-cc,
mingw64,mingw-w64-x86_64-qt5-virtualkeyboard,build-depends-on,mingw-w64-x86_64-cc,
mingw64,mingw-w64-x86_64-qt5-virtualkeyboard-debug,build-depends-on,mingw-w64-x86_64-cc,
mingw64,mingw-w64-x86_64-qt5-webchannel,build-depends-on,mingw-w64-x86_64-cc,
mingw64,mingw-w64-x86_64-qt5-webchannel-debug,build-depends-on,mingw-w64-x86_64-cc,
mingw64,mingw-w64-x86_64-qt5-webglplugin,build-depends-on,mingw-w64-x86_64-cc,
mingw64,mingw-w64-x86_64-qt5-webglplugin-debug,build-depends-on,mingw-w64-x86_64-cc,
mingw64,mingw-w64-x86_64-qt5-websockets,build-depends-on,mingw-w64-x86_64-cc,
mingw64,mingw-w64-x86_64-qt5-websockets-debug,build-depends-on,mingw-w64-x86_64-cc,
mingw64,mingw-w64-x86_64-qt5-webview,build-depends-on,mingw-w64-x86_64-cc,
mingw64,mingw-w64-x86_64-qt5-webview-debug,build-depends-on,mingw-w64-x86_64-cc,
mingw64,mingw-w64-x86_64-qt5-winextras,build-depends-on,mingw-w64-x86_64-cc,
mingw64,mingw-w64-x86_64-qt5-winextras-debug,build-depends-on,mingw-w64-x86_64-cc,
mingw64,mingw-w64-x86_64-qt5-xmlpatterns,build-depends-on,mingw-w64-x86_64-cc,
mingw64,mingw-w64-x86_64-qt5-xmlpatterns-debug,build-depends-on,mingw-w64-x86_64-cc,
mingw64,mingw-w64-x86_64-qt6-3d,build-depends-on,mingw-w64-x86_64-cc,
mingw64,mingw-w64-x86_64-qt6-3d-debug,build-depends-on,mingw-w64-x86_64-cc,
mingw64,mingw-w64-x86_64-qt6-5compat,build-depends-on,mingw-w64-x86_64-cc,
mingw64,mingw-w64-x86_64-qt6-5compat-debug,build-depends-on,mingw-w64-x86_64-cc,
mingw64,mingw-w64-x86_64-qt6-activeqt,build-depends-on,mingw-w64-x86_64-cc,
mingw64,mingw-w64-x86_64-qt6-activeqt-debug,build-depends-on,mingw-w64-x86_64-cc,
mingw64,mingw-w64-x86_64-qt6-base,build-depends-on,mingw-w64-x86_64-cc,
mingw64,mingw-w64-x86_64-qt6-base-debug,build-depends-on,mingw-w64-x86_64-cc,
mingw64,mingw-w64-x86_64-qt6-charts,build-depends-on,mingw-w64-x86_64-cc,
mingw64,mingw-w64-x86_64-qt6-charts-debug,build-depends-on,mingw-w64-x86_64-cc,
mingw64,mingw-w64-x86_64-qt6-connectivity,build-depends-on,mingw-w64-x86_64-cc,
mingw64,mingw-w64-x86_64-qt6-connectivity-debug,build-depends-on,mingw-w64-x86_64-cc,
mingw64,mingw-w64-x86_64-qt6-datavis3d,build-depends-on,mingw-w64-x86_64-cc,
mingw64,mingw-w64-x86_64-qt6-datavis3d-debug,build-depends-on,mingw-w64-x86_64-cc,
mingw64,mingw-w64-x86_64-qt6-declarative,build-depends-on,mingw-w64-x86_64-cc,
mingw64,mingw-w64-x86_64-qt6-declarative-debug,build-depends-on,mingw-w64-x86_64-cc,
mingw64,mingw-w64-x86_64-qt6-grpc,build-depends-on,mingw-w64-x86_64-cc,
mingw64,mingw-w64-x86_64-qt6-grpc-debug,build-depends-on,mingw-w64-x86_64-cc,
mingw64,mingw-w64-x86_64-qt6-httpserver,build-depends-on,mingw-w64-x86_64-cc,
mingw64,mingw-w64-x86_64-qt6-httpserver-debug,build-depends-on,mingw-w64-x86_64-cc,
mingw64,mingw-w64-x86_64-qt6-imageformats,build-depends-on,mingw-w64-x86_64-cc,
mingw64,mingw-w64-x86_64-qt6-imageformats-debug,build-depends-on,mingw-w64-x86_64-cc,
mingw64,mingw-w64-x86_64-qt6-languageserver,build-depends-on,mingw-w64-x86_64-cc,
mingw64,mingw-w64-x86_64-qt6-location,build-depends-on,mingw-w64-x86_64-cc,
mingw64,mingw-w64-x86_64-qt6-location-debug,build-depends-on,mingw-w64-x86_64-cc,
mingw64,mingw-w64-x86_64-qt6-lottie,build-depends-on,mingw-w64-x86_64-cc,
mingw64,mingw-w64-x86_64-qt6-lottie-debug,build-depends-on,mingw-w64-x86_64-cc,
mingw64,mingw-w64-x86_64-qt6-multimedia,build-depends-on,mingw-w64-x86_64-cc,
mingw64,mingw-w64-x86_64-qt6-multimedia-debug,build-depends-on,mingw-w64-x86_64-cc,
mingw64,mingw-w64-x86_64-qt6-multimedia-ffmpeg,build-depends-on,mingw-w64-x86_64-cc,
mingw64,mingw-w64-x86_64-qt6-multimedia-wmf,build-depends-on,mingw-w64-x86_64-cc,
mingw64,mingw-w64-x86_64-qt6-networkauth,build-depends-on,mingw-w64-x86_64-cc,
mingw64,mingw-w64-x86_64-qt6-networkauth-debug,build-depends-on,mingw-w64-x86_64-cc,
mingw64,mingw-w64-x86_64-qt6-positioning,build-depends-on,mingw-w64-x86_64-cc,
mingw64,mingw-w64-x86_64-qt6-positioning-debug,build-depends-on,mingw-w64-x86_64-cc,
mingw64,mingw-w64-x86_64-qt6-quick3d,build-depends-on,mingw-w64-x86_64-cc,
mingw64,mingw-w64-x86_64-qt6-quick3d-debug,build-depends-on,mingw-w64-x86_64-cc,
mingw64,mingw-w64-x86_64-qt6-quick3dphysics,build-depends-on,mingw-w64-x86_64-cc,
mingw64,mingw-w64-x86_64-qt6-quick3dphysics-debug,build-depends-on,mingw-w64-x86_64-cc,
mingw64,mingw-w64-x86_64-qt6-quickeffectmaker,build-depends-on,mingw-w64-x86_64-cc,
mingw64,mingw-w64-x86_64-qt6-quickeffectmaker-debug,build-depends-on,mingw-w64-x86_64-cc,
mingw64,mingw-w64-x86_64-qt6-quicktimeline,build-depends-on,mingw-w64-x86_64-cc,
mingw64,mingw-w64-x86_64-qt6-quicktimeline-debug,build-depends-on,mingw-w64-x86_64-cc,
mingw64,mingw-w64-x86_64-qt6-remoteobjects,build-depends-on,mingw-w64-x86_64-cc,
mingw64,mingw-w64-x86_64-qt6-remoteobjects-debug,build-depends-on,mingw-w64-x86_64-cc,
mingw64,mingw-w64-x86_64-qt6-scxml,build-depends-on,mingw-w64-x86_64-cc,
mingw64,mingw-w64-x86_64-qt6-scxml-debug,build-depends-on,mingw-w64-x86_64-cc,
mingw64,mingw-w64-x86_64-qt6-sensors,build-depends-on,mingw-w64-x86_64-cc,
mingw64,mingw-w64-x86_64-qt6-sensors-debug,build-depends-on,mingw-w64-x86_64-cc,
mingw64,mingw-w64-x86_64-qt6-serialbus,build-depends-on,mingw-w64-x86_64-cc,
mingw64,mingw-w64-x86_64-qt6-serialbus-debug,build-depends-on,mingw-w64-x86_64-cc,
mingw64,mingw-w64-x86_64-qt6-serialport,build-depends-on,mingw-w64-x86_64-cc,
mingw64,mingw-w64-x86_64-qt6-serialport-debug,build-depends-on,mingw-w64-x86_64-cc,
mingw64,mingw-w64-x86_64-qt6-shadertools,build-depends-on,mingw-w64-x86_64-cc,
mingw64,mingw-w64-x86_64-qt6-shadertools-debug,build-depends-on,mingw-w64-x86_64-cc,
mingw64,mingw-w64-x86_64-qt6-speech,build-depends-on,mingw-w64-x86_64-cc,
mingw64,mingw-w64-x86_64-qt6-speech-debug,build-depends-on,mingw-w64-x86_64-cc,
mingw64,mingw-w64-x86_64-qt6-static,build-depends-on,mingw-w64-x86_64-cc,
mingw64,mingw-w64-x86_64-qt6-svg,build-depends-on,mingw-w64-x86_64-cc,
mingw64,mingw-w64-x86_64-qt6-svg-debug,build-depends-on,mingw-w64-x86_64-cc,
mingw64,mingw-w64-x86_64-qt6-tools,build-depends-on,mingw-w64-x86_64-cc,
mingw64,mingw-w64-x86_64-qt6-tools-debug,build-depends-on,mingw-w64-x86_64-cc,
mingw64,mingw-w64-x86_64-qt6-translations,build-depends-on,mingw-w64-x86_64-cc,
mingw64,mingw-w64-x86_64-qt6-virtualkeyboard,build-depends-on,mingw-w64-x86_64-cc,
mingw64,mingw-w64-x86_64-qt6-virtualkeyboard-debug,build-depends-on,mingw-w64-x86_64-cc,
mingw64,mingw-w64-x86_64-qt6-webchannel,build-depends-on,mingw-w64-x86_64-cc,
mingw64,mingw-w64-x86_64-qt6-webchannel-debug,build-depends-on,mingw-w64-x86_64-cc,
mingw64,mingw-w64-x86_64-qt6-websockets,build-depends-on,mingw-w64-x86_64-cc,
mingw64,mingw-w64-x86_64-qt6-websockets-debug,build-depends-on,mingw-w64-x86_64-cc,
mingw64,mingw-w64-x86_64-qt6-webview,build-depends-on,mingw-w64-x86_64-cc,
mingw64,mingw-w64-x86_64-qt6-webview-debug,build-depends-on,mingw-w64-x86_64-cc,
mingw64,mingw-w64-x86_64-qtkeychain,build-depends-on,mingw-w64-x86_64-cc,
mingw64,mingw-w64-x86_64-qtwebkit,build-depends-on,mingw-w64-x86_64-cc,
mingw64,mingw-w64-x86_64-quantlib,build-depends-on,mingw-w64-x86_64-cc,
mingw64,mingw-w64-x86_64-quarter,build-depends-on,mingw-w64-x86_64-cc,
mingw64,mingw-w64-x86_64-quassel,build-depends-on,mingw-w64-x86_64-cc,
mingw64,mingw-w64-x86_64-quazip,build-depends-on,mingw-w64-x86_64-cc,
mingw64,mingw-w64-x86_64-qucs-s,build-depends-on,mingw-w64-x86_64-cc,
mingw64,mingw-w64-x86_64-quickjs,build-depends-on,mingw-w64-x86_64-cc,
mingw64,mingw-w64-x86_64-quickjs-ng,build-depends-on,mingw-w64-x86_64-cc,
mingw64,mingw-w64-x86_64-qwt-qt5,build-depends-on,mingw-w64-x86_64-cc,
mingw64,mingw-w64-x86_64-qwt-qt6,build-depends-on,mingw-w64-x86_64-cc,
mingw64,mingw-w64-x86_64-qxmpp,build-depends-on,mingw-w64-x86_64-cc,
mingw64,mingw-w64-x86_64-qxmpp-docs,build-depends-on,mingw-w64-x86_64-cc,
mingw64,mingw-w64-x86_64-qxorm,build-depends-on,mingw-w64-x86_64-cc,
mingw64,mingw-w64-x86_64-qxorm-docs,build-depends-on,mingw-w64-x86_64-cc,
mingw64,mingw-w64-x86_64-rabbitmq-c,build-depends-on,mingw-w64-x86_64-cc,
mingw64,mingw-w64-x86_64-ragel,build-depends-on,mingw-w64-x86_64-cc,
mingw64,mingw-w64-x86_64-range-v3,build-depends-on,mingw-w64-x86_64-cc,
mingw64,mingw-w64-x86_64-rapidfuzz-cpp,build-depends-on,mingw-w64-x86_64-cc,
mingw64,mingw-w64-x86_64-rapidjson,build-depends-on,mingw-w64-x86_64-cc,
mingw64,mingw-w64-x86_64-raylib,build-depends-on,mingw-w64-x86_64-cc,
mingw64,mingw-w64-x86_64-rcedit,build-depends-on,mingw-w64-x86_64-cc,
mingw64,mingw-w64-x86_64-rclone,build-depends-on,mingw-w64-x86_64-cc,
mingw64,mingw-w64-x86_64-re2,build-depends-on,mingw-w64-x86_64-cc,
mingw64,mingw-w64-x86_64-readline,build-depends-on,mingw-w64-x86_64-cc,
mingw64,mingw-w64-x86_64-readosm,build-depends-on,mingw-w64-x86_64-cc,
mingw64,mingw-w64-x86_64-recode,build-depends-on,mingw-w64-x86_64-cc,
mingw64,mingw-w64-x86_64-redis-plus-plus,build-depends-on,mingw-w64-x86_64-cc,
mingw64,mingw-w64-x86_64-restbed,build-depends-on,mingw-w64-x86_64-cc,
mingw64,mingw-w64-x86_64-rhash,build-depends-on,mingw-w64-x86_64-cc,
mingw64,mingw-w64-x86_64-rkdeveloptool,build-depends-on,mingw-w64-x86_64-cc,
mingw64,mingw-w64-x86_64-robin-hood-hashing,build-depends-on,mingw-w64-x86_64-cc,
mingw64,mingw-w64-x86_64-robin-map,build-depends-on,mingw-w64-x86_64-cc,
mingw64,mingw-w64-x86_64-rocksdb,build-depends-on,mingw-w64-x86_64-cc,
mingw64,mingw-w64-x86_64-roswell,build-depends-on,mingw-w64-x86_64-cc,
mingw64,mingw-w64-x86_64-rrdtool,build-depends-on,mingw-w64-x86_64-cc,
mingw64,mingw-w64-x86_64-rssguard,build-depends-on,mingw-w64-x86_64-cc,
mingw64,mingw-w64-x86_64-rtaudio,build-depends-on,mingw-w64-x86_64-cc,
mingw64,mingw-w64-x86_64-rtl-sdr,build-depends-on,mingw-w64-x86_64-cc,
mingw64,mingw-w64-x86_64-rtl_433,build-depends-on,mingw-w64-x86_64-cc,
mingw64,mingw-w64-x86_64-rtmidi,build-depends-on,mingw-w64-x86_64-cc,
mingw64,mingw-w64-x86_64-rtmpdump,build-depends-on,mingw-w64-x86_64-cc,
mingw64,mingw-w64-x86_64-rubberband,build-depends-on,mingw-w64-x86_64-cc,
mingw64,mingw-w64-x86_64-ruby,build-depends-on,mingw-w64-x86_64-cc,
mingw64,mingw-w64-x86_64-ruby-rdiscount,build-depends-on,mingw-w64-x86_64-cc,
mingw64,mingw-w64-x86_64-ruc,build-depends-on,mingw-w64-x86_64-cc,
mingw64,mingw-w64-x86_64-ruc-vm,build-depends-on,mingw-w64-x86_64-cc,
mingw64,mingw-w64-x86_64-rufus,build-depends-on,mingw-w64-x86_64-cc,
mingw64,mingw-w64-x86_64-rust,build-depends-on,mingw-w64-x86_64-cc,
mingw64,mingw-w64-x86_64-rust-src,build-depends-on,mingw-w64-x86_64-cc,
mingw64,mingw-w64-x86_64-rxspencer,build-depends-on,mingw-w64-x86_64-cc,
mingw64,mingw-w64-x86_64-s2geometry,build-depends-on,mingw-w64-x86_64-cc,
mingw64,mingw-w64-x86_64-safetyhook,build-depends-on,mingw-w64-x86_64-cc,
mingw64,mingw-w64-x86_64-safetyhook-docs,build-depends-on,mingw-w64-x86_64-cc,
mingw64,mingw-w64-x86_64-samtools,build-depends-on,mingw-w64-x86_64-cc,
mingw64,mingw-w64-x86_64-sassc,build-depends-on,mingw-w64-x86_64-cc,
mingw64,mingw-w64-x86_64-sbc,build-depends-on,mingw-w64-x86_64-cc,
mingw64,mingw-w64-x86_64-sbcl,build-depends-on,mingw-w64-x86_64-cc,
mingw64,mingw-w64-x86_64-scalapack,build-depends-on,mingw-w64-x86_64-cc,
mingw64,mingw-w64-x86_64-scalapack,build-depends-on,mingw-w64-x86_64-fc,
mingw64,mingw-w64-x86_64-scdoc,build-depends-on,mingw-w64-x86_64-cc,
mingw64,mingw-w64-x86_64-schroedinger,build-depends-on,mingw-w64-x86_64-cc,
mingw64,mingw-w64-x86_64-scite,build-depends-on,mingw-w64-x86_64-cc,
mingw64,mingw-w64-x86_64-scite-defaults,build-depends-on,mingw-w64-x86_64-cc,
mingw64,mingw-w64-x86_64-scopehal-apps,build-depends-on,mingw-w64-x86_64-cc,
mingw64,mingw-w64-x86_64-scotch,build-depends-on,mingw-w64-x86_64-cc,
mingw64,mingw-w64-x86_64-scotch,build-depends-on,mingw-w64-x86_64-fc,
mingw64,mingw-w64-x86_64-scotch-metis,build-depends-on,mingw-w64-x86_64-cc,
mingw64,mingw-w64-x86_64-scotch-metis,build-depends-on,mingw-w64-x86_64-fc,
mingw64,mingw-w64-x86_64-scotch64,build-depends-on,mingw-w64-x86_64-cc,
mingw64,mingw-w64-x86_64-scotch64,build-depends-on,mingw-w64-x86_64-fc,
mingw64,mingw-w64-x86_64-scotch64-metis,build-depends-on,mingw-w64-x86_64-cc,
mingw64,mingw-w64-x86_64-scotch64-metis,build-depends-on,mingw-w64-x86_64-fc,
mingw64,mingw-w64-x86_64-scrcpy,build-depends-on,mingw-w64-x86_64-cc,
mingw64,mingw-w64-x86_64-scummvm,build-depends-on,mingw-w64-x86_64-cc,
mingw64,mingw-w64-x86_64-sdcc,build-depends-on,mingw-w64-x86_64-cc,
mingw64,mingw-w64-x86_64-sdcv,build-depends-on,mingw-w64-x86_64-cc,
mingw64,mingw-w64-x86_64-sdl12-compat,build-depends-on,mingw-w64-x86_64-cc,
mingw64,mingw-w64-x86_64-sdl3,build-depends-on,mingw-w64-x86_64-cc,
mingw64,mingw-w64-x86_64-sdl3-image,build-depends-on,mingw-w64-x86_64-cc,
mingw64,mingw-w64-x86_64-sdl3-mixer,build-depends-on,mingw-w64-x86_64-cc,
mingw64,mingw-w64-x86_64-sdl3-ttf,build-depends-on,mingw-w64-x86_64-cc,
mingw64,mingw-w64-x86_64-seacas,build-depends-on,mingw-w64-x86_64-cc,
mingw64,mingw-w64-x86_64-sed,build-depends-on,mingw-w64-x86_64-cc,
mingw64,mingw-w64-x86_64-seexpr,build-depends-on,mingw-w64-x86_64-cc,
mingw64,mingw-w64-x86_64-serd,build-depends-on,mingw-w64-x86_64-cc,
mingw64,mingw-w64-x86_64-sfcgal,build-depends-on,mingw-w64-x86_64-cc,
mingw64,mingw-w64-x86_64-sfml,build-depends-on,mingw-w64-x86_64-cc,
mingw64,mingw-w64-x86_64-sfml-docs,build-depends-on,mingw-w64-x86_64-cc,
mingw64,mingw-w64-x86_64-shaderc,build-depends-on,mingw-w64-x86_64-cc,
mingw64,mingw-w64-x86_64-shapelib,build-depends-on,mingw-w64-x86_64-cc,
mingw64,mingw-w64-x86_64-shared-mime-info,build-depends-on,mingw-w64-x86_64-cc,
mingw64,mingw-w64-x86_64-shared-mime-info,build-depends-on,mingw-w64-x86_64-gettext,
mingw64,mingw-w64-x86_64-shfmt,build-depends-on,mingw-w64-x86_64-cc,
mingw64,mingw-w64-x86_64-shiboken2,build-depends-on,mingw-w64-x86_64-cc,
mingw64,mingw-w64-x86_64-shiboken6,build-depends-on,mingw-w64-x86_64-cc,
mingw64,mingw-w64-x86_64-shim_executable,build-depends-on,mingw-w64-x86_64-cc,
mingw64,mingw-w64-x86_64-shine,build-depends-on,mingw-w64-x86_64-cc,
mingw64,mingw-w64-x86_64-shishi,build-depends-on,mingw-w64-x86_64-cc,
mingw64,mingw-w64-x86_64-shotcut,build-depends-on,mingw-w64-x86_64-cc,
mingw64,mingw-w64-x86_64-sidplayfp,build-depends-on,mingw-w64-x86_64-cc,
mingw64,mingw-w64-x86_64-sigutils,build-depends-on,mingw-w64-x86_64-cc,
mingw64,mingw-w64-x86_64-silc-toolkit,build-depends-on,mingw-w64-x86_64-cc,
mingw64,mingw-w64-x86_64-simdjson,build-depends-on,mingw-w64-x86_64-cc,
mingw64,mingw-w64-x86_64-simple-mail,build-depends-on,mingw-w64-x86_64-cc,
mingw64,mingw-w64-x86_64-simvoleon,build-depends-on,mingw-w64-x86_64-cc,
mingw64,mingw-w64-x86_64-skia,build-depends-on,mingw-w64-x86_64-cc,
mingw64,mingw-w64-x86_64-skyr-url,build-depends-on,mingw-w64-x86_64-cc,
mingw64,mingw-w64-x86_64-sl,build-depends-on,mingw-w64-x86_64-cc,
mingw64,mingw-w64-x86_64-slepc,build-depends-on,mingw-w64-x86_64-cc,
mingw64,mingw-w64-x86_64-slepc,build-depends-on,mingw-w64-x86_64-fc,
mingw64,mingw-w64-x86_64-slim-simulator,build-depends-on,mingw-w64-x86_64-cc,
mingw64,mingw-w64-x86_64-smpeg,build-depends-on,mingw-w64-x86_64-cc,
mingw64,mingw-w64-x86_64-smpeg2,build-depends-on,mingw-w64-x86_64-cc,
mingw64,mingw-w64-x86_64-snappy,build-depends-on,mingw-w64-x86_64-cc,
mingw64,mingw-w64-x86_64-snoregrowl,build-depends-on,mingw-w64-x86_64-cc,
mingw64,mingw-w64-x86_64-snowball,build-depends-on,mingw-w64-x86_64-cc,
mingw64,mingw-w64-x86_64-soapyhackrf,build-depends-on,mingw-w64-x86_64-cc,
mingw64,mingw-w64-x86_64-soapyrtlsdr,build-depends-on,mingw-w64-x86_64-cc,
mingw64,mingw-w64-x86_64-soapysdr,build-depends-on,mingw-w64-x86_64-cc,
mingw64,mingw-w64-x86_64-soci,build-depends-on,mingw-w64-x86_64-cc,
mingw64,mingw-w64-x86_64-soil,build-depends-on,mingw-w64-x86_64-cc,
mingw64,mingw-w64-x86_64-sol2,build-depends-on,mingw-w64-x86_64-cc,
mingw64,mingw-w64-x86_64-solid3,build-depends-on,mingw-w64-x86_64-cc,
mingw64,mingw-w64-x86_64-sonivox,build-depends-on,mingw-w64-x86_64-cc,
mingw64,mingw-w64-x86_64-sonixflasher,build-depends-on,mingw-w64-x86_64-cc,
mingw64,mingw-w64-x86_64-soqt,build-depends-on,mingw-w64-x86_64-cc,
mingw64,mingw-w64-x86_64-sord,build-depends-on,mingw-w64-x86_64-cc,
mingw64,mingw-w64-x86_64-soundtouch,build-depends-on,mingw-w64-x86_64-cc,
mingw64,mingw-w64-x86_64-source-highlight,build-depends-on,mingw-w64-x86_64-cc,
mingw64,mingw-w64-x86_64-sox,build-depends-on,mingw-w64-x86_64-cc,
mingw64,mingw-w64-x86_64-sox-ng,build-depends-on,mingw-w64-x86_64-cc,
mingw64,mingw-w64-x86_64-spandsp,build-depends-on,mingw-w64-x86_64-cc,
mingw64,mingw-w64-x86_64-sparsehash,build-depends-on,mingw-w64-x86_64-cc,
mingw64,mingw-w64-x86_64-spatialindex,build-depends-on,mingw-w64-x86_64-cc,
mingw64,mingw-w64-x86_64-spatialite-gui,build-depends-on,mingw-w64-x86_64-cc,
mingw64,mingw-w64-x86_64-spatialite-tools,build-depends-on,mingw-w64-x86_64-cc,
mingw64,mingw-w64-x86_64-spdlog,build-depends-on,mingw-w64-x86_64-cc,
mingw64,mingw-w64-x86_64-spdylay,build-depends-on,mingw-w64-x86_64-cc,
mingw64,mingw-w64-x86_64-spectra,build-depends-on,mingw-w64-x86_64-cc,
mingw64,mingw-w64-x86_64-speex,build-depends-on,mingw-w64-x86_64-cc,
mingw64,mingw-w64-x86_64-speexdsp,build-depends-on,mingw-w64-x86_64-cc,
mingw64,mingw-w64-x86_64-spice,build-depends-on,mingw-w64-x86_64-cc,
mingw64,mingw-w64-x86_64-spice-gtk,build-depends-on,mingw-w64-x86_64-cc,
mingw64,mingw-w64-x86_64-spice-protocol,build-depends-on,mingw-w64-x86_64-cc,
mingw64,mingw-w64-x86_64-spirv-cross,build-depends-on,mingw-w64-x86_64-cc,
mingw64,mingw-w64-x86_64-spirv-headers,build-depends-on,mingw-w64-x86_64-cc,
mingw64,mingw-w64-x86_64-spirv-llvm-translator,build-depends-on,mingw-w64-x86_64-cc,
mingw64,mingw-w64-x86_64-spirv-tools,build-depends-on,mingw-w64-x86_64-cc,
mingw64,mingw-w64-x86_64-spooles,build-depends-on,mingw-w64-x86_64-cc,
mingw64,mingw-w64-x86_64-sqlcipher,build-depends-on,mingw-w64-x86_64-cc,
mingw64,mingw-w64-x86_64-sqlite-docs,build-depends-on,mingw-w64-x86_64-cc,
mingw64,mingw-w64-x86_64-sqlite-orm,build-depends-on,mingw-w64-x86_64-cc,
mingw64,mingw-w64-x86_64-sqlite3,build-depends-on,mingw-w64-x86_64-cc,
mingw64,mingw-w64-x86_64-sqlite3mc,build-depends-on,mingw-w64-x86_64-cc,
mingw64,mingw-w64-x86_64-sqlitebrowser,build-depends-on,mingw-w64-x86_64-cc,
mingw64,mingw-w64-x86_64-sqlitestudio,build-depends-on,mingw-w64-x86_64-cc,
mingw64,mingw-w64-x86_64-sqlitestudio-plugins,build-depends-on,mingw-w64-x86_64-cc,
mingw64,mingw-w64-x86_64-squirrel,build-depends-on,mingw-w64-x86_64-cc,
mingw64,mingw-w64-x86_64-sratom,build-depends-on,mingw-w64-x86_64-cc,
mingw64,mingw-w64-x86_64-srecord,build-depends-on,mingw-w64-x86_64-cc,
mingw64,mingw-w64-x86_64-srt,build-depends-on,mingw-w64-x86_64-cc,
mingw64,mingw-w64-x86_64-starpu,build-depends-on,mingw-w64-x86_64-cc,
mingw64,mingw-w64-x86_64-stk,build-depends-on,mingw-w64-x86_64-cc,
mingw64,mingw-w64-x86_64-stlink,build-depends-on,mingw-w64-x86_64-cc,
mingw64,mingw-w64-x86_64-stoken,build-depends-on,mingw-w64-x86_64-cc,
mingw64,mingw-w64-x86_64-strumpack,build-depends-on,mingw-w64-x86_64-cc,
mingw64,mingw-w64-x86_64-strumpack,build-depends-on,mingw-w64-x86_64-fc,
mingw64,mingw-w64-x86_64-stxxl,build-depends-on,mingw-w64-x86_64-cc,
mingw64,mingw-w64-x86_64-suitesparse,build-depends-on,mingw-w64-x86_64-cc,
mingw64,mingw-w64-x86_64-sundials,build-depends-on,mingw-w64-x86_64-cc,
mingw64,mingw-w64-x86_64-sundials,build-depends-on,mingw-w64-x86_64-fc,
mingw64,mingw-w64-x86_64-superlu,build-depends-on,mingw-w64-x86_64-cc,
mingw64,mingw-w64-x86_64-superlu,build-depends-on,mingw-w64-x86_64-fc,
mingw64,mingw-w64-x86_64-superlu_dist,build-depends-on,mingw-w64-x86_64-cc,
mingw64,mingw-w64-x86_64-supertux,build-depends-on,mingw-w64-x86_64-cc,
mingw64,mingw-w64-x86_64-svt-av1,build-depends-on,mingw-w64-x86_64-cc,
mingw64,mingw-w64-x86_64-svt-jpeg-xs,build-depends-on,mingw-w64-x86_64-cc,
mingw64,mingw-w64-x86_64-swi-prolog-archive,build-depends-on,mingw-w64-x86_64-cc,
mingw64,mingw-w64-x86_64-swi-prolog-bdb,build-depends-on,mingw-w64-x86_64-cc,
mingw64,mingw-w64-x86_64-swi-prolog-core,build-depends-on,mingw-w64-x86_64-cc,
mingw64,mingw-w64-x86_64-swi-prolog-doc,build-depends-on,mingw-w64-x86_64-cc,
mingw64,mingw-w64-x86_64-swi-prolog-edit,build-depends-on,mingw-w64-x86_64-cc,
mingw64,mingw-w64-x86_64-swi-prolog-examples,build-depends-on,mingw-w64-x86_64-cc,
mingw64,mingw-w64-x86_64-swi-prolog-full,build-depends-on,mingw-w64-x86_64-cc,
mingw64,mingw-w64-x86_64-swi-prolog-json,build-depends-on,mingw-w64-x86_64-cc,
mingw64,mingw-w64-x86_64-swi-prolog-odbc,build-depends-on,mingw-w64-x86_64-cc,
mingw64,mingw-w64-x86_64-swi-prolog-packages,build-depends-on,mingw-w64-x86_64-cc,
mingw64,mingw-w64-x86_64-swi-prolog-pcre2,build-depends-on,mingw-w64-x86_64-cc,
mingw64,mingw-w64-x86_64-swi-prolog-python,build-depends-on,mingw-w64-x86_64-cc,
mingw64,mingw-w64-x86_64-swi-prolog-ssl,build-depends-on,mingw-w64-x86_64-cc,
mingw64,mingw-w64-x86_64-swi-prolog-tests,build-depends-on,mingw-w64-x86_64-cc,
mingw64,mingw-w64-x86_64-swi-prolog-x,build-depends-on,mingw-w64-x86_64-cc,
mingw64,mingw-w64-x86_64-swi-prolog-yaml,build-depends-on,mingw-w64-x86_64-cc,
mingw64,mingw-w64-x86_64-swig,build-depends-on,mingw-w64-x86_64-cc,
mingw64,mingw-w64-x86_64-symmetrica,build-depends-on,mingw-w64-x86_64-cc,
mingw64,mingw-w64-x86_64-systemc,build-depends-on,mingw-w64-x86_64-cc,
mingw64,mingw-w64-x86_64-t1utils,build-depends-on,mingw-w64-x86_64-cc,
mingw64,mingw-w64-x86_64-taglib,build-depends-on,mingw-w64-x86_64-cc,
mingw64,mingw-w64-x86_64-talkatu,build-depends-on,mingw-w64-x86_64-cc,
mingw64,mingw-w64-x86_64-taucs,build-depends-on,mingw-w64-x86_64-cc,
mingw64,mingw-w64-x86_64-taucs,build-depends-on,mingw-w64-x86_64-fc,
mingw64,mingw-w64-x86_64-tbb,build-depends-on,mingw-w64-x86_64-cc,
mingw64,mingw-w64-x86_64-tcl,build-depends-on,mingw-w64-x86_64-cc,
mingw64,mingw-w64-x86_64-tcl-nsf,build-depends-on,mingw-w64-x86_64-cc,
mingw64,mingw-w64-x86_64-tclvfs-cvs,build-depends-on,mingw-w64-x86_64-cc,
mingw64,mingw-w64-x86_64-tclx,build-depends-on,mingw-w64-x86_64-cc,
mingw64,mingw-w64-x86_64-tea,build-depends-on,mingw-w64-x86_64-cc,
mingw64,mingw-w64-x86_64-teensy-loader-cli,build-depends-on,mingw-w64-x86_64-cc,
mingw64,mingw-w64-x86_64-template-glib,build-depends-on,mingw-w64-x86_64-cc,
mingw64,mingw-w64-x86_64-termcap,build-depends-on,mingw-w64-x86_64-cc,
mingw64,mingw-w64-x86_64-tesseract-ocr,build-depends-on,mingw-w64-x86_64-cc,
mingw64,mingw-w64-x86_64-testu01,build-depends-on,mingw-w64-x86_64-cc,
mingw64,mingw-w64-x86_64-tetgen,build-depends-on,mingw-w64-x86_64-cc,
mingw64,mingw-w64-x86_64-texinfo,build-depends-on,mingw-w64-x86_64-cc,
mingw64,mingw-w64-x86_64-texstudio,build-depends-on,mingw-w64-x86_64-cc,
mingw64,mingw-w64-x86_64-tfel,build-depends-on,mingw-w64-x86_64-cc,
mingw64,mingw-w64-x86_64-tfel,build-depends-on,mingw-w64-x86_64-fc,
mingw64,mingw-w64-x86_64-tgui,build-depends-on,mingw-w64-x86_64-cc,
mingw64,mingw-w64-x86_64-thorvg,build-depends-on,mingw-w64-x86_64-cc,
mingw64,mingw-w64-x86_64-thrift,build-depends-on,mingw-w64-x86_64-cc,
mingw64,mingw-w64-x86_64-tidy,build-depends-on,mingw-w64-x86_64-cc,
mingw64,mingw-w64-x86_64-tiled,build-depends-on,mingw-w64-x86_64-cc,
mingw64,mingw-w64-x86_64-tiledb,build-depends-on,mingw-w64-x86_64-cc,
mingw64,mingw-w64-x86_64-tiny-dnn,build-depends-on,mingw-w64-x86_64-cc,
mingw64,mingw-w64-x86_64-tinyexpr,build-depends-on,mingw-w64-x86_64-cc,
mingw64,mingw-w64-x86_64-tinyxml,build-depends-on,mingw-w64-x86_64-cc,
mingw64,mingw-w64-x86_64-tinyxml2,build-depends-on,mingw-w64-x86_64-cc,
mingw64,mingw-w64-x86_64-tixi,build-depends-on,mingw-w64-x86_64-cc,
mingw64,mingw-w64-x86_64-tixi,build-depends-on,mingw-w64-x86_64-fc,
mingw64,mingw-w64-x86_64-tk,build-depends-on,mingw-w64-x86_64-cc,
mingw64,mingw-w64-x86_64-tkimg,build-depends-on,mingw-w64-x86_64-cc,
mingw64,mingw-w64-x86_64-tktable,build-depends-on,mingw-w64-x86_64-cc,
mingw64,mingw-w64-x86_64-tl-expected,build-depends-on,mingw-w64-x86_64-cc,
mingw64,mingw-w64-x86_64-tmxlite,build-depends-on,mingw-w64-x86_64-cc,
mingw64,mingw-w64-x86_64-tmxlite-docs,build-depends-on,mingw-w64-x86_64-cc,
mingw64,mingw-w64-x86_64-tolua,build-depends-on,mingw-w64-x86_64-cc,
mingw64,mingw-w64-x86_64-toml11,build-depends-on,mingw-w64-x86_64-cc,
mingw64,mingw-w64-x86_64-tomlc17,build-depends-on,mingw-w64-x86_64-cc,
mingw64,mingw-w64-x86_64-tomlplusplus,build-depends-on,mingw-w64-x86_64-cc,
mingw64,mingw-w64-x86_64-tools,build-depends-on,mingw-w64-x86_64-cc,
mingw64,mingw-w64-x86_64-tor,build-depends-on,mingw-w64-x86_64-cc,
mingw64,mingw-w64-x86_64-totem-pl-parser,build-depends-on,mingw-w64-x86_64-cc,
mingw64,mingw-w64-x86_64-transmission-cli,build-depends-on,mingw-w64-x86_64-cc,
mingw64,mingw-w64-x86_64-transmission-gtk,build-depends-on,mingw-w64-x86_64-cc,
mingw64,mingw-w64-x86_64-transmission-qt,build-depends-on,mingw-w64-x86_64-cc,
mingw64,mingw-w64-x86_64-tree-sitter,build-depends-on,mingw-w64-x86_64-cc,
mingw64,mingw-w64-x86_64-treedec,build-depends-on,mingw-w64-x86_64-cc,
mingw64,mingw-w64-x86_64-trilinos,build-depends-on,mingw-w64-x86_64-cc,
mingw64,mingw-w64-x86_64-trilinos,build-depends-on,mingw-w64-x86_64-fc,
mingw64,mingw-w64-x86_64-triton,build-depends-on,mingw-w64-x86_64-cc,
mingw64,mingw-w64-x86_64-trompeloeil,build-depends-on,mingw-w64-x86_64-cc,
mingw64,mingw-w64-x86_64-tslib,build-depends-on,mingw-w64-x86_64-cc,
mingw64,mingw-w64-x86_64-ttfautohint,build-depends-on,mingw-w64-x86_64-cc,
mingw64,mingw-w64-x86_64-tulip,build-depends-on,mingw-w64-x86_64-cc,
mingw64,mingw-w64-x86_64-turbo,build-depends-on,mingw-w64-x86_64-cc,
mingw64,mingw-w64-x86_64-tuxpaint,build-depends-on,mingw-w64-x86_64-cc,
mingw64,mingw-w64-x86_64-tuxpaint-docs,build-depends-on,mingw-w64-x86_64-cc,
mingw64,mingw-w64-x86_64-twapi,build-depends-on,mingw-w64-x86_64-cc,
mingw64,mingw-w64-x86_64-twolame,build-depends-on,mingw-w64-x86_64-cc,
mingw64,mingw-w64-x86_64-uchardet,build-depends-on,mingw-w64-x86_64-cc,
mingw64,mingw-w64-x86_64-ucl,build-depends-on,mingw-w64-x86_64-cc,
mingw64,mingw-w64-x86_64-udis86,build-depends-on,mingw-w64-x86_64-cc,
mingw64,mingw-w64-x86_64-udunits,build-depends-on,mingw-w64-x86_64-cc,
mingw64,mingw-w64-x86_64-uhttpmock,build-depends-on,mingw-w64-x86_64-cc,
mingw64,mingw-w64-x86_64-unbound,build-depends-on,mingw-w64-x86_64-cc,
mingw64,mingw-w64-x86_64-uncrustify,build-depends-on,mingw-w64-x86_64-cc,
mingw64,mingw-w64-x86_64-unibilium,build-depends-on,mingw-w64-x86_64-cc,
mingw64,mingw-w64-x86_64-unicorn,build-depends-on,mingw-w64-x86_64-cc,
mingw64,mingw-w64-x86_64-unifdef,build-depends-on,mingw-w64-x86_64-cc,
mingw64,mingw-w64-x86_64-unittest-cpp,build-depends-on,mingw-w64-x86_64-cc,
mingw64,mingw-w64-x86_64-unixodbc,build-depends-on,mingw-w64-x86_64-cc,
mingw64,mingw-w64-x86_64-unordered_dense,build-depends-on,mingw-w64-x86_64-cc,
mingw64,mingw-w64-x86_64-unpaper,build-depends-on,mingw-w64-x86_64-cc,
mingw64,mingw-w64-x86_64-unrar,build-depends-on,mingw-w64-x86_64-cc,
mingw64,mingw-w64-x86_64-upx,build-depends-on,mingw-w64-x86_64-cc,
mingw64,mingw-w64-x86_64-uriparser,build-depends-on,mingw-w64-x86_64-cc,
mingw64,mingw-w64-x86_64-usbredir,build-depends-on,mingw-w64-x86_64-cc,
mingw64,mingw-w64-x86_64-usbview,build-depends-on,mingw-w64-x86_64-cc,
mingw64,mingw-w64-x86_64-usql,build-depends-on,mingw-w64-x86_64-cc,
mingw64,mingw-w64-x86_64-usrsctp,build-depends-on,mingw-w64-x86_64-cc,
mingw64,mingw-w64-x86_64-utf8cpp,build-depends-on,mingw-w64-x86_64-cc,
mingw64,mingw-w64-x86_64-uvatlas,build-depends-on,mingw-w64-x86_64-cc,
mingw64,mingw-w64-x86_64-v8,build-depends-on,mingw-w64-x86_64-cc,
mingw64,mingw-w64-x86_64-vala-language-server,build-depends-on,mingw-w64-x86_64-cc,
mingw64,mingw-w64-x86_64-vamp-plugin-sdk,build-depends-on,mingw-w64-x86_64-cc,
mingw64,mingw-w64-x86_64-vapoursynth,build-depends-on,mingw-w64-x86_64-cc,
mingw64,mingw-w64-x86_64-vcdimager,build-depends-on,mingw-w64-x86_64-cc,
mingw64,mingw-w64-x86_64-vera++,build-depends-on,mingw-w64-x86_64-cc,
mingw64,mingw-w64-x86_64-verilator,build-depends-on,mingw-w64-x86_64-cc,
mingw64,mingw-w64-x86_64-vid.stab,build-depends-on,mingw-w64-x86_64-cc,
mingw64,mingw-w64-x86_64-vigra,build-depends-on,mingw-w64-x86_64-cc,
mingw64,mingw-w64-x86_64-virglrenderer,build-depends-on,mingw-w64-x86_64-cc,
mingw64,mingw-w64-x86_64-virt-viewer,build-depends-on,mingw-w64-x86_64-cc,
mingw64,mingw-w64-x86_64-virtualpg,build-depends-on,mingw-w64-x86_64-cc,
mingw64,mingw-w64-x86_64-visualizationlibrary,build-depends-on,mingw-w64-x86_64-cc,
mingw64,mingw-w64-x86_64-vk-bootstrap,build-depends-on,mingw-w64-x86_64-cc,
mingw64,mingw-w64-x86_64-vlc,build-depends-on,mingw-w64-x86_64-cc,
mingw64,mingw-w64-x86_64-vlfeat,build-depends-on,mingw-w64-x86_64-cc,
mingw64,mingw-w64-x86_64-vmaf,build-depends-on,mingw-w64-x86_64-cc,
mingw64,mingw-w64-x86_64-vo-amrwbenc,build-depends-on,mingw-w64-x86_64-cc,
mingw64,mingw-w64-x86_64-volk,build-depends-on,mingw-w64-x86_64-cc,
mingw64,mingw-w64-x86_64-vrpn,build-depends-on,mingw-w64-x86_64-cc,
mingw64,mingw-w64-x86_64-vsgimgui,build-depends-on,mingw-w64-x86_64-cc,
mingw64,mingw-w64-x86_64-vsgimgui-docs,build-depends-on,mingw-w64-x86_64-cc,
mingw64,mingw-w64-x86_64-vsgpoints,build-depends-on,mingw-w64-x86_64-cc,
mingw64,mingw-w64-x86_64-vsgpoints-docs,build-depends-on,mingw-w64-x86_64-cc,
mingw64,mingw-w64-x86_64-vsgqt,build-depends-on,mingw-w64-x86_64-cc,
mingw64,mingw-w64-x86_64-vsgqt-docs,build-depends-on,mingw-w64-x86_64-cc,
mingw64,mingw-w64-x86_64-vsgxchange,build-depends-on,mingw-w64-x86_64-cc,
mingw64,mingw-w64-x86_64-vsgxchange-docs,build-depends-on,mingw-w64-x86_64-cc,
mingw64,mingw-w64-x86_64-vtk,build-depends-on,mingw-w64-x86_64-cc,
mingw64,mingw-w64-x86_64-vulkan-headers,build-depends-on,mingw-w64-x86_64-cc,
mingw64,mingw-w64-x86_64-vulkan-loader,build-depends-on,mingw-w64-x86_64-cc,
mingw64,mingw-w64-x86_64-vulkan-utility-libraries,build-depends-on,mingw-w64-x86_64-cc,
mingw64,mingw-w64-x86_64-vulkan-validation-layers,build-depends-on,mingw-w64-x86_64-cc,
mingw64,mingw-w64-x86_64-vulkan-volk,build-depends-on,mingw-w64-x86_64-cc,
mingw64,mingw-w64-x86_64-vulkanscenegraph,build-depends-on,mingw-w64-x86_64-cc,
mingw64,mingw-w64-x86_64-vulkanscenegraph-docs,build-depends-on,mingw-w64-x86_64-cc,
mingw64,mingw-w64-x86_64-wabt,build-depends-on,mingw-w64-x86_64-cc,
mingw64,mingw-w64-x86_64-waf,build-depends-on,mingw-w64-x86_64-cc,
mingw64,mingw-w64-x86_64-wavpack,build-depends-on,mingw-w64-x86_64-cc,
mingw64,mingw-w64-x86_64-wb32-dfu-updater,build-depends-on,mingw-w64-x86_64-cc,
mingw64,mingw-w64-x86_64-webp-pixbuf-loader,build-depends-on,mingw-w64-x86_64-cc,
mingw64,mingw-w64-x86_64-webrtc-audio-processing,build-depends-on,mingw-w64-x86_64-cc,
mingw64,mingw-w64-x86_64-webrtc-audio-processing-1,build-depends-on,mingw-w64-x86_64-cc,
mingw64,mingw-w64-x86_64-wget,build-depends-on,mingw-w64-x86_64-cc,
mingw64,mingw-w64-x86_64-wget2,build-depends-on,mingw-w64-x86_64-cc,
mingw64,mingw-w64-x86_64-whisper.cpp,build-depends-on,mingw-w64-x86_64-cc,
mingw64,mingw-w64-x86_64-widelands,build-depends-on,mingw-w64-x86_64-cc,
mingw64,mingw-w64-x86_64-win7appid,build-depends-on,mingw-w64-x86_64-cc,
mingw64,mingw-w64-x86_64-windows-default-manifest,build-depends-on,mingw-w64-x86_64-cc,
mingw64,mingw-w64-x86_64-wined3d,build-depends-on,mingw-w64-x86_64-cc,
mingw64,mingw-w64-x86_64-wineditline,build-depends-on,mingw-w64-x86_64-cc,
mingw64,mingw-w64-x86_64-winfile,build-depends-on,mingw-w64-x86_64-cc,
mingw64,mingw-w64-x86_64-winico,build-depends-on,mingw-w64-x86_64-cc,
mingw64,mingw-w64-x86_64-winpthreads,build-depends-on,mingw-w64-x86_64-cc,
mingw64,mingw-w64-x86_64-winpty,build-depends-on,mingw-w64-x86_64-cc,
mingw64,mingw-w64-x86_64-winsparkle,build-depends-on,mingw-w64-x86_64-cc,
mingw64,mingw-w64-x86_64-winstorecompat,build-depends-on,mingw-w64-x86_64-cc,
mingw64,mingw-w64-x86_64-wireshark,build-depends-on,mingw-w64-x86_64-cc,
mingw64,mingw-w64-x86_64-wkhtmltopdf,build-depends-on,mingw-w64-x86_64-cc,
mingw64,mingw-w64-x86_64-woff2,build-depends-on,mingw-w64-x86_64-cc,
mingw64,mingw-w64-x86_64-wolfssl,build-depends-on,mingw-w64-x86_64-cc,
mingw64,mingw-w64-x86_64-wslay,build-depends-on,mingw-w64-x86_64-cc,
mingw64,mingw-w64-x86_64-wt,build-depends-on,mingw-w64-x86_64-cc,
mingw64,mingw-w64-x86_64-wxPython,build-depends-on,mingw-w64-x86_64-cc,
mingw64,mingw-w64-x86_64-wxPython,build-depends-on,mingw-w64-x86_64-doxygen,
mingw64,mingw-w64-x86_64-wxPython,build-depends-on,mingw-w64-x86_64-python-build,
mingw64,mingw-w64-x86_64-wxPython,build-depends-on,mingw-w64-x86_64-python-requests,
mingw64,mingw-w64-x86_64-wxPython,build-depends-on,mingw-w64-x86_64-sip,
mingw64,mingw-w64-x86_64-wxPython,build-depends-on,mingw-w64-x86_64-waf,
mingw64,mingw-w64-x86_64-wxPython,build-depends-on,python,
mingw64,mingw-w64-x86_64-wxPython,build-depends-on,python-setuptools,
mingw64,mingw-w64-x86_64-wxsvg-wx3.2,build-depends-on,mingw-w64-x86_64-cc,
mingw64,mingw-w64-x86_64-wxwidgets3.2-common,build-depends-on,mingw-w64-x86_64-cc,
mingw64,mingw-w64-x86_64-wxwidgets3.2-common-libs,build-depends-on,mingw-w64-x86_64-cc,
mingw64,mingw-w64-x86_64-wxwidgets3.2-gtk3,build-depends-on,mingw-w64-x86_64-cc,
mingw64,mingw-w64-x86_64-wxwidgets3.2-gtk3-libs,build-depends-on,mingw-w64-x86_64-cc,
mingw64,mingw-w64-x86_64-wxwidgets3.2-msw,build-depends-on,mingw-w64-x86_64-cc,
mingw64,mingw-w64-x86_64-wxwidgets3.2-msw-cb_headers,build-depends-on,mingw-w64-x86_64-cc,
mingw64,mingw-w64-x86_64-wxwidgets3.2-msw-libs,build-depends-on,mingw-w64-x86_64-cc,
mingw64,mingw-w64-x86_64-wxwidgets3.2-qt,build-depends-on,mingw-w64-x86_64-cc,
mingw64,mingw-w64-x86_64-wxwidgets3.2-qt-libs,build-depends-on,mingw-w64-x86_64-cc,
mingw64,mingw-w64-x86_64-x264,build-depends-on,mingw-w64-x86_64-cc,
mingw64,mingw-w64-x86_64-x265,build-depends-on,mingw-w64-x86_64-cc,
mingw64,mingw-w64-x86_64-xa65,build-depends-on,mingw-w64-x86_64-cc,
mingw64,mingw-w64-x86_64-xalan-c,build-depends-on,mingw-w64-x86_64-cc,
mingw64,mingw-w64-x86_64-xapian-core,build-depends-on,mingw-w64-x86_64-cc,
mingw64,mingw-w64-x86_64-xapian-core-docs,build-depends-on,mingw-w64-x86_64-cc,
mingw64,mingw-w64-x86_64-xavs,build-depends-on,mingw-w64-x86_64-cc,
mingw64,mingw-w64-x86_64-xerces-c,build-depends-on,mingw-w64-x86_64-cc,
mingw64,mingw-w64-x86_64-xevd,build-depends-on,mingw-w64-x86_64-cc,
mingw64,mingw-w64-x86_64-xeve,build-depends-on,mingw-w64-x86_64-cc,
mingw64,mingw-w64-x86_64-xlnt,build-depends-on,mingw-w64-x86_64-cc,
mingw64,mingw-w64-x86_64-xlsxio,build-depends-on,mingw-w64-x86_64-cc,
mingw64,mingw-w64-x86_64-xmake,build-depends-on,mingw-w64-x86_64-cc,
mingw64,mingw-w64-x86_64-xmlada,build-depends-on,mingw-w64-x86_64-gprbuild-bootstrap-git,
mingw64,mingw-w64-x86_64-xmlsec,build-depends-on,mingw-w64-x86_64-cc,
mingw64,mingw-w64-x86_64-xmlstarlet,build-depends-on,mingw-w64-x86_64-cc,
mingw64,mingw-w64-x86_64-xmlto,build-depends-on,mingw-w64-x86_64-cc,
mingw64,mingw-w64-x86_64-xournalpp,build-depends-on,mingw-w64-x86_64-cc,
mingw64,mingw-w64-x86_64-xpdf,build-depends-on,mingw-w64-x86_64-cc,
mingw64,mingw-w64-x86_64-xpm-nox,build-depends-on,mingw-w64-x86_64-cc,
mingw64,mingw-w64-x86_64-xsimd,build-depends-on,mingw-w64-x86_64-cc,
mingw64,mingw-w64-x86_64-xvidcore,build-depends-on,mingw-w64-x86_64-cc,
mingw64,mingw-w64-x86_64-xxhash,build-depends-on,mingw-w64-x86_64-cc,
mingw64,mingw-w64-x86_64-xz,build-depends-on,mingw-w64-x86_64-cc,
mingw64,mingw-w64-x86_64-yajl,build-depends-on,mingw-w64-x86_64-cc,
mingw64,mingw-w64-x86_64-yaml-cpp,build-depends-on,mingw-w64-x86_64-cc,
mingw64,mingw-w64-x86_64-yasm,build-depends-on,mingw-w64-x86_64-cc,
mingw64,mingw-w64-x86_64-yelp-xsl,build-depends-on,mingw-w64-x86_64-cc,
mingw64,mingw-w64-x86_64-yices,build-depends-on,mingw-w64-x86_64-cc,
mingw64,mingw-w64-x86_64-yosys,build-depends-on,mingw-w64-x86_64-cc,
mingw64,mingw-w64-x86_64-yubico-c,build-depends-on,mingw-w64-x86_64-cc,
mingw64,mingw-w64-x86_64-yubikey-personalization,build-depends-on,mingw-w64-x86_64-cc,
mingw64,mingw-w64-x86_64-yuview,build-depends-on,mingw-w64-x86_64-cc,
mingw64,mingw-w64-x86_64-z3,build-depends-on,mingw-w64-x86_64-cc,
mingw64,mingw-w64-x86_64-zbar,build-depends-on,mingw-w64-x86_64-cc,
mingw64,mingw-w64-x86_64-zeal,build-depends-on,mingw-w64-x86_64-cc,
mingw64,mingw-w64-x86_64-zeromq,build-depends-on,mingw-w64-x86_64-cc,
mingw64,mingw-w64-x86_64-zimg,build-depends-on,mingw-w64-x86_64-cc,
mingw64,mingw-w64-x86_64-zint,build-depends-on,mingw-w64-x86_64-cc,
mingw64,mingw-w64-x86_64-zint-qt,build-depends-on,mingw-w64-x86_64-cc,
mingw64,mingw-w64-x86_64-zix,build-depends-on,mingw-w64-x86_64-cc,
mingw64,mingw-w64-x86_64-zlib,build-depends-on,mingw-w64-x86_64-cc,
mingw64,mingw-w64-x86_64-zlib-ng,build-depends-on,mingw-w64-x86_64-cc,
mingw64,mingw-w64-x86_64-zlib-ng-compat,build-depends-on,mingw-w64-x86_64-cc,
mingw64,mingw-w64-x86_64-zoitechat,build-depends-on,mingw-w64-x86_64-cc,
mingw64,mingw-w64-x86_64-zopfli,build-depends-on,mingw-w64-x86_64-cc,
mingw64,mingw-w64-x86_64-zstd,build-depends-on,mingw-w64-x86_64-cc,
mingw64,mingw-w64-x86_64-zug,build-depends-on,mingw-w64-x86_64-cc,
mingw64,mingw-w64-x86_64-zvbi,build-depends-on,mingw-w64-x86_64-cc,
mingw64,mingw-w64-x86_64-zycore-c,build-depends-on,mingw-w64-x86_64-cc,
mingw64,mingw-w64-x86_64-zycore-c-docs,build-depends-on,mingw-w64-x86_64-cc,
mingw64,mingw-w64-x86_64-zydis,build-depends-on,mingw-w64-x86_64-cc,
mingw64,mingw-w64-x86_64-zydis-docs,build-depends-on,mingw-w64-x86_64-cc,
mingw64,mingw-w64-x86_64-zziplib,build-depends-on,mingw-w64-x86_64-cc,
msys,nasm,build-depends-on,perl-Font-TTF,
msys,nasm,build-depends-on,perl-Sort-Versions,
msys,ninja,build-depends-on,python3,
msys,ninja-vim,build-depends-on,python3,
msys,perl-Alien-Build,build-depends-on,perl-Test2-Suite,
msys,perl-Alien-Build,build-depends-on,perl-devel,
msys,perl-Alien-Libxml2,build-depends-on,libxml2-devel,
msys,perl-Alien-Libxml2,build-depends-on,perl-HTML-Parser,
msys,perl-Alien-Libxml2,build-depends-on,perl-Sort-Versions,
msys,perl-Alien-Libxml2,build-depends-on,perl-Test2-Suite,
msys,perl-Alien-Libxml2,build-depends-on,perl-URI,
msys,perl-Alien-Libxml2,build-depends-on,perl-alien-build-plugin-download-gitlab,
msys,perl-Alien-Libxml2,build-depends-on,pkgconf,
msys,perl-Class-Inspector,build-depends-on,make,
msys,perl-Class-Inspector,build-depends-on,perl-devel,
msys,perl-Class-Inspector,check-depends-on,perl-Test-Pod,
msys,perl-Class-Method-Modifiers,build-depends-on,perl-Test-Fatal,
msys,perl-Class-Method-Modifiers,build-depends-on,perl-Test-Needs,
msys,perl-Class-Method-Modifiers,build-depends-on,perl-Test-Requires,
msys,perl-Clone,build-depends-on,gcc,
msys,perl-Clone,build-depends-on,make,
msys,perl-Clone,build-depends-on,perl-devel,
msys,perl-Compress-Bzip2,build-depends-on,gcc,
msys,perl-Compress-Bzip2,build-depends-on,libbz2-devel,
msys,perl-Compress-Bzip2,build-depends-on,make,
msys,perl-Compress-Bzip2,build-depends-on,perl-devel,
msys,perl-DBI,build-depends-on,gcc,
msys,perl-DBI,build-depends-on,perl-devel,
msys,perl-Data-Munge,check-depends-on,perl-Test-Warnings,
msys,perl-Data-OptList,build-depends-on,perl-ExtUtils-MakeMaker,
msys,perl-Error,check-depends-on,perl-Test-Pod,
msys,perl-Error,check-depends-on,perl-test-pod-coverage,
msys,perl-FFI-CheckLib,check-depends-on,perl-Test-Exit,
msys,perl-FFI-CheckLib,check-depends-on,perl-Test2-Suite,
msys,perl-File-ShareDir,build-depends-on,make,
msys,perl-File-ShareDir,build-depends-on,perl-devel,
msys,perl-File-ShareDir,check-depends-on,perl-Test-Pod,
msys,perl-File-ShareDir-Install,build-depends-on,make,
msys,perl-File-ShareDir-Install,build-depends-on,perl-devel,
msys,perl-File-ShareDir-Install,check-depends-on,perl-Test-Pod,
msys,perl-HTML-Parser,build-depends-on,gcc,
msys,perl-HTML-Parser,build-depends-on,make,
msys,perl-HTML-Parser,build-depends-on,perl-devel,
msys,perl-HTML-Parser,check-depends-on,perl-Test-Pod,
msys,perl-HTTP-Daemon,build-depends-on,perl-Module-Build-Tiny,
msys,perl-HTTP-Message,build-depends-on,perl-Try-Tiny,
msys,perl-IO-Socket-SSL,check-depends-on,perl-IO-Socket-INET6,
msys,perl-IO-String,build-depends-on,gcc,
msys,perl-IO-String,build-depends-on,make,
msys,perl-List-MoreUtils,build-depends-on,perl-devel,
msys,perl-List-MoreUtils-XS,build-depends-on,gcc,
msys,perl-List-MoreUtils-XS,build-depends-on,make,
msys,perl-List-MoreUtils-XS,build-depends-on,perl-devel,
msys,perl-Locale-Gettext,build-depends-on,gcc,
msys,perl-Locale-Gettext,build-depends-on,gettext-devel,
msys,perl-Locale-Gettext,build-depends-on,make,
msys,perl-Locale-Gettext,build-depends-on,perl-devel,
msys,perl-Math-Int64,build-depends-on,gcc,
msys,perl-Math-Int64,build-depends-on,make,
msys,perl-Math-Int64,build-depends-on,perl-devel,
msys,perl-Moo,build-depends-on,perl-Test-Fatal,>=0.003
msys,perl-Net-DNS,build-depends-on,gcc,
msys,perl-Net-DNS,build-depends-on,make,
msys,perl-Net-DNS,check-depends-on,perl-Test-Pod,
msys,perl-Net-HTTP,check-depends-on,perl-URI,
msys,perl-Net-SSLeay,build-depends-on,gcc,
msys,perl-Net-SSLeay,build-depends-on,make,
msys,perl-Net-SSLeay,build-depends-on,openssl-devel,
msys,perl-Net-SSLeay,build-depends-on,perl-devel,
msys,perl-PadWalker,build-depends-on,gcc,
msys,perl-PadWalker,build-depends-on,libxcrypt-devel,
msys,perl-PadWalker,build-depends-on,perl-ExtUtils-MakeMaker,
msys,perl-Parallel-ForkManager,build-depends-on,perl-ExtUtils-MakeMaker,
msys,perl-Params-Util,build-depends-on,gcc,
msys,perl-Params-Util,build-depends-on,make,
msys,perl-Params-Util,build-depends-on,perl-devel,
msys,perl-PerlIO-gzip,build-depends-on,gcc,
msys,perl-PerlIO-gzip,build-depends-on,make,
msys,perl-PerlIO-gzip,build-depends-on,perl-devel,
msys,perl-PerlIO-gzip,build-depends-on,zlib-devel,
msys,perl-Return-MultiLevel,check-depends-on,perl-Test-Fatal,
msys,perl-Role-Tiny,check-depends-on,perl-Test-Fatal,>=0.003
msys,perl-Socket6,build-depends-on,gcc,
msys,perl-Socket6,build-depends-on,make,
msys,perl-Socket6,build-depends-on,perl-devel,
msys,perl-Sub-Quote,build-depends-on,perl-Test-Fatal,>=0.010
msys,perl-TAP-Harness-Archive,build-depends-on,perl-Module-Build,
msys,perl-TermReadKey,build-depends-on,gcc,
msys,perl-TermReadKey,build-depends-on,make,
msys,perl-TermReadKey,build-depends-on,perl-devel,
msys,perl-Text-CharWidth,build-depends-on,gcc,
msys,perl-Text-CharWidth,build-depends-on,libxcrypt-devel,
msys,perl-Text-CharWidth,build-depends-on,make,
msys,perl-Text-CharWidth,build-depends-on,perl-devel,
msys,perl-Text-Diff,build-depends-on,perl-ExtUtils-MakeMaker,
msys,perl-URI,check-depends-on,perl-Test-Needs,
msys,perl-Unicode-LineBreak,build-depends-on,gcc,
msys,perl-Unicode-LineBreak,build-depends-on,make,
msys,perl-Unicode-LineBreak,build-depends-on,perl-devel,
msys,perl-Unicode-LineBreak,check-depends-on,perl-Test-Pod,
msys,perl-XML-LibXML,build-depends-on,gcc,
msys,perl-XML-LibXML,build-depends-on,libxml2-devel,
msys,perl-XML-LibXML,build-depends-on,make,
msys,perl-XML-LibXML,build-depends-on,perl-Path-Tiny,
msys,perl-XML-LibXML,build-depends-on,perl-devel,
msys,perl-XML-Parser,build-depends-on,gcc,
msys,perl-XML-Parser,build-depends-on,libexpat-devel,
msys,perl-XML-Parser,build-depends-on,make,
msys,perl-XML-Parser,build-depends-on,perl-File-ShareDir-Install,
msys,perl-XML-Parser,build-depends-on,perl-devel,
msys,perl-XML-Parser,check-depends-on,perl-IO-String,
msys,perl-YAML-Syck,build-depends-on,gcc,
msys,perl-YAML-Syck,build-depends-on,make,
msys,perl-YAML-Syck,build-depends-on,perl-devel,
msys,perl-alien-build-plugin-download-gitlab,build-depends-on,perl-Test2-Suite,
msys,perl-http-cookiejar,check-depends-on,perl-HTTP-Message,
msys,perl-http-cookiejar,check-depends-on,perl-Test-Deep,
msys,perl-http-cookiejar,check-depends-on,perl-Test-Requires,
msys,perl-libwww,check-depends-on,perl-Test-Fatal,
msys,perl-libwww,check-depends-on,perl-Test-Needs,
msys,perl-libwww,check-depends-on,perl-Test-RequiresInternet,
msys,po4a,build-depends-on,perl-Module-Build,
msys,publicsuffix-list,check-depends-on,python3,
msys,txt2html,build-depends-on,perl-Module-Build,
msys,u-boot-tools,build-depends-on,libuuid-devel,
msys,wget,build-depends-on,libuuid-devel,
msys,wget,check-depends-on,perl-HTTP-Daemon,
msys,wget,check-depends-on,perl-IO-Socket-SSL,
