"repository","name","version","installed","installed_version","architecture","classification","description","groups","licenses","project_url","required_dependencies","optional_dependencies","provides","conflicts","replaces","download_size","installed_size","build_date"
"msys","ack","3.9.0-1","False","","any","msys-package","A Perl-based grep replacement, aimed at programmers with large trees of heterogeneous source code","perl-modules","GPL;PerlArtistic","https://beyondgrep.com/","perl-File-Next","","perl-ack=3.9.0","perl-ack","perl-ack","63.55 KiB","195.90 KiB","Sat Feb  7 11:11:41 2026"
"msys","ansible","14.2.0-1","False","","any","msys-package","Official assortment of Ansible collections","","spdx:GPL-3.0-or-later","https://pypi.org/project/ansible/","python;ansible-core>=2.21.2","","","","","37.01 MiB","487.73 MiB","Sat Jul 18 16:56:33 2026"
"msys","ansible-core","2.21.2-1","False","","any","msys-package","Radically simple IT automation platform","","spdx:GPL-3.0-or-later","https://pypi.org/project/ansible-core","python;python-yaml;python-jinja;python-packaging;python-cryptography;python-resolvelib;msys2-runtime-devel","sshpass","python-ansible;ansible-base","","ansible-base","3.45 MiB","22.47 MiB","Sat Jul 18 16:54:37 2026"
"msys","apr","1.7.6-2","False","","x86_64","msys-package","The Apache Portable Runtime","libraries","spdx:Apache-2.0","https://apr.apache.org/","libxcrypt;libuuid","","","","","78.77 KiB","182.28 KiB","Sat Jun 13 05:03:42 2026"
"msys","apr-devel","1.7.6-2","False","","x86_64","msys-package","Libapr headers and libraries","development","spdx:Apache-2.0","https://apr.apache.org/","apr=1.7.6;libxcrypt-devel;libuuid-devel","","","","","277.73 KiB","1563.46 KiB","Sat Jun 13 05:03:42 2026"
"msys","apr-util","1.6.3-2","False","","x86_64","msys-package","The Apache Portable Runtime","libraries","spdx:Apache-2.0","https://apr.apache.org/","apr;expat;libsqlite;libxcrypt","","","","","58.80 KiB","129.50 KiB","Fri Oct 20 14:00:42 2023"
"msys","apr-util-devel","1.6.3-2","False","","x86_64","msys-package","Libapr-util headers and libraries","development","spdx:Apache-2.0","https://apr.apache.org/","apr-util=1.6.3;apr-devel;libexpat-devel;libsqlite-devel","","","","","138.75 KiB","730.08 KiB","Fri Oct 20 14:00:42 2023"
"msys","asciidoc","10.2.1-2","False","","any","msys-package","Text document format for short documents, articles, books and UNIX man pages.","","GPL","https://asciidoc.org/","python;libxslt;docbook-xsl","","","","","324.31 KiB","1659.18 KiB","Fri Aug 16 07:22:58 2024"
"msys","asciidoctor","2.0.26-1","False","","any","msys-package","An implementation of AsciiDoc in Ruby","","spdx:MIT","https://asciidoctor.org","ruby","","","","","519.33 KiB","1556.17 KiB","Sun Apr 26 11:06:27 2026"
"msys","aspell","0.60.8.2-1","False","","x86_64","msys-package","A Free and Open Source spell checker (libraries)","libraries","LGPL","http://aspell.net/","gcc-libs;gettext;libiconv;ncurses","","","","","651.38 KiB","3249.47 KiB","Sun Feb  1 05:40:53 2026"
"msys","aspell-de","20161207.7.0-1","False","","x86_64","msys-package","German dictionary for aspell","","GPL-2+","http://aspell.net/","aspell","","","","","776.79 KiB","2073.75 KiB","Sun Jun 16 12:10:29 2024"
"msys","aspell-devel","0.60.8.2-1","False","","x86_64","msys-package","Aspell headers and libraries (development)","development","LGPL","http://aspell.net/","aspell=0.60.8.2;gettext-devel;libiconv-devel;ncurses-devel","","","","","365.98 KiB","2415.50 KiB","Sun Feb  1 05:40:53 2026"
"msys","aspell6-en","2026.02.25-1","False","","x86_64","msys-package","English dictionary for aspell","","custom","http://aspell.net/","aspell>=0.60","","aspell-en","","","1214.74 KiB","4124.95 KiB","Tue Mar  3 14:33:05 2026"
"msys","atool","0.39.0-3","False","","any","msys-package","A script for managing file archives of various types","","GPL3","https://www.nongnu.org/atool/","file;perl","bzip2","","","","36.42 KiB","621.57 KiB","Sun Feb  1 06:42:25 2026"
"msys","autoconf-archive","2024.10.16-1","False","","any","msys-package","Autoconf Macro Archive","","spdx:GPL-3.0-or-later","https://www.gnu.org/software/autoconf-archive","","","gnome-common","gnome-common","gnome-common","549.70 KiB","2375.34 KiB","Tue Oct 28 23:49:21 2025"
"msys","autoconf-wrapper","20260320-1","False","","any","msys-package","Wrapper scripts for autoconf commands","","spdx:GPL-2.0-only","https://gitweb.gentoo.org/proj/autotools-wrappers.git/","bash;sed;autoconf2.73;autoconf2.72;autoconf2.71;autoconf2.69;autoconf2.13","","autoconf","autoconf","autoconf","4.89 KiB","39.39 KiB","Sat Mar 21 01:23:56 2026"
"msys","autoconf2.13","2.13-6","False","","any","msys-package","A GNU tool for automatically configuring source code","","GPL2;GPL3;custom","https://www.gnu.org/software/autoconf","awk;m4;diffutils;bash;perl","","","","","137.35 KiB","594.19 KiB","Mon Mar 20 04:10:22 2023"
"msys","autoconf2.69","2.69-4","False","","any","msys-package","A GNU tool for automatically configuring source code","","spdx:GPL-2.0-or-later;spdx:GPL-3.0-or-later;spdx:Autoconf-exception-3.0","https://www.gnu.org/software/autoconf","awk;m4;diffutils;bash;perl","","","","","284.60 KiB","1753.07 KiB","Wed Sep 13 12:07:56 2023"
"msys","autoconf2.71","2.71-4","False","","any","msys-package","A GNU tool for automatically configuring source code","","spdx:GPL-2.0-or-later;spdx:GPL-3.0-or-later;spdx:Autoconf-exception-3.0","https://www.gnu.org/software/autoconf","awk;m4;diffutils;bash;perl;sed","","","","","327.34 KiB","1955.78 KiB","Thu Oct 31 12:19:30 2024"
"msys","autoconf2.72","2.72-4","False","","any","msys-package","A GNU tool for automatically configuring source code","","spdx:GPL-2.0-or-later;spdx:GPL-3.0-or-later;spdx:Autoconf-exception-3.0","https://www.gnu.org/software/autoconf","awk;m4;diffutils;bash;perl;sed","","","","","331.64 KiB","1974.77 KiB","Sat Mar 21 01:22:52 2026"
"msys","autoconf2.73","2.73-1","False","","any","msys-package","A GNU tool for automatically configuring source code","","spdx:GPL-2.0-or-later;AND;GPL-3.0-or-later;AND;Autoconf-exception-3.0","https://www.gnu.org/software/autoconf","awk;m4;diffutils;bash;perl;sed","","","","","729.87 KiB","2395.22 KiB","Sat Mar 21 01:23:23 2026"
"msys","autogen","5.18.16-6","False","","x86_64","msys-package","A tool designed to simplify the creation and maintenance of programs that contain large amounts of repetitious text","","GPL3","https://autogen.sourceforge.io/","gcc-libs;gmp;libxcrypt;libffi;libgc;libguile;libxml2","","","","","648.26 KiB","1464.45 KiB","Fri Aug  1 06:35:31 2025"
"msys","automake-wrapper","20260320-1","False","","any","msys-package","Wrapper scripts for automake commands","","spdx:GPL-2.0-only","https://gitweb.gentoo.org/proj/autotools-wrappers.git/","bash;gawk;automake1.11;automake1.12;automake1.13;automake1.14;automake1.15;automake1.16;automake1.17;automake1.18","","automake","automake","","4.37 KiB","9.10 KiB","Sat Mar 21 01:23:56 2026"
"msys","automake1.11","1.11.6-6","False","","any","msys-package","A GNU tool for automatically creating Makefiles","","GPL","https://www.gnu.org/software/automake","perl;bash","","","","","490.21 KiB","1473.65 KiB","Wed Jan  5 03:26:56 2022"
"msys","automake1.12","1.12.6-6","False","","any","msys-package","A GNU tool for automatically creating Makefiles","","GPL","https://www.gnu.org/software/automake","perl;bash","","","","","503.11 KiB","1470.21 KiB","Wed Jan  5 03:29:11 2022"
"msys","automake1.13","1.13.4-7","False","","any","msys-package","A GNU tool for automatically creating Makefiles","","GPL","https://www.gnu.org/software/automake","perl;bash","","","","","501.46 KiB","1462.17 KiB","Wed Jan  5 03:30:35 2022"
"msys","automake1.14","1.14.1-6","False","","any","msys-package","A GNU tool for automatically creating Makefiles","","GPL","https://www.gnu.org/software/automake","perl;bash","","","","","503.12 KiB","1469.56 KiB","Wed Jan  5 03:26:38 2022"
"msys","automake1.15","1.15.1-4","False","","any","msys-package","A GNU tool for automatically creating Makefiles","","GPL","https://www.gnu.org/software/automake","perl;bash","","","","","513.41 KiB","1516.58 KiB","Wed Jan  5 03:29:09 2022"
"msys","automake1.16","1.16.5-1","False","","any","msys-package","A GNU tool for automatically creating Makefiles","","GPL","https://www.gnu.org/software/automake","perl;bash","","","","","526.31 KiB","1527.02 KiB","Mon Apr 18 16:57:51 2022"
"msys","automake1.17","1.17-1","False","","any","msys-package","A GNU tool for automatically creating Makefiles","","spdx:GPL-2.0-or-later","https://www.gnu.org/software/automake","bash;perl","","","","","535.02 KiB","1565.06 KiB","Sat Jul 27 12:45:04 2024"
"msys","automake1.18","1.18.1-1","False","","any","msys-package","A GNU tool for automatically creating Makefiles","","spdx:GPL-2.0-or-later","https://www.gnu.org/software/automake","bash;perl","","","","","543.09 KiB","1588.15 KiB","Mon Aug  4 14:18:48 2025"
"msys","autotools","2022.01.16-2","False","","any","msys-package","A meta package for the GNU autotools build system","","GPL","https://www.gnu.org/software/automake/manual/html_node/Autotools-Introduction.html","autoconf-wrapper;automake-wrapper;gettext;libtool;make;pkgconf","","","","","2.49 KiB","0.00 KiB","Sun May 15 04:28:04 2022"
"msys","axel","2.17.14-1","False","","x86_64","msys-package","Light command line download accelerator for Linux and Unix","","GPL","https://github.com/axel-download-accelerator/axel","openssl;gettext","","","","","30.28 KiB","59.80 KiB","Tue Apr 16 01:08:02 2024"
"msys","base","2022.06-1","True","2022.06-1","any","msys-package","Minimal package set to define a basic MSYS2 installation","","GPL","https://www.msys2.org","bash;bash-completion;bsdtar;bzip2;coreutils;curl;dash;file;filesystem;findutils;gawk;getent;grep;gzip;inetutils;info;less;mintty;msys2-keyring;msys2-launcher;msys2-runtime;nano;pacman;pacman-contrib;pacman-mirrors;rebase;sed;tar;time;tzcode;util-linux;wget;which;zstd","","","","","2.48 KiB","0.00 KiB","Fri Jun 17 09:19:07 2022"
"msys","base-devel","2026.08-1","False","","any","msys-package","Minimal package set for building packages with makepkg","","spdx:BSD-3-Clause","https://www.msys2.org","base;binutils;bison;diffstat;diffutils;dos2unix;file;flex;gawk;grep;make;pacman;patch;sed;tar","","","","","1864.00 B","0.00 B","Sun Aug  2 02:15:23 2026"
"msys","bash","5.3.015-1","True","5.3.015-1","x86_64","system-package","The GNU Bourne Again shell","","spdx:GPL-3.0-or-later","https://www.gnu.org/software/bash/bash.html","","","sh","","","2.46 MiB","12.24 MiB","Wed Jun 10 03:02:46 2026"
"msys","bash-completion","2.18.0-1","True","2.17.0-2","any","msys-package","Programmable completion for the bash shell","","spdx:GPL-2.0-only","https://github.com/scop/bash-completion","bash","","","","","228.67 KiB","2904.22 KiB","Tue Jul  7 02:33:19 2026"
"msys","bash-devel","5.3.015-1","False","","x86_64","msys-package","Bash headers and libraries","development","spdx:GPL-3.0-or-later","https://www.gnu.org/software/bash/bash.html","","","","","","152.58 KiB","2074.89 KiB","Wed Jun 10 03:02:46 2026"
"msys","bash-preexec","0.6.0-1","False","","any","msys-package","preexec and precmd functions for Bash just like Zsh","","spdx:MIT","https://github.com/rcaloras/bash-preexec","","","","","","7.37 KiB","15.02 KiB","Fri Feb 13 15:17:33 2026"
"msys","bc","1.08.2-1","False","","x86_64","msys-package","An arbitrary precision calculator language","","GPL","https://www.gnu.org/software/bc","libreadline;ncurses","","","","","87.53 KiB","164.35 KiB","Tue May 27 16:09:56 2025"
"msys","binutils","2.47-1","False","","x86_64","msys-package","A set of programs to assemble and manipulate binary and object files","","spdx:GPL-3.0-or-later","https://www.gnu.org/software/binutils/","libiconv;libintl;zlib;zstd","","","","","5.95 MiB","43.48 MiB","Sun Jul 26 15:34:03 2026"
"msys","bison","3.8.2-5","False","","x86_64","msys-package","The GNU general-purpose parser generator","","spdx:GPL-3.0-or-later","https://www.gnu.org/software/bison/bison.html","m4;sh;libiconv;libintl","","","","","777.19 KiB","2604.51 KiB","Fri Jul 21 04:31:47 2023"
"msys","bisonc++","6.04.04-3","False","","x86_64","msys-package","C++ parser generator","","GPL","https://fbb-git.gitlab.io/bisoncpp/","libbobcat","","","","","163.42 KiB","549.79 KiB","Fri Sep 15 14:19:04 2023"
"msys","breezy","3.3.22-1","False","","x86_64","msys-package","A decentralized revision control system with support for Bazaar and Git file formats","VCS","GPL2","https://www.breezy-vcs.org/","python-configobj;python-fastimport;python-dulwich;python-patiencediff;python-merge3;python-fastbencode","","bzr","bzr","bzr","7.71 MiB","58.46 MiB","Wed May 13 21:44:25 2026"
"msys","brotli","1.2.0-1","True","1.2.0-1","x86_64","msys-package","Brotli compression library","","MIT","https://github.com/google/brotli","gcc-libs","","","","","372.41 KiB","984.70 KiB","Wed Nov  5 21:29:20 2025"
"msys","brotli-devel","1.2.0-1","False","","x86_64","msys-package","Brotli compression library","","MIT","https://github.com/google/brotli","brotli","","","","","397.11 KiB","1167.10 KiB","Wed Nov  5 21:29:20 2025"
"msys","brotli-testdata","1.2.0-1","False","","x86_64","msys-package","Brotli compression library","","MIT","https://github.com/google/brotli","","","","","","3.45 KiB","1.35 KiB","Wed Nov  5 21:29:20 2025"
"msys","bsdcpio","3.8.9-1","False","","x86_64","msys-package","Multi-format archive and compression library","libraries","spdx:BSD-2-Clause","https://libarchive.org/","gcc-libs;libbz2;libiconv;libexpat;liblzma;liblz4;libopenssl;libzstd;zlib","","","","","330.32 KiB","773.76 KiB","Sat Aug  1 08:32:12 2026"
"msys","bsdtar","3.8.9-1","True","3.8.7-1","x86_64","msys-package","Multi-format archive and compression library","libraries","spdx:BSD-2-Clause","https://libarchive.org/","gcc-libs;libbz2;libiconv;libexpat;liblzma;liblz4;libopenssl;libzstd;zlib","","","","","370.92 KiB","994.43 KiB","Sat Aug  1 08:32:12 2026"
"msys","btyacc","20230521-1","False","","x86_64","msys-package","btyacc - an LALR(1) parser generator with support for backtracking","","Public;Domain","https://invisible-island.net/byacc","","","","","","70.68 KiB","164.80 KiB","Fri Jul 21 04:37:04 2023"
"msys","busybox","1.36.1-1","False","","x86_64","msys-package","BusyBox: The Swiss Army Knife of Embedded Linux","","GPL2","https://busybox.net/","","","","","","439.22 KiB","738.67 KiB","Sun Aug 17 12:46:44 2025"
"msys","bzip2","1.0.8-4","True","1.0.8-4","x86_64","msys-package","A high-quality data compression program","compression","custom","http://www.bzip.org","libbz2","","","","","57.18 KiB","306.63 KiB","Sun Jun 26 02:27:27 2022"
"msys","ca-certificates","20250419-1","True","20250419-1","any","msys-package","Common CA certificates","","MPL;GPL","https://www.mozilla.org/en-US/about/governance/policies/security-group/certs/","bash;openssl;findutils;coreutils;sed;p11-kit","","","","","386.79 KiB","1050.48 KiB","Mon Jul 21 04:12:34 2025"
"msys","cargo-c","0.10.23-1","False","","x86_64","msys-package","A cargo subcommand to build and install C-ABI compatibile dynamic and static libraries","","spdx:MIT","https://github.com/lu-zero/cargo-c/","rust;libsqlite;libssh2;libgit2;libcurl;openssl-devel","","","","","7.62 MiB","54.95 MiB","Wed Jun  3 12:30:09 2026"
"msys","cargo-edit","0.13.10-1","False","","x86_64","msys-package","A utility for managing cargo dependencies from the command line","","spdx:MIT","https://github.com/killercup/cargo-edit","rust","","","","","2.12 MiB","7.69 MiB","Tue Apr 21 17:28:27 2026"
"msys","ccache","4.13.2-1","False","","x86_64","msys-package","A compiler cache (mingw-w64)","","spdx:GPL-3.0-or-later","https://ccache.dev/","gcc-libs;zlib;libzstd;fmt;doctest;libxxhash;libblake3","","","","ccache-git","650.38 KiB","1800.96 KiB","Tue Mar 31 23:12:28 2026"
"msys","cdecl","18.7.2-1","False","","x86_64","msys-package","Composing and deciphering C (or C++) declarations or casts, aka 'gibberish.'","","spdx:GPL-3.0-or-later","https://github.com/paul-j-lucas/cdecl","ncurses;libreadline","","","","","224.64 KiB","1142.07 KiB","Sat May 23 16:22:52 2026"
"msys","cflow","1.8-1","False","","x86_64","msys-package","C function call hierarchy analyzer","","spdx:GPL-3.0-or-later","https://www.gnu.org/software/cflow/","libintl;libiconv","","","","","133.75 KiB","377.09 KiB","Tue Aug  5 00:28:51 2025"
"msys","cgdb","0.8.0-2","False","","x86_64","msys-package","Curses-based interface to the GNU Debugger","","spdx:GPL-2.0-or-later","https://cgdb.github.io/","libreadline;ncurses;gdb","","","","","180.79 KiB","441.95 KiB","Fri Sep 15 12:20:59 2023"
"msys","cjson","1.7.19-1","False","","x86_64","msys-package","Ultralightweight JSON parser in ANSI C","","spdx:MIT","https://github.com/DaveGamble/cJSON","","","","","","31.55 KiB","147.71 KiB","Sat Feb  7 03:12:29 2026"
"msys","clang","21.1.8-2","False","","x86_64","msys-package","C language family frontend for LLVM","","spdx:Apache-2.0;WITH;LLVM-exception","https://clang.llvm.org/","gcc;llvm-libs=21.1.8","compiler-rt;llvm=21.1.8","","","","46.70 MiB","349.60 MiB","Thu Jul 16 21:51:41 2026"
"msys","clang-analyzer","21.1.8-2","False","","x86_64","msys-package","A source code analysis framework","","spdx:Apache-2.0;WITH;LLVM-exception","https://clang-analyzer.llvm.org/","clang=21.1.8;python","","","","","118.22 KiB","559.30 KiB","Thu Jul 16 21:51:41 2026"
"msys","cloc","2.08-1","False","","any","msys-package","Count lines of code","","GPL","https://github.com/AlDanial/cloc","perl;perl-Algorithm-Diff;perl-Regexp-Common;perl-Parallel-ForkManager","","","","","115.02 KiB","699.41 KiB","Sun Jan 25 06:29:15 2026"
"msys","cmake","4.4.2-1","False","","x86_64","msys-package","A cross-platform open-source make system","","spdx:BSD-3-Clause","https://www.cmake.org/","gcc-libs;jsoncpp;libcurl;libexpat;libarchive;librhash;libutil-linux;libuv;ncurses;pkgconf;zlib;cppdap","","","","","9.26 MiB","60.57 MiB","Sat Aug  1 09:53:02 2026"
"msys","cmake-bootstrap","4.4.2-1","False","","x86_64","msys-package","A cross-platform open-source make system","","spdx:BSD-3-Clause","https://www.cmake.org/","gcc-libs","","cmake=4.4.2","cmake;cmake-emacs;cmake-vim","","10.12 MiB","60.67 MiB","Sat Aug  1 10:09:56 2026"
"msys","cmake-emacs","4.4.2-1","False","","x86_64","msys-package","A cross-platform open-source make system (Emacs mode)","","spdx:BSD-3-Clause","https://www.cmake.org/","cmake=4.4.2;emacs","","","","","10.61 KiB","34.33 KiB","Sat Aug  1 09:53:02 2026"
"msys","cmake-vim","4.4.2-1","False","","x86_64","msys-package","A cross-platform open-source make system (vim mode)","","spdx:BSD-3-Clause","https://www.cmake.org/","cmake=4.4.2;vim","","","","","25.28 KiB","183.59 KiB","Sat Aug  1 09:53:02 2026"
"msys","cmatrix","2.0-1","False","","x86_64","msys-package","A curses-based scrolling 'Matrix'-like screen","","spdx:GPL-3.0-or-later","http://www.asty.org/cmatrix/","ncurses","","","","","25.18 KiB","63.57 KiB","Fri Apr  7 01:03:53 2023"
"msys","cocom","0.996-5","False","","x86_64","msys-package","Toolset for creation of compilers and interpreters","","custom","https://cocom.sourceforge.io/","gmp","","","","","677.43 KiB","3406.32 KiB","Tue Apr 21 01:50:36 2026"
"msys","colordiff","1.0.22-1","False","","any","msys-package","Diff wrapper with pretty syntax highlighting","","spdx:GPL-2.0-or-later","https://www.colordiff.org/","diffutils;perl","","","","","18.50 KiB","45.33 KiB","Sun May  3 16:20:55 2026"
"msys","colormake","r8.9c1d2e6-2","False","","any","msys-package","Colorized build output","","BSD","https://github.com/renatosilva/colormake","make","","colormake-git=r8.9c1d2e6","colormake-git","colormake-git","4.07 KiB","2.92 KiB","Sun Dec 21 11:19:04 2025"
"msys","compiler-rt","21.1.8-2","False","","x86_64","msys-package","Runtime libraries for Clang and LLVM","","spdx:Apache-2.0;WITH;LLVM-exception","https://compiler-rt.llvm.org/","gcc-libs","","","","","113.58 KiB","900.09 KiB","Thu Jul 16 21:51:41 2026"
"msys","coreutils","8.32-5","True","8.32-5","x86_64","msys-package","The basic file, shell and text manipulation utilities of the GNU operating system","","GPL3","https://www.gnu.org/software/coreutils","gmp;libiconv;libintl","","","","","2.63 MiB","25.78 MiB","Tue Nov 15 11:07:47 2022"
"msys","cpio","2.15-1","False","","x86_64","msys-package","cpio - copy files to/from archives","","GPLv3","https://www.gnu.org/software/cpio/","libintl","","","","","237.72 KiB","1008.64 KiB","Wed Jan 17 02:03:17 2024"
"msys","cppdap","1.58.0a-3","False","","x86_64","msys-package","C++ library for the Debug Adapter Protocol","","spdx:Apache-2.0","https://github.com/google/cppdap","jsoncpp;gcc-libs","","","","","458.07 KiB","5373.96 KiB","Wed Sep 20 03:56:29 2023"
"msys","crosstool-ng","1.27.0-1","False","","x86_64","msys-package","A cross-platform open-source toolchain system","","spdx:MIT","http://www.crosstool-ng.org/","ncurses;libintl","","","","","1104.46 KiB","9123.14 KiB","Sun Jun  8 02:47:11 2025"
"msys","cscope","15.9-3","False","","x86_64","msys-package","A tool for browsing source code","","BSD","https://cscope.sourceforge.io/","ncurses","","","","","147.55 KiB","665.45 KiB","Wed Jun  3 17:08:01 2026"
"msys","ctags","6.2.1-3","False","","x86_64","msys-package","Generate tag files for source code","","spdx:GPL-2.0-or-later","https://ctags.io/","libiconv;libpcre2_8;jansson;libxml2;libyaml","","","","","763.39 KiB","3662.06 KiB","Mon May 25 04:40:09 2026"
"msys","curl","8.21.0-1","True","8.20.0-1","x86_64","msys-package","Multi-protocol file transfer utility","","spdx:MIT","https://curl.se/","ca-certificates;libcurl;libnghttp3;libngtcp2;libunistring;libnghttp2;libpsl;openssl;zlib","","wcurl","wcurl","wcurl","905.78 KiB","1015.12 KiB","Wed Jun 24 02:24:14 2026"
"msys","cvs","1.11.23-5","False","","x86_64","msys-package","Concurrent Versions System - a source control system","","GPL","http://cvs.nongnu.org/","heimdal;zlib;libxcrypt;libopenssl","","","","","533.85 KiB","1049.98 KiB","Thu Jul 13 17:33:59 2023"
"msys","cygnative","r9.2cbf760-2","False","","x86_64","msys-package","A wrapper for cygwin programs which call native Win32 programs with stdin and/or stdout handle redirected","","MIT","https://github.com/davidecolombo/cygnative","","","","","","6.78 KiB","13.71 KiB","Sun Apr 24 15:39:26 2022"
"msys","cygrunsrv","1.65-1","False","","x86_64","msys-package","cygrunsrv is a windows services tool","","spdx:GPL-3.0-or-later","https://cygwin.org/","","","","","","59.40 KiB","152.82 KiB","Thu May 28 05:33:47 2026"
"msys","cygutils","1.4.17.4-1","False","","x86_64","msys-package","cygutils is a collection of simple utilities","","spdx:GPL-3.0-or-later","https://cygwin.org/","gcc-libs;popt;libiconv;libintl","","winln","winln","winln","252.43 KiB","969.14 KiB","Thu Apr 24 18:21:56 2025"
"msys","cyrus-sasl","2.1.28-5","False","","x86_64","msys-package","Cyrus saslauthd SASL authentication daemon","sys-utils","custom","https://www.cyrusimap.org/sasl/","libsasl=2.1.28","","","","","33.02 KiB","77.35 KiB","Wed May  8 17:30:29 2024"
"msys","cython","3.2.9-1","False","","x86_64","msys-package","C-Extensions for Python","","spdx:Apache-2.0","https://cython.org/","python","","","cython0","","3.50 MiB","18.15 MiB","Sun Jul 26 17:02:16 2026"
"msys","dash","0.5.13.4-1","True","0.5.13.4-1","x86_64","msys-package","A POSIX compliant shell that aims to be as small as possible","","BSD","http://gondor.apana.org.au/~herbert/dash/","grep;sed;filesystem","","","","","81.21 KiB","275.58 KiB","Fri May 15 10:44:27 2026"
"msys","db","6.2.32-6","True","6.2.32-6","x86_64","msys-package","The Berkeley DB embedded database system","Database","spdx:AGPL-3.0-or-later","https://www.oracle.com/technetwork/database/database-technologies/berkeleydb/overview/index.html","libdb=6.2.32","","","","","48.80 KiB","261.50 KiB","Wed May 20 13:12:38 2026"
"msys","db-docs","6.2.32-6","False","","x86_64","msys-package","BerkleyDB documentation","","spdx:AGPL-3.0-or-later","https://www.oracle.com/technetwork/database/database-technologies/berkeleydb/overview/index.html","sh","","","","","17.21 MiB","86.96 MiB","Wed May 20 13:12:38 2026"
"msys","dejagnu","1.6.3-2","False","","any","msys-package","Framework for testing other programs","","GPL","https://www.gnu.org/software/dejagnu/","expect","","","","","176.99 KiB","610.82 KiB","Mon Dec 29 05:25:56 2025"
"msys","dialog","1.3_20260721-1","False","","x86_64","msys-package","A tool to display dialog boxes from shell scripts","","spdx:LGPL-2.1-or-later","https://invisible-island.net/dialog/","ncurses;libintl","","","","","241.50 KiB","808.34 KiB","Sun Jul 26 17:05:48 2026"
"msys","diffstat","1.69-1","False","","x86_64","msys-package","Display a histogram of diff changes","","spdx:MIT","https://invisible-island.net/diffstat","","","","","","29.26 KiB","55.23 KiB","Wed Apr 15 18:49:54 2026"
"msys","diffutils","3.12-1","False","","x86_64","msys-package","Utility programs used for creating patch files","","spdx:GPL-3.0-or-later","https://www.gnu.org/software/diffutils","sh;libiconv;libintl","","","","","385.27 KiB","1705.80 KiB","Thu Apr 17 02:47:12 2025"
"msys","docbook-dsssl","1.79-2","False","","any","msys-package","DSSSL Stylesheets for DocBook","","custom","https://docbook.sourceforge.io/","sgml-common;perl","","","","","221.35 KiB","4451.40 KiB","Mon Mar  6 14:57:50 2023"
"msys","docbook-mathml","1.1CR1-3","False","","any","msys-package","MathML XML scheme","","MIT","https://www.oasis-open.org/docbook/","libxml2","","","","","3.61 KiB","4.43 KiB","Thu Jan 22 18:34:11 2026"
"msys","docbook-sgml","4.5-3","False","","any","msys-package","Document type definitions for verification of SGML data files against the DocBook rule set.","","MIT","https://archive.docbook.org/sgml/","sgml-common","","","","","52.25 KiB","362.60 KiB","Thu Jan 22 18:33:48 2026"
"msys","docbook-sgml31","3.1-3","False","","any","msys-package","Legacy docbook-sgml","","MIT","https://archive.docbook.org/sgml/","sgml-common","","","","","40.42 KiB","282.60 KiB","Thu Jan 22 18:33:23 2026"
"msys","docbook-xml","4.5-6","False","","any","msys-package","A widely used XML scheme for writing documentation and help","","MIT","https://www.oasis-open.org/docbook/","libxml2","","","","","86.34 KiB","2010.48 KiB","Fri Jan 23 12:45:37 2026"
"msys","docbook-xsl","1.79.2-3","False","","any","msys-package","XML stylesheets for Docbook-xml transformations","","custom","https://docbook.sourceforge.io/","libxml2;libxslt;docbook-xml","","","","","677.82 KiB","13440.53 KiB","Sun Jan 30 10:20:40 2022"
"msys","docbook-xsl-ns","1.79.2-2","False","","any","msys-package","XML stylesheets with namespaces for Docbook-xml transformations","","custom","https://github.com/docbook/xslt10-stylesheets","libxml2;libxslt","","","","","19.99 MiB","47.91 MiB","Sun Jan 30 10:20:14 2022"
"msys","doctest","2.4.12-1","False","","any","msys-package","The lightest feature rich C++ single header testing framework","","spdx:MIT","https://github.com/onqtam/doctest","","","","","","63.59 KiB","354.43 KiB","Tue Oct 28 23:50:36 2025"
"msys","docx2txt","1.4-2","False","","x86_64","msys-package","docx2txt is a perl based command line utility to convert Microsoft Office(Tm) Docx documents to equivalent Text documents","","GPL3+","http://docx2txt.sourceforge.net/","perl;unzip","","","","","11.06 KiB","26.05 KiB","Mon Mar  6 14:58:37 2023"
"msys","dos2unix","7.5.6-1","False","","x86_64","msys-package","Text file format converter","","spdx:BSD-2-Clause","https://waterlander.net/dos2unix/","libintl","","","hd2u","","447.34 KiB","2778.60 KiB","Mon Jun  1 17:07:29 2026"
"msys","dosfstools","4.2-1","False","","x86_64","msys-package","DOS filesystem utilities","","GPL2","https://github.com/dosfstools/dosfstools","libiconv;libiconv-devel","","","","","809.77 KiB","10787.47 KiB","Thu Apr 15 03:44:48 2021"
"msys","doxygen","1.14.0-1","False","","x86_64","msys-package","A documentation system for C++, C, Java, IDL and PHP","","spdx:GPL-2.0-only","http://www.doxygen.org/","gcc-libs;libsqlite;libiconv","","","","","5.41 MiB","21.22 MiB","Sun May 25 13:05:04 2025"
"msys","dtc","1.7.2-1","False","","x86_64","msys-package","Device Tree Compiler","","GPL2","https://git.kernel.org/pub/scm/utils/dtc/dtc/git","libyaml","","","","","140.77 KiB","631.90 KiB","Tue Dec 17 02:02:43 2024"
"msys","ed","1.22.4-1","False","","x86_64","msys-package","A POSIX-compliant line-oriented text editor","","GPL","https://www.gnu.org/software/ed/ed.html","sh","","","","","51.46 KiB","79.10 KiB","Sun Jan  4 05:02:39 2026"
"msys","editorconfig-vim","1.2.1-1","False","","any","msys-package","EditorConfig plugin for Vim - editorconfig.org","vim-plugins","spdx:BSD-2-Clause;AND;PSF-2.0","https://github.com/editorconfig/editorconfig-vim","vim","","","","","19.59 KiB","74.70 KiB","Sun Sep 28 16:11:37 2025"
"msys","efitools","1.9.2-1","False","","x86_64","msys-package","Tools for manipulating EFI secure variables","","GPL2","https://git.kernel.org/pub/scm/linux/kernel/git/jejb/efitools.git","openssl;libuuid;gnu-efi-devel","","","","","58.65 KiB","232.34 KiB","Sun Apr 26 10:25:28 2026"
"msys","elinks","0.19.1-2","False","","x86_64","msys-package","Full-Featured Text WWW Browser (net-utils)","net-utils","GPL","https://github.com/rkd77/elinks","libbz2;libexpat;libgcrypt;libgnutls;libiconv;libidn;liblzma;libtre;libzstd;libintl;perl;python3;zlib","","elinks-git","elinks-git","elinks-git","855.15 KiB","2898.05 KiB","Thu Apr  2 15:22:55 2026"
"msys","emacs","30.2-1","False","","x86_64","msys-package","The extensible, customizable, self-documenting, real-time display editor (msys2)","editors","GPL3","https://www.gnu.org/software/emacs/","ncurses;zlib;libxml2;libiconv;libgnutls;glib2;libhogweed","","","","","39.81 MiB","199.96 MiB","Sun Aug 17 10:02:04 2025"
"msys","enscript","1.6.6-2","False","","x86_64","msys-package","Convert ASCII files to PostScript suitable for printing","","sdpx:GPL-3.0-or-later","https://www.gnu.org/software/enscript/","perl;libintl;libiconv","cygutils","","","","357.98 KiB","1781.36 KiB","Wed Mar  5 17:31:12 2025"
"msys","etc-update","3.0.68-1","False","","any","msys-package","CLI to interactively merge .pacnew configuration files","","GPL","https://wiki.gentoo.org/wiki/Handbook:X86/Portage/Tools#etc-update","bash;diffutils","dialog","","","","10.47 KiB","25.10 KiB","Mon Aug  4 14:19:35 2025"
"msys","expat","2.8.2-1","False","","x86_64","msys-package","An XML parser library","","spdx:MIT","https://libexpat.github.io/","","","","","","48.91 KiB","142.75 KiB","Fri Jun 26 03:36:42 2026"
"msys","expect","5.45.4-6","False","","x86_64","msys-package","A tool for automating interactive applications","","custom","https://www.nist.gov/el/msid/expect.cfm","tcl","","","","","176.24 KiB","369.64 KiB","Sun Feb  2 10:09:54 2025"
"msys","fcode-utils","1.0.3-1","False","","x86_64","msys-package","The OpenBIOS FCODE suite","","GPL2","https://www.openbios.org/","","","","","","55.76 KiB","179.50 KiB","Thu Dec  1 13:13:02 2022"
"msys","fido2-tools","1.17.0-1","False","","x86_64","msys-package","FIDO2 command line tools to access and configure a FIDO2 compliant authentication device","","BSD-2-Clause","https://developers.yubico.com/libfido2/","libfido2=1.17.0","","","","","46.41 KiB","154.97 KiB","Fri Apr 17 18:30:43 2026"
"msys","file","5.48-1","True","5.48-1","x86_64","msys-package","File type identification utility","","custom","https://www.darwinsys.com/file/","gcc-libs;zlib;libbz2;liblzma;libzstd","","","","","457.07 KiB","10886.43 KiB","Wed Jun 10 07:38:26 2026"
"msys","filesystem","2026.03.06-1","True","2026.03.06-1","x86_64","system-package","Base filesystem","","spdx:BSD-3-Clause","https://github.com/msys2/MSYS2-packages/tree/master/filesystem","","","msys2-base","","msys2-base","92.48 KiB","242.61 KiB","Fri Mar  6 09:25:51 2026"
"msys","findutils","4.10.0-3","True","4.10.0-2","x86_64","msys-package","GNU utilities to locate files","","spdx:GPL-3.0-or-later","https://www.gnu.org/software/findutils","libiconv;libintl","","","","","550.28 KiB","2189.42 KiB","Thu Jun 25 03:51:33 2026"
"msys","fish","4.8.1-1","False","","x86_64","msys-package","Smart and user friendly shell intended mostly for interactive use","","spdx:GPL-2.0-only","https://fishshell.com/","gcc-libs;libpcre2_32;libpcre2_8;man-db","python","","","","3.46 MiB","17.15 MiB","Wed Jul 15 01:37:30 2026"
"msys","fisher","4.4.8-1","False","","any","msys-package","A package manager for the fish shell","","spdx:MIT","https://github.com/jorgebucaran/fisher","fish;curl","","","","","5.44 KiB","13.54 KiB","Sun Jan 25 02:37:49 2026"
"msys","flex","2.6.4-4","False","","x86_64","msys-package","A tool for generating text-scanning programs","","custom","https://github.com/westes/flex","m4;sh;libiconv;libintl","","","","","303.51 KiB","1564.29 KiB","Sun Feb  2 18:25:32 2025"
"msys","flexc++","2.15.00-1","False","","x86_64","msys-package","C++ scanner generator","","GPL","https://fbb-git.gitlab.io/flexcpp/","libbobcat>=4.01.00","","","","","637.48 KiB","1373.59 KiB","Sun Apr  7 12:44:45 2024"
"msys","fmt","12.1.0-1","False","","x86_64","msys-package","Open-source formatting library for C++","","spdx:MIT","https://fmt.dev","gcc-libs","","","","","188.74 KiB","845.76 KiB","Fri Oct 31 18:47:25 2025"
"msys","fzy","1.1-1","False","","x86_64","msys-package","A better fuzzy finder","","spdx:MIT","https://github.com/jhawthorn/fzy","","","","","","15.97 KiB","38.60 KiB","Fri Jul 25 01:12:17 2025"
"msys","gawk","5.4.1-1","True","5.4.0-1","x86_64","msys-package","GNU version of awk","","spdx:GPL-3.0-or-later","https://www.gnu.org/software/gawk/","sh;mpfr;libintl;libreadline","","awk","","","1483.57 KiB","5239.24 KiB","Sat Jul 11 16:53:53 2026"
"msys","gcc","15.3.0-1","False","","x86_64","msys-package","The GNU Compiler Collection - C and C++ frontends","","spdx:GPL-3.0-or-later;AND;GPL-2.0-or-later;AND;LGPL-2.1-or-later;AND;LGPL-3.0-or-later;AND;GCC-exception-3.1;AND;GFDL-1.3-or-later","https://gcc.gnu.org/","gcc-libs=15.3.0-1;binutils;gmp;isl;libiconv;libintl;mpc;mpfr;zlib;msys2-runtime-devel;msys2-w32api-headers;msys2-w32api-runtime;windows-default-manifest","","msys2-devel","gcc-fortran<=11.3.0-4","","51.46 MiB","198.07 MiB","Fri Jun 12 06:36:01 2026"
"msys","gcc-libs","15.3.0-1","True","15.2.0-1","x86_64","msys-package","Runtime libraries shipped by GCC","","spdx:GPL-3.0-or-later;AND;GPL-2.0-or-later;AND;LGPL-2.1-or-later;AND;LGPL-3.0-or-later;AND;GCC-exception-3.1;AND;GFDL-1.3-or-later","https://gcc.gnu.org/","","","","","","1056.85 KiB","3175.10 KiB","Fri Jun 12 06:36:01 2026"
"msys","gdb","17.1-3","False","","x86_64","msys-package","GNU Debugger (MSYS2 version)","","spdx:GPL-3.0-or-later","https://www.gnu.org/software/gdb/","gcc-libs;zlib;python;libexpat;libreadline;mpc;mpfr;xxhash;libguile;zstd;iconv","","","","","5.03 MiB","13.85 MiB","Fri Jun 12 08:58:10 2026"
"msys","gdb-multiarch","17.1-3","False","","x86_64","msys-package","GNU Debugger (supports all targets)","","spdx:GPL-3.0-or-later","https://www.gnu.org/software/gdb/","gdb=17.1","","","","","7.06 MiB","31.48 MiB","Fri Jun 12 08:58:10 2026"
"msys","gdbm","1.26-1","True","1.26-1","x86_64","msys-package","GNU database library","Database","GPL3","https://www.gnu.org/software/gdbm/gdbm.html","libgdbm=1.26","","","","","207.96 KiB","593.16 KiB","Thu Aug 21 02:31:52 2025"
"msys","gengetopt","2.23-2","False","","x86_64","msys-package","A tool to write command line option parsing code for C programs","","GPL","https://www.gnu.org/software/gengetopt/gengetopt.html","","","","","","163.68 KiB","484.27 KiB","Wed Dec 13 12:03:59 2023"
"msys","genromfs","1~0.5.2-1","False","","any","msys-package","Creates ROMFS images","","GPL-2+","https://romfs.sourceforge.net/","","","","","","11.02 KiB","19.58 KiB","Mon Mar  3 09:22:46 2025"
"msys","getent","2.18.90-6","True","2.18.90-6","x86_64","msys-package","Get entries from Name Service Switch libraries","","LGPL","https://www.gnu.org/software/libc/libc.html","libargp","","","libargp<20260115","","11.51 KiB","22.65 KiB","Tue Jan 20 11:45:25 2026"
"msys","gettext","0.22.5-1","True","0.22.5-1","x86_64","msys-package","GNU internationalization library","","GPL","https://www.gnu.org/software/gettext/","libintl;libgettextpo;libasprintf","","","","","1841.75 KiB","7461.12 KiB","Mon Feb 10 07:55:11 2025"
"msys","gettext-devel","0.22.5-1","False","","x86_64","msys-package","GNU Internationalization development utilities","development","GPL","https://www.gnu.org/software/gettext/","gettext=0.22.5;libiconv-devel","cvs","","","","1605.93 KiB","5465.43 KiB","Mon Feb 10 07:55:11 2025"
"msys","gi-docgen","2025.5-1","False","","any","msys-package","Documentation generator for GObject-based libraries","","spdx:Apache-2.0;OR;GPL-3.0-or-later","https://gnome.pages.gitlab.gnome.org/gi-docgen/","python;python-jinja;python-markdown;python-markupsafe;python-packaging;python-pygments","","","","","1235.08 KiB","2769.55 KiB","Mon Oct 13 19:27:27 2025"
"msys","git","2.55.0-1","False","","x86_64","msys-package","The fast distributed version control system","VCS","spdx:GPL-2.0-only","https://git-scm.com/","curl;libpcre2_8;libexpat;libintl;nano;openssh;openssl;perl-Error;perl>=5.14.0;perl-Authen-SASL;perl-libwww;perl-MIME-tools;perl-Net-SMTP-SSL;perl-TermReadKey","python","git-core","","git-core","7.00 MiB","40.51 MiB","Mon Jun 29 14:47:00 2026"
"msys","git-crypt","0.8.0-1","False","","x86_64","msys-package","Transparent file encryption in git","","spdx:GPL-3.0-or-later","https://www.agwa.name/projects/git-crypt/","gnupg;git;zlib;openssl;gcc-libs","","","","","69.72 KiB","176.75 KiB","Thu Sep 25 09:08:33 2025"
"msys","git-extras","7.4.0-1","False","","any","msys-package","GIT utilities -- repo summary, commit counting, repl, changelog population and more","","MIT","https://github.com/tj/git-extras","git","","","git-extras-git","git-extras-git","107.34 KiB","263.20 KiB","Tue Jun 24 00:29:03 2025"
"msys","git-filter-repo","2.47.0-1","False","","any","msys-package","Quickly rewrite git repository history (filter-branch replacement)","","MIT","https://github.com/newren/git-filter-repo","git;python","","","","","104.57 KiB","348.63 KiB","Fri Dec 13 13:53:53 2024"
"msys","git-flow","1.12.3-2","False","","x86_64","msys-package","Git extensions to provide high-level repository operations for Vincent Driessen's branching model (AVH edition)","","BSD","https://github.com/petervanderdoes/gitflow-avh","git;util-linux;make","","","","","36.59 KiB","225.53 KiB","Wed Dec 13 12:07:16 2023"
"msys","glib2","2.88.1-1","False","","x86_64","msys-package","Common C routines used by GTK+ and other libs","","LGPL","https://gitlab.gnome.org/GNOME/glib","libpcre2_8;libffi;libiconv;zlib;libintl","","","glib2-devel<2.80.3","","2.54 MiB","13.53 MiB","Sun May  3 05:13:50 2026"
"msys","glib2-devel","2.88.1-1","False","","x86_64","msys-package","glib2 headers and libraries","development","spdx:LGPL-2.1-or-later","https://gitlab.gnome.org/GNOME/glib","glib2=2.88.1;gettext-devel;libffi-devel;libiconv-devel;pcre2-devel;zlib-devel","python","","glib2<2.80.3","","606.85 KiB","7258.92 KiB","Sun May  3 05:13:50 2026"
"msys","global","6.6.14-1","False","","x86_64","msys-package","A source code tagging system","","GPL3","https://www.gnu.org/software/global/","libltdl","ctags;python3-pygments","","","","487.05 KiB","1813.81 KiB","Wed Jan 21 12:58:50 2026"
"msys","gmp","6.3.0-2","True","6.3.0-2","x86_64","msys-package","A free library for arbitrary precision arithmetic","libraries","LGPL3","https://gmplib.org/","","","","","","387.61 KiB","748.28 KiB","Thu Jul 10 16:07:53 2025"
"msys","gmp-devel","6.3.0-2","False","","x86_64","msys-package","GMP headers and libraries","development","LGPL3","https://gmplib.org/","gmp=6.3.0","","","","","55.41 KiB","867.12 KiB","Thu Jul 10 16:07:53 2025"
"msys","gnu-efi","4.0.4-1","False","","x86_64","msys-package","Building EFI Applications Using the GNU Toolchain","","BSD","https://github.com/ncroxon/gnu-efi","","","","","","1930.00 B","0.00 B","Sun Apr 26 10:23:52 2026"
"msys","gnu-efi-devel","4.0.4-1","False","","x86_64","msys-package","GNU EFI development headers and libraries","","BSD","https://github.com/ncroxon/gnu-efi","","","","","","160.15 KiB","1507.06 KiB","Sun Apr 26 10:23:52 2026"
"msys","gnu-netcat","0.7.1-3","False","","x86_64","msys-package","GNU rewrite of netcat, the network piping application","","GPL","https://netcat.sourceforge.io/","info","","netcat","","netcat","31.84 KiB","105.34 KiB","Mon Feb  3 05:40:47 2025"
"msys","gnulib-l10n","20241231-1","False","","any","msys-package","The Gnulib localizations","","spdx:LGPL-2.0-or-later","https://www.gnu.org/software/gnulib/","","","","","","121.72 KiB","629.07 KiB","Sun Feb 23 03:32:12 2025"
"msys","gnupg","2.4.9-1","True","2.4.9-1","x86_64","msys-package","Complete and free implementation of the OpenPGP standard","","GPL","https://gnupg.org/","bzip2;libassuan;libbz2;libcurl;libgcrypt;libgpg-error;libgnutls;libiconv;libintl;libksba;libnpth;libreadline;libsqlite;nettle;pinentry;zlib","curl","dirmngr;gnupg2=2.4.9","","","2.57 MiB","11.02 MiB","Wed Dec 31 06:13:05 2025"
"msys","gnutls","3.8.13-2","False","","x86_64","msys-package","A library which provides a secure layer over a reliable transport layer","","spdx:GPL-3.0-or-later;spdx:LGPL-2.1-or-later","https://www.gnutls.org/","libgnutls=3.8.13","","","","","1270.93 KiB","2075.67 KiB","Tue Jun 16 14:22:28 2026"
"msys","gperf","3.3-1","False","","x86_64","msys-package","Perfect hash function generator","","spdx:GPL-3.0-or-later","https://www.gnu.org/software/gperf/","gcc-libs;info","","","","","103.30 KiB","235.94 KiB","Sun Feb  1 05:43:54 2026"
"msys","gradle","9.6.1-1","False","","any","msys-package","A powerful build system for the JVM","","spdx:Apache-2.0","https://www.gradle.org/","","","","","","131.40 MiB","149.21 MiB","Fri Jun 26 16:44:07 2026"
"msys","gradle-doc","9.6.1-1","False","","any","msys-package","A powerful build system for the JVM (documentation)","","spdx:Apache-2.0","https://www.gradle.org/","","gradle","","","","31.95 MiB","307.60 MiB","Fri Jun 26 16:44:07 2026"
"msys","grep","1~3.0-7","True","1~3.0-7","x86_64","msys-package","A string search utility","","GPL3","https://www.gnu.org/software/grep/","libiconv;libintl;libpcre;sh","","","","","243.40 KiB","849.53 KiB","Mon Feb  3 05:36:53 2025"
"msys","grml-zsh-config","0.19.25-1","False","","any","msys-package","grml's zsh setup","","GPL2","https://grml.org/zsh/","zsh;coreutils;grep;sed;procps-ng","","grmlzshrc","","","57.07 KiB","163.03 KiB","Sun Apr 26 13:48:55 2026"
"msys","groff","1.23.0-3","False","","x86_64","msys-package","GNU troff text-formatting system","","spdx:GPL-3.0-or-later","https://www.gnu.org/software/groff/groff.html","perl;gcc-libs","","","","","2.19 MiB","14.03 MiB","Mon May 25 05:39:29 2026"
"msys","gtest","1.17.0-1","False","","x86_64","msys-package","Google Test - C++ testing utility","","spdx:BSD-3-Clause","https://github.com/google/googletest","gcc-libs;sh","","","","","475.40 KiB","2963.96 KiB","Sat Sep 13 19:38:45 2025"
"msys","gtk-doc","1.35.1-1","False","","x86_64","msys-package","Documentation tool for public library API","","spdx:GFDL-1.1-or-later;AND;GPL-2.0-or-later","https://gitlab.gnome.org/GNOME/gtk-doc","docbook-xsl;docbook-xml;glib2;python;python-pygments;python-lxml","","","","","324.54 KiB","3159.96 KiB","Mon Nov  3 01:21:57 2025"
"msys","guile","3.0.11-1","False","","x86_64","msys-package","a portable, embeddable Scheme implementation written in C","","spdx:LGPL-3.0-or-later","https://www.gnu.org/software/guile/","libguile=3.0.11","","","","","865.87 KiB","875.16 KiB","Sat Dec  6 05:46:16 2025"
"msys","guile-mqtt","1.0.0-1","False","","x86_64","msys-package","Guile MQTT","","spdx:LGPL-3.0-only","https://github.com/mdjurfeldt/guile-mqtt","guile;mosquitto","","","","","266.16 KiB","1462.97 KiB","Mon Dec 22 11:27:09 2025"
"msys","gyp","r2173.a03d7413-4","False","","x86_64","msys-package","GYP can Generate Your Projects","","custom","https://gyp.gsrc.io/","python;python-six","","gyp-git","gyp-git","gyp-git","582.34 KiB","3299.69 KiB","Fri Dec 26 07:05:06 2025"
"msys","gzip","1.14-2","True","1.14-2","x86_64","msys-package","GNU compression utility","compression","GPL3","https://www.gnu.org/software/gzip/","bash;less","","","","","103.81 KiB","187.26 KiB","Tue May 26 13:39:25 2026"
"msys","heimdal","7.8.0-5","False","","x86_64","msys-package","Implementation of Kerberos V5 libraries","sys-utils","custom","https://www.h5l.org/","heimdal-libs","","","","","544.55 KiB","3104.90 KiB","Wed May  8 17:06:41 2024"
"msys","heimdal-devel","7.8.0-5","False","","x86_64","msys-package","Heimdal headers and libraries","development","custom","https://www.h5l.org/","heimdal-libs;libxcrypt-devel;libedit-devel;libdb-devel;libsqlite-devel","","","","","1179.67 KiB","7448.47 KiB","Wed May  8 17:06:41 2024"
"msys","heimdal-libs","7.8.0-5","False","","x86_64","msys-package","Implementation of Kerberos V5 libraries","libraries","custom","https://www.h5l.org/","libdb;libxcrypt;libedit;libsqlite;libopenssl","","","","","828.16 KiB","2536.49 KiB","Wed May  8 17:06:41 2024"
"msys","help2man","1.49.3-1","False","","x86_64","msys-package","Conversion tool to create man files","","GPL","https://www.gnu.org/software/help2man/","perl-Locale-Gettext;libintl","","","","","194.95 KiB","394.64 KiB","Fri Mar 17 13:17:51 2023"
"msys","hexcurse","1.60.0-2","False","","x86_64","msys-package","Versatile ncurses-based hex editor.","","GPL","https://github.com/LonnyGomes/hexcurse","ncurses","","","","","23.76 KiB","47.02 KiB","Wed Dec 13 12:08:06 2023"
"msys","icmake","9.03.01-2","False","","x86_64","msys-package","A program maintenance (make) utility using a C-like grammar","","GPL3","https://fbb-git.gitlab.io/icmake/","","","","","","210.33 KiB","445.17 KiB","Sat Dec  9 14:56:14 2023"
"msys","iconv","1.19-1","False","","x86_64","msys-package","Libiconv is a conversion library","libraries","LGPL","https://www.gnu.org/software/libiconv/","gcc-libs;libiconv=1.19;libintl","","","libiconv<1.18-2","","13.61 KiB","32.76 KiB","Sat Mar 14 04:04:43 2026"
"msys","icu","78.1-1","False","","x86_64","msys-package","International Components for Unicode library","libraries","spdx:ICU","https://icu.unicode.org","gcc-libs","","","","","10.53 MiB","36.80 MiB","Tue Dec 23 01:03:51 2025"
"msys","icu-devel","78.1-1","False","","x86_64","msys-package","ICU headers and libraries","development","spdx:ICU","https://icu.unicode.org","icu=78.1","","","","","1311.30 KiB","28794.77 KiB","Tue Dec 23 01:03:51 2025"
"msys","idutils","4.6-3","False","","x86_64","msys-package","A fast, high-capacity, identifier database tool","","GPL3","https://www.gnu.org/software/idutils/","libintl","","","","","898.55 KiB","10090.73 KiB","Wed Dec 13 13:02:19 2023"
"msys","inetutils","2.7-1","True","2.7-1","x86_64","msys-package","A collection of common network programs.","","spdx:GPL-3.0-or-later","https://www.gnu.org/software/inetutils/","gcc-libs;libintl;libreadline;ncurses","","","","","224.90 KiB","669.24 KiB","Thu Jan  1 05:56:54 2026"
"msys","info","7.2-3","True","7.2-3","x86_64","msys-package","Utilities to work with and produce manuals, ASCII text, and on-line documentation from a single source file","","spdx:GPL-3.0-or-later","https://www.gnu.org/software/texinfo/","gzip;libxcrypt;libintl;ncurses","","","","","185.29 KiB","475.98 KiB","Thu Apr  2 15:05:11 2026"
"msys","intltool","0.51.0-4","False","","x86_64","msys-package","The internationalization tool collection","","GPL3","https://launchpad.net/intltool","perl-XML-Parser","","","","","41.25 KiB","148.82 KiB","Mon Apr 20 15:49:52 2026"
"msys","iperf","2.2.1-2","False","","x86_64","msys-package","A tool to measure maximum TCP bandwidth","","custom","https://sourceforge.net/projects/iperf2/","gcc-libs","","","","","131.19 KiB","309.86 KiB","Mon Apr 20 15:46:14 2026"
"msys","iperf3","3.21-1","False","","x86_64","msys-package","TCP, UDP, and SCTP network bandwidth measurement tool","","spdx:BSD-3-Clause-LBNL","https://github.com/esnet/iperf","gcc-libs;openssl","","","","","128.96 KiB","513.33 KiB","Fri Apr 10 22:55:05 2026"
"msys","irssi","1.4.5-5","False","","x86_64","msys-package","Modular text mode IRC client with Perl scripting","","spdx:GPL-2.0-or-later","https://irssi.org/","openssl;gettext;perl;ncurses;glib2","perl-libwww","","irssi-git","irssi-git","630.10 KiB","2123.73 KiB","Thu Apr  2 15:27:33 2026"
"msys","isl","0.27-1","False","","x86_64","msys-package","Library for manipulating sets and relations of integer points bounded by linear constraints","libraries","spdx:MIT","https://libisl.sourceforge.io/","gmp","","","","","750.46 KiB","2119.99 KiB","Thu Sep  5 03:00:35 2024"
"msys","isl-devel","0.27-1","False","","x86_64","msys-package","ISL headers and libraries","development","spdx:MIT","https://libisl.sourceforge.io/","isl=0.27;gmp-devel","","","","","284.84 KiB","7018.08 KiB","Thu Sep  5 03:00:35 2024"
"msys","itstool","2.0.7-2","False","","x86_64","msys-package","XML to PO and back again","","spdx:GPL-3.0-or-later","https://itstool.org/","python;python-lxml","","","","","19.40 KiB","91.81 KiB","Sun Sep 28 23:51:05 2025"
"msys","jansson","2.15.1-1","False","","x86_64","msys-package","C library for encoding, decoding and manipulating JSON data (runtime)","libraries","spdx:MIT","https://www.digip.org/jansson/","","","","","","51.94 KiB","98.91 KiB","Wed Jul  8 19:26:44 2026"
"msys","jansson-devel","2.15.1-1","False","","x86_64","msys-package","jansson headers and libraries","development","spdx:MIT","https://www.digip.org/jansson/","jansson=2.15.1","","","","","62.36 KiB","200.97 KiB","Wed Jul  8 19:26:44 2026"
"msys","joe","4.8-1","False","","any","msys-package","Joe's own editor","","spdx:GPL-2.0-or-later","https://joe-editor.sourceforge.io/","ncurses","","","","","557.22 KiB","4810.94 KiB","Sun May  3 16:42:39 2026"
"msys","jq","1.8.2-1","False","","x86_64","msys-package","Command-line JSON processor","","spdx:MIT","https://jqlang.github.io/jq/","gcc-libs;oniguruma","","","","","286.58 KiB","1070.95 KiB","Sun Jun 21 04:37:53 2026"
"msys","jsoncpp","1.9.8-1","False","","x86_64","msys-package","A C++ library for interacting with JSON","libraries","spdx:MIT","https://github.com/open-source-parsers/jsoncpp","gcc-libs","","","","","82.41 KiB","228.29 KiB","Wed Jun 24 07:58:35 2026"
"msys","jsoncpp-devel","1.9.8-1","False","","x86_64","msys-package","Development headers and library for JsonCpp","development","spdx:MIT","https://github.com/open-source-parsers/jsoncpp","jsoncpp=1.9.8","","","","","125.70 KiB","863.96 KiB","Wed Jun 24 07:58:35 2026"
"msys","just","1.47.1-1","False","","x86_64","msys-package","A handy way to save and run project-specific commands","","spdx:CC0","https://just.systems","gcc-libs","","","","","1273.53 KiB","3782.18 KiB","Thu Mar 19 19:38:58 2026"
"msys","lcov","1~1.16-1","False","","any","msys-package","front-end for GCC's coverage testing tool gcov","","GPL","https://github.com/linux-test-project/lcov","perl;perl-JSON;perl-PerlIO-gzip","","","","","97.57 KiB","397.44 KiB","Sun Sep 10 04:30:35 2023"
"msys","lemon","3.53.3-1","False","","x86_64","msys-package","The LEMON LALR Parser Generator used in SQLite 3.53.3 (MSYS2)","","spdx:LicenseRef-Sqlite","https://www.sqlite.org/","","","","","","43.15 KiB","135.79 KiB","Mon Jun 29 02:42:02 2026"
"msys","less","704-1","True","704-1","x86_64","msys-package","A terminal based program for viewing text files","","GPL3","http://www.greenwoodsoftware.com/less","ncurses;libpcre2_8","","","","","147.79 KiB","306.31 KiB","Sun Jun  7 12:13:56 2026"
"msys","lftp","4.9.3-1","False","","x86_64","msys-package","Sophisticated command line based FTP client (net-utils)","net-utils","GPL3","https://lftp.yar.ru/","gcc-libs;ca-certificates;expat;gettext;libexpat;libgnutls;libiconv;libidn2;libintl;libreadline;libunistring;openssh;zlib","perl","","","","863.29 KiB","3675.40 KiB","Fri Dec 13 13:46:28 2024"
"msys","libarchive","3.8.9-1","False","","x86_64","msys-package","Multi-format archive and compression library","libraries","spdx:BSD-2-Clause","https://libarchive.org/","gcc-libs;libbz2;libiconv;libexpat;liblzma;liblz4;libopenssl;libzstd;zlib","","","","","322.90 KiB","748.05 KiB","Sat Aug  1 08:32:12 2026"
"msys","libarchive-devel","3.8.9-1","False","","x86_64","msys-package","Multi-format archive and compression library","development","spdx:BSD-2-Clause","https://libarchive.org/","libarchive=3.8.9;libbz2-devel;libiconv-devel;libexpat-devel;liblzma-devel;liblz4-devel;libnettle-devel;libxml2-devel;libzstd-devel;zlib-devel","","","","","465.99 KiB","2195.41 KiB","Sat Aug  1 08:32:12 2026"
"msys","libargp","20260115-1","True","20260115-1","x86_64","msys-package","Interface for parsing command-line arguments","","spdx:LGPL-3.0-or-later","https://www.gnu.org/software/gnulib/","","","","","","39.29 KiB","135.77 KiB","Tue Jan 20 11:29:23 2026"
"msys","libargp-devel","20260115-1","False","","x86_64","msys-package","Interface for parsing command-line arguments","development","spdx:LGPL-3.0-or-later","https://www.gnu.org/software/gnulib/","libargp=20260115","","","","","73.93 KiB","373.10 KiB","Tue Jan 20 11:29:23 2026"
"msys","libasprintf","0.22.5-1","True","0.22.5-1","x86_64","msys-package","C-style formatted output in C++ (runtime)","libraries","GPL","https://www.gnu.org/software/gettext/","gcc-libs","","","","","5.42 KiB","11.08 KiB","Mon Feb 10 07:55:11 2025"
"msys","libassuan","3.0.2-1","True","3.0.2-1","x86_64","msys-package","A IPC library used by some GnuPG related software","libraries","GPL","https://gnupg.org/related_software/libassuan","gcc-libs;libgpg-error","","","","","96.94 KiB","213.68 KiB","Fri Mar 14 09:01:17 2025"
"msys","libassuan-devel","3.0.2-1","False","","x86_64","msys-package","Libassuan headers and libraries","development","GPL","https://gnupg.org/related_software/libassuan","libassuan=3.0.2;libgpg-error-devel","","","","","48.73 KiB","248.00 KiB","Fri Mar 14 09:01:17 2025"
"msys","libatomic_ops","7.10.0-1","False","","any","msys-package","Provides semi-portable access to hardware provided atomic memory operations","","spdx:GPL-2.0-or-later;AND;MIT","https://github.com/bdwgc/libatomic_ops","","","","","","7.76 KiB","21.01 KiB","Fri Nov 28 09:08:04 2025"
"msys","libatomic_ops-devel","7.10.0-1","False","","any","msys-package","Provides semi-portable access to hardware provided atomic memory operations","development","spdx:GPL-2.0-or-later;AND;MIT","https://github.com/bdwgc/libatomic_ops","libatomic_ops=7.10.0","","","","","93.90 KiB","782.21 KiB","Fri Nov 28 09:08:04 2025"
"msys","libblake3","1.8.4-1","False","","x86_64","msys-package","The official C implementation of BLAKE3","","spdx:CC0-1.0;OR;Apache-2.0;OR;Apache-2.0;WITH;LLVM-exception","https://github.com/BLAKE3-team/BLAKE3","gcc-libs","","","","","27.61 KiB","99.41 KiB","Tue Mar 31 23:11:41 2026"
"msys","libbobcat","5.07.03-2","False","","x86_64","msys-package","Bobcat (Brokken's Own Base Classes And Templates) library","","GPL","https://fbb-git.gitlab.io/bobcat/","gcc-libs","","","","","1218.39 KiB","2848.40 KiB","Mon Feb  9 03:27:50 2026"
"msys","libbobcat-devel","5.07.03-2","False","","x86_64","msys-package","libbobcat headers and libraries","development","GPL","https://fbb-git.gitlab.io/bobcat/","libbobcat=5.07.03","","","","","429.07 KiB","4888.48 KiB","Mon Feb  9 03:27:50 2026"
"msys","libbsd","0.12.2-1","False","","x86_64","msys-package","Provides useful functions commonly found on BSD systems like strlcpy()","","custom","https://libbsd.freedesktop.org","libmd","","","","","168.59 KiB","474.98 KiB","Mon May 25 01:59:08 2026"
"msys","libbz2","1.0.8-4","True","1.0.8-4","x86_64","msys-package","A high-quality data compression program","libraries","custom","http://www.bzip.org","gcc-libs","","","","","30.06 KiB","65.70 KiB","Sun Jun 26 02:27:27 2022"
"msys","libbz2-devel","1.0.8-4","False","","x86_64","msys-package","Libbz2 headers and libraries","development","custom","http://www.bzip.org","libbz2=1.0.8","","","","","33.49 KiB","90.17 KiB","Sun Jun 26 02:27:27 2022"
"msys","libcares","1.34.8-1","False","","x86_64","msys-package","C library that performs DNS requests and name resolves asynchronously (libraries)","libraries","spdx:MIT","https://c-ares.haxx.se/","gcc-libs","","","","","184.65 KiB","330.61 KiB","Tue Jul  7 16:59:39 2026"
"msys","libcares-devel","1.34.8-1","False","","x86_64","msys-package","c-ares headers and libraries (development)","development","spdx:MIT","https://c-ares.haxx.se/","libcares=1.34.8","","","","","139.37 KiB","713.66 KiB","Tue Jul  7 16:59:39 2026"
"msys","libcbor","0.14.0-2","False","","x86_64","msys-package","A C library for parsing and generating CBOR, a general-purpose schema-less binary data format","libraries","spdx:MIT","https://github.com/PJK/libcbor","","","","","","22.61 KiB","63.85 KiB","Wed Apr 29 13:43:13 2026"
"msys","libcbor-devel","0.14.0-2","False","","x86_64","msys-package","Development headers and library for libcbor","development","spdx:MIT","https://github.com/PJK/libcbor","libcbor=0.14.0","","","","","26.99 KiB","220.14 KiB","Wed Apr 29 13:43:13 2026"
"msys","libcurl","8.21.0-1","True","8.20.0-1","x86_64","msys-package","Multi-protocol file transfer library (runtime)","libraries","spdx:MIT","https://curl.se/","brotli;ca-certificates;libidn2;libnghttp3;libngtcp2;libunistring;libnghttp2;libpsl;libssh2;openssl;zlib;libzstd","","","","","372.39 KiB","896.93 KiB","Wed Jun 24 02:24:14 2026"
"msys","libcurl-devel","8.21.0-1","False","","x86_64","msys-package","Libcurl headers and libraries","development","spdx:MIT","https://curl.se/","libcurl=8.21.0;brotli-devel;libidn2-devel;libnghttp3-devel;libngtcp2-devel;libunistring-devel;libnghttp2-devel;libpsl-devel;libssh2-devel;openssl-devel;zlib-devel","","","","","507.90 KiB","1862.28 KiB","Wed Jun 24 02:24:14 2026"
"msys","libdb","6.2.32-6","True","6.2.32-6","x86_64","msys-package","The Berkeley DB embedded database system","libraries","spdx:AGPL-3.0-or-later","https://www.oracle.com/technetwork/database/database-technologies/berkeleydb/overview/index.html","gcc-libs","","","","","812.42 KiB","3702.51 KiB","Wed May 20 13:12:38 2026"
"msys","libdb-devel","6.2.32-6","False","","x86_64","msys-package","libdb headers and libraries","development","spdx:AGPL-3.0-or-later","https://www.oracle.com/technetwork/database/database-technologies/berkeleydb/overview/index.html","libdb=6.2.32","","","","","1014.04 KiB","17789.60 KiB","Wed May 20 13:12:38 2026"
"msys","libedit","20240808_3.1-1","False","","x86_64","msys-package","Libedit is an autotool- and libtoolized port of the NetBSD Editline library.","libraries","BSD","https://www.thrysoee.dk/editline/","ncurses;sh","","","","","91.85 KiB","459.24 KiB","Thu Jan  2 01:56:45 2025"
"msys","libedit-devel","20240808_3.1-1","False","","x86_64","msys-package","libedit headers and libraries","development","BSD","https://www.thrysoee.dk/editline/","libedit=20240808_3.1;ncurses-devel","","","","","102.70 KiB","567.47 KiB","Thu Jan  2 01:56:45 2025"
"msys","libevent","2.1.12-4","False","","x86_64","msys-package","An event notification library","","spdx:BSD-3-Clause","https://libevent.org/","openssl","python","","","","161.19 KiB","671.71 KiB","Thu Dec 22 03:30:06 2022"
"msys","libevent-devel","2.1.12-4","False","","x86_64","msys-package","Libevent headers and libraries","development","spdx:BSD-3-Clause","https://libevent.org/","libevent=2.1.12;openssl-devel","","","","","244.74 KiB","2159.36 KiB","Thu Dec 22 03:30:06 2022"
"msys","libexpat","2.8.2-1","True","2.8.1-1","x86_64","msys-package","An XML parser library","libraries","spdx:MIT","https://libexpat.github.io/","gcc-libs","","","","","61.72 KiB","161.27 KiB","Fri Jun 26 03:36:42 2026"
"msys","libexpat-devel","2.8.2-1","False","","x86_64","msys-package","Libexpat headers and libraries","development","spdx:MIT","https://libexpat.github.io/","libexpat=2.8.2","","","","","90.67 KiB","361.27 KiB","Fri Jun 26 03:36:42 2026"
"msys","libffi","3.7.1-1","True","3.5.2-1","x86_64","msys-package","Portable, high level programming interface to various calling conventions","libraries","spdx:MIT","https://sourceware.org/libffi/","","","","","","35.29 KiB","52.34 KiB","Sat Jul 11 18:04:29 2026"
"msys","libffi-devel","3.7.1-1","False","","x86_64","msys-package","Libffi headers and libraries","development","spdx:MIT","https://sourceware.org/libffi/","libffi=3.7.1","","","","","28.27 KiB","98.82 KiB","Sat Jul 11 18:04:29 2026"
"msys","libfido2","1.17.0-1","False","","x86_64","msys-package","Library functionality for FIDO 2.0, including communication with a device over USB","libraries","BSD-2-Clause","https://developers.yubico.com/libfido2/","libcbor;openssl;zlib","","","","","82.75 KiB","220.01 KiB","Fri Apr 17 18:30:43 2026"
"msys","libfido2-devel","1.17.0-1","False","","x86_64","msys-package","Development headers and library for libfido2","development","BSD-2-Clause","https://developers.yubico.com/libfido2/","libfido2=1.17.0","","","","","118.87 KiB","695.81 KiB","Fri Apr 17 18:30:43 2026"
"msys","libfido2-docs","1.17.0-1","False","","x86_64","msys-package","Documentation for libfido2","","BSD-2-Clause","https://developers.yubico.com/libfido2/","libfido2-devel=1.17.0","","","","","66.13 KiB","762.74 KiB","Fri Apr 17 18:30:43 2026"
"msys","libgc","8.2.12-1","False","","x86_64","msys-package","A garbage collector for C and C++","libraries","MIT","https://www.hboehm.info/gc/","gcc-libs","","","","","170.69 KiB","469.07 KiB","Thu Feb  5 12:25:03 2026"
"msys","libgc-devel","8.2.12-1","False","","x86_64","msys-package","A garbage collector for C and C++","development","MIT","https://www.hboehm.info/gc/","libgc=8.2.12","","","","","67.67 KiB","473.85 KiB","Thu Feb  5 12:25:03 2026"
"msys","libgcrypt","1.12.2-1","True","1.12.2-1","x86_64","msys-package","General purpose cryptographic library based on the code from GnuPG","libraries","LGPL","https://gnupg.org","libgpg-error","","","","","551.35 KiB","1172.52 KiB","Wed Apr 15 18:50:59 2026"
"msys","libgcrypt-devel","1.12.2-1","False","","x86_64","msys-package","Libgcrypt headers and libraries","development","LGPL","https://gnupg.org","libgcrypt=1.12.2;libgpg-error-devel","","","","","558.65 KiB","2278.15 KiB","Wed Apr 15 18:50:59 2026"
"msys","libgdbm","1.26-1","True","1.26-1","x86_64","msys-package","GNU database library","libraries","GPL3","https://www.gnu.org/software/gdbm/gdbm.html","gcc-libs;libreadline;libiconv;libintl;ncurses","","","","","31.59 KiB","72.11 KiB","Thu Aug 21 02:31:52 2025"
"msys","libgdbm-devel","1.26-1","False","","x86_64","msys-package","libgdbm headers and libraries","development","GPL3","https://www.gnu.org/software/gdbm/gdbm.html","libgdbm=1.26;libreadline-devel","","","","","43.76 KiB","200.60 KiB","Thu Aug 21 02:31:52 2025"
"msys","libgettextpo","0.22.5-1","True","0.22.5-1","x86_64","msys-package","GNU Internationalization runtime library","libraries","GPL","https://www.gnu.org/software/gettext/","gcc-libs","","","","","125.56 KiB","355.39 KiB","Mon Feb 10 07:55:11 2025"
"msys","libgit2","1.9.6-1","False","","x86_64","msys-package","A linkable library for Git","","spdx:LicenseRef-libgit2-GPL-2.0-with-linking-exception","https://libgit2.org/","libssh2;libiconv;libpcre2_8;zlib;openssl","","","","","689.84 KiB","2856.44 KiB","Sun Jul 19 04:57:32 2026"
"msys","libgit2-devel","1.9.6-1","False","","x86_64","msys-package","Development files for libgit2","","spdx:LicenseRef-libgit2-GPL-2.0-with-linking-exception","https://libgit2.org/","libgit2=1.9.6;pcre2-devel;zlib-devel;openssl-devel","","","","","207.79 KiB","2243.46 KiB","Sun Jul 19 04:57:32 2026"
"msys","libgnutls","3.8.13-2","True","3.8.13-1","x86_64","msys-package","A library which provides a secure layer over a reliable transport layer","libraries","spdx:GPL-3.0-or-later;spdx:LGPL-2.1-or-later","https://www.gnutls.org/","gcc-libs;libidn2;libiconv;libintl;gmp;libnettle;libp11-kit;libtasn1;zlib","","","","","1464.73 KiB","3209.69 KiB","Tue Jun 16 14:22:28 2026"
"msys","libgnutls-devel","3.8.13-2","False","","x86_64","msys-package","Libgnutls headers and libraries","development","spdx:GPL-3.0-or-later;spdx:LGPL-2.1-or-later","https://www.gnutls.org/","libgnutls=3.8.13;libidn2-devel;libnettle-devel;libp11-kit-devel;libtasn1-devel","","","","","1021.27 KiB","4937.58 KiB","Tue Jun 16 14:22:28 2026"
"msys","libgpg-error","1.61-1","True","1.61-1","x86_64","msys-package","Support library for libgcrypt","libraries","spdx:LGPL-2.1-or-later","https://gnupg.org","sh;libiconv;libintl","","","","","198.25 KiB","814.51 KiB","Sat May 16 04:13:51 2026"
"msys","libgpg-error-devel","1.61-1","False","","x86_64","msys-package","libgpg-error headers and libraries","development","spdx:LGPL-2.1-or-later","https://gnupg.org","libiconv-devel;gettext-devel","","","","","118.90 KiB","735.99 KiB","Sat May 16 04:13:51 2026"
"msys","libgpgme","2.0.1-1","False","","x86_64","msys-package","A C wrapper library for GnuPG","libraries","LGPL","https://gnupg.org/related_software/gpgme/","libassuan;libgpg-error;gnupg","","","libgpgme-python<2.0.0","","279.72 KiB","586.15 KiB","Tue Dec 30 03:37:42 2025"
"msys","libgpgme-devel","2.0.1-1","False","","x86_64","msys-package","libgpgme headers and libraries","development","LGPL","https://gnupg.org/related_software/gpgme/","libgpgme=2.0.1;libassuan-devel;libgpg-error-devel","","","libgpgme-python<2.0.0","","188.28 KiB","976.34 KiB","Tue Dec 30 03:37:42 2025"
"msys","libguile","3.0.11-1","False","","x86_64","msys-package","a portable, embeddable Scheme implementation written in C","libraries","spdx:LGPL-3.0-or-later","https://www.gnu.org/software/guile/","gmp;libxcrypt;libffi;libgc;libreadline;libunistring","","","","","7.55 MiB","53.45 MiB","Sat Dec  6 05:46:16 2025"
"msys","libguile-devel","3.0.11-1","False","","x86_64","msys-package","a portable, embeddable Scheme implementation written in C","development","spdx:LGPL-3.0-or-later","https://www.gnu.org/software/guile/","libguile=3.0.11;gmp-devel;libgc-devel;pkgconf","","","","","690.99 KiB","3971.83 KiB","Sat Dec  6 05:46:16 2025"
"msys","libhogweed","4.0-1","True","3.10.2-1","x86_64","msys-package","A low-level cryptographic library","libraries","spdx:GPL-2.0-or-later;OR;LGPL-3.0-or-later","https://www.lysator.liu.se/~nisse/nettle/","gmp","","","","","179.43 KiB","259.27 KiB","Tue Jun 16 14:20:05 2026"
"msys","libiconv","1.19-1","True","1.19-1","x86_64","msys-package","Libiconv is a conversion library","libraries","LGPL","https://www.gnu.org/software/libiconv/","gcc-libs","","","","","701.52 KiB","1378.92 KiB","Sat Mar 14 04:04:43 2026"
"msys","libiconv-devel","1.19-1","False","","x86_64","msys-package","libiconv headers and libraries","development","LGPL","https://www.gnu.org/software/libiconv/","iconv=1.19;libiconv=1.19","","","","","659.48 KiB","1204.31 KiB","Sat Mar 14 04:04:43 2026"
"msys","libidn","1.44-1","False","","x86_64","msys-package","Implementation of the Stringprep, Punycode and IDNA specifications","libraries","GPL3;LGPL","https://www.gnu.org/software/libidn/","libintl","","","","","226.17 KiB","525.46 KiB","Tue Jun 16 14:43:00 2026"
"msys","libidn-devel","1.44-1","False","","x86_64","msys-package","Libidn headers and libraries","development","GPL3;LGPL","https://www.gnu.org/software/libidn/","libidn=1.44","","","","","82.25 KiB","362.68 KiB","Tue Jun 16 14:43:00 2026"
"msys","libidn2","2.3.8-1","True","2.3.8-1","x86_64","msys-package","Implementation of the Stringprep, Punycode and IDNA specifications","libraries","GPL3;LGPL","https://www.gnu.org/software/libidn/#libidn2","libunistring;libintl","","","","","146.92 KiB","369.33 KiB","Sun Mar 16 14:38:18 2025"
"msys","libidn2-devel","2.3.8-1","False","","x86_64","msys-package","Libidn2 headers and libraries","development","GPL3;LGPL","https://www.gnu.org/software/libidn/#libidn2","libidn2=2.3.8","","","","","101.73 KiB","280.33 KiB","Sun Mar 16 14:38:18 2025"
"msys","libinih","62-1","False","","x86_64","msys-package","A simple .INI file parser written in C","libraries","spdx:BSD-3-Clause","https://github.com/benhoyt/inih","gcc-libs","","","","","15.68 KiB","39.29 KiB","Tue Dec  9 18:32:15 2025"
"msys","libinih-devel","62-1","False","","x86_64","msys-package","libinih headers and libraries","development","spdx:BSD-3-Clause","https://github.com/benhoyt/inih","libinih=62","","","","","8.13 KiB","43.80 KiB","Tue Dec  9 18:32:15 2025"
"msys","libintl","0.22.5-1","True","0.22.5-1","x86_64","msys-package","GNU Internationalization runtime library","libraries","GPL","https://www.gnu.org/software/gettext/","gcc-libs;libiconv","","","","","49.35 KiB","108.58 KiB","Mon Feb 10 07:55:11 2025"
"msys","libksba","1.8.0-1","True","1.8.0-1","x86_64","msys-package","A CMS and X.509 access library","libraries","spdx:LGPL-3.0-or-later;OR;GPL-2.0-or-later","https://www.gnupg.org/related_software/libksba/","gcc-libs;libgpg-error","","","","","135.72 KiB","291.30 KiB","Mon May 25 05:13:37 2026"
"msys","libksba-devel","1.8.0-1","False","","x86_64","msys-package","libksba headers and libraries","development","spdx:LGPL-3.0-or-later;OR;GPL-2.0-or-later","https://www.gnupg.org/related_software/libksba/","libksba=1.8.0;libgpg-error-devel","","","","","20.52 KiB","311.87 KiB","Mon May 25 05:13:37 2026"
"msys","libltdl","2.5.4-5","False","","x86_64","msys-package","A system independent dlopen wrapper for GNU libtool","","spdx:LGPL-2.0-or-later;WITH;Libtool-exception","https://www.gnu.org/software/libtool","","","","","","40.86 KiB","173.28 KiB","Fri Jun 12 08:54:50 2026"
"msys","liblz4","1.10.0-1","True","1.10.0-1","x86_64","msys-package","Very fast lossless compression algorithm","","LGPL","https://lz4.github.io/lz4/","gcc-libs","","","","","63.85 KiB","145.83 KiB","Mon Jul 22 17:23:33 2024"
"msys","liblz4-devel","1.10.0-1","False","","x86_64","msys-package","lz4 headers and libraries","development","LGPL","https://lz4.github.io/lz4/","liblz4=1.10.0","","","","","92.18 KiB","331.20 KiB","Mon Jul 22 17:23:33 2024"
"msys","liblzma","5.8.3-1","True","5.8.3-1","x86_64","msys-package","Library for XZ and LZMA compressed files","libraries","GPL;LGPL;custom","https://tukaani.org/xz/","","","","","","88.07 KiB","177.08 KiB","Tue Mar 31 23:08:03 2026"
"msys","liblzma-devel","5.8.3-1","False","","x86_64","msys-package","Liblzma headers and libraries","development","GPL;LGPL;custom","https://tukaani.org/xz/","liblzma;libiconv-devel;gettext-devel","","","","","148.90 KiB","589.63 KiB","Tue Mar 31 23:08:03 2026"
"msys","liblzo2","2.10-3","False","","x86_64","msys-package","Portable lossless data compression library","libraries;compression","GPL","https://www.oberhumer.com/opensource/lzo","gcc-libs","","","","","63.09 KiB","184.74 KiB","Wed Dec 13 12:05:03 2023"
"msys","liblzo2-devel","2.10-3","False","","x86_64","msys-package","Liblzo2 headers and libraries","development","GPL","https://www.oberhumer.com/opensource/lzo","liblzo2=2.10","","","","","70.48 KiB","436.34 KiB","Wed Dec 13 12:05:03 2023"
"msys","libmd","1.2.0-1","False","","x86_64","msys-package","Message Digest functions from BSD systems","","spdx:BSD-2-Clause;OR;BSD-3-Clause;OR;ISC","https://www.hadrons.org/software/libmd/","","","","","","64.26 KiB","532.27 KiB","Sun May 10 20:00:22 2026"
"msys","libmicrohttpd","1.0.9-1","False","","x86_64","msys-package","GNU libmicrohttpd is a small C library that is supposed to make it easy to run an HTTP server as part of another application","","spdx:LGPL-2.1-or-later","https://www.gnu.org/software/libmicrohttpd","libgnutls","","","","","323.65 KiB","1029.60 KiB","Sat Aug  1 09:04:36 2026"
"msys","libneon","0.37.1-1","False","","x86_64","msys-package","HTTP and WebDAV client library with a C interface","libraries","spdx:LGPL-2.0-or-later","https://notroj.github.io/neon/","libexpat;openssl;ca-certificates;libintl","","","","","197.69 KiB","608.85 KiB","Tue Mar 31 23:18:09 2026"
"msys","libneon-devel","0.37.1-1","False","","x86_64","msys-package","Libneon headers and libraries","development","spdx:LGPL-2.0-or-later","https://notroj.github.io/neon/","libneon=0.37.1;libexpat-devel;openssl-devel","","","","","47.80 KiB","375.17 KiB","Tue Mar 31 23:18:09 2026"
"msys","libnettle","4.0-1","True","3.10.2-1","x86_64","msys-package","A low-level cryptographic library","libraries","spdx:GPL-2.0-or-later;OR;LGPL-3.0-or-later","https://www.lysator.liu.se/~nisse/nettle/","libhogweed","","","","","143.90 KiB","300.89 KiB","Tue Jun 16 14:20:05 2026"
"msys","libnettle-devel","4.0-1","False","","x86_64","msys-package","Libnettle headers and libraries","development","spdx:GPL-2.0-or-later;OR;LGPL-3.0-or-later","https://www.lysator.liu.se/~nisse/nettle/","libnettle=4.0;libhogweed=4.0;gmp-devel","","","","","406.61 KiB","1803.65 KiB","Tue Jun 16 14:20:05 2026"
"msys","libnghttp2","1.70.0-1","True","1.69.0-1","x86_64","msys-package","Framing layer of HTTP/2 is implemented as a reusable C library (runtime)","libraries","spdx:MIT","https://nghttp2.org/","gcc-libs","","","","","64.70 KiB","165.65 KiB","Sat Aug  1 09:49:38 2026"
"msys","libnghttp2-devel","1.70.0-1","False","","x86_64","msys-package","nghttp2 headers and libraries","development","spdx:MIT","https://nghttp2.org/","libnghttp2=1.70.0;jansson-devel;libevent-devel;openssl-devel;libcares-devel","","","","","164.69 KiB","876.53 KiB","Sat Aug  1 09:49:38 2026"
"msys","libnghttp3","1.18.0-1","True","1.16.0-1","x86_64","msys-package","HTTP/3 library written in C - runtime libraries","","spdx:MIT","https://nghttp2.org/nghttp3","gcc-libs","","","","","67.98 KiB","174.57 KiB","Sun Jul 26 13:18:04 2026"
"msys","libnghttp3-devel","1.18.0-1","False","","x86_64","msys-package","HTTP/3 library written in C - development files","","spdx:MIT","https://nghttp2.org/nghttp3","libnghttp3","","","","","108.54 KiB","650.74 KiB","Sun Jul 26 13:18:04 2026"
"msys","libngtcp2","1.25.0-1","True","1.23.0-1","x86_64","msys-package","An effort to implement IETF QUIC protocol - runtime libraries","","spdx:MIT","https://nghttp2.org/ngtcp2","gcc-libs;libopenssl","","","","","158.78 KiB","450.96 KiB","Sun Jul 26 13:16:05 2026"
"msys","libngtcp2-devel","1.25.0-1","False","","x86_64","msys-package","An effort to implement IETF QUIC protocol - development files","","spdx:MIT","https://nghttp2.org/ngtcp2","libngtcp2;openssl-devel","","","","","241.25 KiB","1431.75 KiB","Sun Jul 26 13:16:05 2026"
"msys","libnpth","1.8-1","True","1.8-1","x86_64","msys-package","New portable threads library","libraries","LGPL","https://gnupg.org/","gcc-libs","","","","","7.03 KiB","16.79 KiB","Thu Nov 28 18:19:07 2024"
"msys","libnpth-devel","1.8-1","False","","x86_64","msys-package","Libnpth headers and libraries","development","LGPL","https://gnupg.org/","libnpth=1.8","","","","","13.92 KiB","58.81 KiB","Thu Nov 28 18:19:07 2024"
"msys","libopenssl","3.6.3-1","True","3.6.3-1","x86_64","msys-package","The Open Source toolkit for Secure Sockets Layer and Transport Layer Security","libraries","spdx:Apache-2.0","https://openssl-library.org","","","","","","2042.79 KiB","6460.89 KiB","Tue Jun  9 16:39:43 2026"
"msys","libp11-kit","0.26.4-1","True","0.26.2-1","x86_64","msys-package","Library to work with PKCS#11 modules","libraries","spdx:BSD-3-Clause","https://p11-glue.freedesktop.org/p11-kit.html","libffi;libintl;libtasn1","","","","","255.46 KiB","1541.07 KiB","Sat Jul 11 18:06:37 2026"
"msys","libp11-kit-devel","0.26.4-1","False","","x86_64","msys-package","Libp11-kit headers and libraries","development","spdx:BSD-3-Clause","https://p11-glue.freedesktop.org/p11-kit.html","libp11-kit","","","","","32.12 KiB","260.42 KiB","Sat Jul 11 18:06:37 2026"
"msys","libpcap","1.10.6-1","False","","x86_64","msys-package","A portable C/C++ library for network traffic capture","libraries","spdx:BSD-3-Clause","https://www.tcpdump.org/","gcc-libs","","","","","97.21 KiB","248.52 KiB","Tue Jan 20 02:06:15 2026"
"msys","libpcap-devel","1.10.6-1","False","","x86_64","msys-package","Libpcap headers and libraries","development","spdx:BSD-3-Clause","https://www.tcpdump.org/","libpcap=1.10.6","","","","","155.92 KiB","648.75 KiB","Tue Jan 20 02:06:15 2026"
"msys","libpcre","8.45-5","True","8.45-5","x86_64","msys-package","A library that implements Perl 5-style regular expressions","libraries","BSD","https://www.pcre.org/","gcc-libs","","","","","93.88 KiB","282.49 KiB","Wed Jan 29 11:28:27 2025"
"msys","libpcre16","8.45-5","False","","x86_64","msys-package","A library that implements Perl 5-style regular expressions","libraries","BSD","https://www.pcre.org/","gcc-libs","","","","","87.11 KiB","255.40 KiB","Wed Jan 29 11:28:27 2025"
"msys","libpcre2_16","10.47-1","False","","x86_64","msys-package","A library that implements Perl 5-style regular expressions","libraries","BSD","https://www.pcre.org/","gcc-libs","","","","","135.50 KiB","388.39 KiB","Wed Oct 22 03:34:32 2025"
"msys","libpcre2_32","10.47-1","False","","x86_64","msys-package","A library that implements Perl 5-style regular expressions","libraries","BSD","https://www.pcre.org/","gcc-libs","","","","","128.38 KiB","374.39 KiB","Wed Oct 22 03:34:32 2025"
"msys","libpcre2_8","10.47-1","True","10.47-1","x86_64","msys-package","A library that implements Perl 5-style regular expressions","libraries","BSD","https://www.pcre.org/","gcc-libs","","","","","148.18 KiB","433.42 KiB","Wed Oct 22 03:34:32 2025"
"msys","libpcre2posix","10.47-1","False","","x86_64","msys-package","A library that implements Perl 5-style regular expressions","libraries","BSD","https://www.pcre.org/","libpcre2_8=10.47","","","","","5.74 KiB","11.06 KiB","Wed Oct 22 03:34:32 2025"
"msys","libpcre32","8.45-5","False","","x86_64","msys-package","A library that implements Perl 5-style regular expressions","libraries","BSD","https://www.pcre.org/","gcc-libs","","","","","82.58 KiB","245.90 KiB","Wed Jan 29 11:28:27 2025"
"msys","libpcrecpp","8.45-5","False","","x86_64","msys-package","A library that implements Perl 5-style regular expressions","libraries","BSD","https://www.pcre.org/","libpcre;gcc-libs","","","","","14.39 KiB","39.34 KiB","Wed Jan 29 11:28:27 2025"
"msys","libpcreposix","8.45-5","False","","x86_64","msys-package","A library that implements Perl 5-style regular expressions","libraries","BSD","https://www.pcre.org/","libpcre","","","","","5.52 KiB","10.50 KiB","Wed Jan 29 11:28:27 2025"
"msys","libpipeline","1.5.8-1","False","","x86_64","msys-package","a C library for manipulating pipelines of subprocesses in a flexible and convenient way","libraries","BSD","http://libpipeline.nongnu.org/","gcc-libs","","","","","35.75 KiB","565.45 KiB","Thu Sep  5 03:04:27 2024"
"msys","libpipeline-devel","1.5.8-1","False","","x86_64","msys-package","libpipeline headers and libraries","development","BSD","http://libpipeline.nongnu.org/","libpipeline=1.5.8","","","","","10.06 KiB","63.37 KiB","Thu Sep  5 03:04:27 2024"
"msys","libpsl","0.21.5-2","True","0.21.5-2","x86_64","msys-package","Public Suffix List library (runtime)","libraries","spdx:MIT","https://github.com/rockdaboot/libpsl","libidn2;libunistring","","","","","69.55 KiB","113.12 KiB","Wed Jan 31 16:52:02 2024"
"msys","libpsl-devel","0.21.5-2","False","","x86_64","msys-package","libpsl headers and libraries","development","spdx:MIT","https://github.com/rockdaboot/libpsl","libpsl=0.21.5;libidn2-devel;libunistring","","","","","58.22 KiB","90.62 KiB","Wed Jan 31 16:52:02 2024"
"msys","libqrencode","4.1.1-3","False","","x86_64","msys-package","QR Code encoding library","libraries","LGPL","https://fukuchi.org/works/qrencode/","","","","libqrencode-git","libqrencode-git","42.73 KiB","99.69 KiB","Sun Jun 19 14:35:10 2022"
"msys","libqrencode-devel","4.1.1-3","False","","x86_64","msys-package","libqrencode headers and libraries","development","LGPL","https://fukuchi.org/works/qrencode/","libqrencode=4.1.1","","","libqrencode-git","libqrencode-git","11.19 KiB","89.32 KiB","Sun Jun 19 14:35:10 2022"
"msys","libreadline","8.3.003-1","True","8.3.003-1","x86_64","msys-package","GNU readline library","libraries","GPL","https://tiswww.case.edu/php/chet/readline/rltop.html","ncurses","","","","","379.21 KiB","1376.52 KiB","Wed Dec 10 19:47:59 2025"
"msys","libreadline-devel","8.3.003-1","False","","x86_64","msys-package","readline headers and libraries","development","GPL","https://tiswww.case.edu/php/chet/readline/rltop.html","libreadline=8.3.003;ncurses-devel","","","","","198.47 KiB","1277.24 KiB","Wed Dec 10 19:47:59 2025"
"msys","librhash","1.4.4-1","False","","x86_64","msys-package","LibRHash shared library","libraries","custom;MIT","https://sourceforge.net/projects/rhash/","libopenssl;gcc-libs","","","","","120.45 KiB","200.26 KiB","Tue Sep 10 10:03:32 2024"
"msys","librhash-devel","1.4.4-1","False","","x86_64","msys-package","Headers and static library for LibRHash","development","custom;MIT","https://sourceforge.net/projects/rhash/","librhash=1.4.4","","","","","149.02 KiB","558.10 KiB","Tue Sep 10 10:03:32 2024"
"msys","libsasl","2.1.28-5","False","","x86_64","msys-package","Cyrus Simple Authentication Service Layer (SASL) Library","libraries","custom","https://www.cyrusimap.org/sasl/","libxcrypt;libopenssl;heimdal-libs;libsqlite","","","","","130.16 KiB","438.02 KiB","Wed May  8 17:30:29 2024"
"msys","libsasl-devel","2.1.28-5","False","","x86_64","msys-package","Libsasl headers and libraries","development","custom","https://www.cyrusimap.org/sasl/","libsasl=2.1.28;heimdal-devel;openssl-devel;libsqlite-devel;libxcrypt-devel","","","","","31.77 KiB","195.48 KiB","Wed May  8 17:30:29 2024"
"msys","libserf","1.3.10-2","False","","x86_64","msys-package","High-performance asynchronous HTTP client library","libraries","Apache","https://serf.apache.org/","apr-util;libopenssl;zlib","","","","","39.77 KiB","94.90 KiB","Fri Apr 25 09:48:28 2025"
"msys","libserf-devel","1.3.10-2","False","","x86_64","msys-package","Libserf headers and libraries","development","Apache","https://serf.apache.org/","libserf=1.3.10;apr-util-devel;openssl-devel;zlib-devel","","","","","66.10 KiB","338.33 KiB","Fri Apr 25 09:48:28 2025"
"msys","libsqlite","3.53.3-1","True","3.53.2-1","x86_64","msys-package","Sqlite3 library","libraries","spdx:LicenseRef-Sqlite","https://www.sqlite.org/","","","libsqlite=3.53.3","sqlite-compress<3.33.0;sqlite-icu<3.33.0;sqlite-rbu<3.33.0;sqlite-vfslog<3.33.0","","741.21 KiB","1537.46 KiB","Mon Jun 29 02:42:02 2026"
"msys","libsqlite-devel","3.53.3-1","False","","x86_64","msys-package","Sqlite3 headers and libraries","development","spdx:LicenseRef-Sqlite","https://www.sqlite.org/","libsqlite=3.53.3;zlib-devel","tcl-sqlite","","","","931.69 KiB","2799.01 KiB","Mon Jun 29 02:42:02 2026"
"msys","libssh","0.12.2-1","False","","x86_64","msys-package","Library for accessing ssh client services through C libraries","","spdx:LGPL-2.1-or-later","https://www.libssh.org/","zlib;libopenssl","","","","","200.35 KiB","498.87 KiB","Sat Aug  1 09:01:56 2026"
"msys","libssh-devel","0.12.2-1","False","","x86_64","msys-package","Library for accessing ssh client services through C libraries","","spdx:LGPL-2.1-or-later","https://www.libssh.org/","zlib;libopenssl","","","","","49.67 KiB","502.89 KiB","Sat Aug  1 09:01:56 2026"
"msys","libssh2","1.11.1-1","True","1.11.1-1","x86_64","msys-package","Multi-protocol file transfer library (runtime)","libraries","BSD","https://libssh2.org/","ca-certificates;openssl;zlib","","","","","225.25 KiB","363.38 KiB","Thu Jan  2 16:02:53 2025"
"msys","libssh2-devel","1.11.1-1","False","","x86_64","msys-package","Libssh2 headers and libraries","development","BSD","https://libssh2.org/","libssh2=1.11.1;openssl-devel;zlib-devel","","","","","137.67 KiB","529.76 KiB","Thu Jan  2 16:02:53 2025"
"msys","libtasn1","4.21.0-1","True","4.21.0-1","x86_64","msys-package","A library for Abstract Syntax Notation One (ASN.1) and Distinguish Encoding Rules (DER) manipulation","libraries","GPL3;LGPL","https://www.gnu.org/software/libtasn1/","info","","","","","98.37 KiB","131.81 KiB","Sun Jan 11 07:57:44 2026"
"msys","libtasn1-devel","4.21.0-1","False","","x86_64","msys-package","Libtasn1 headers and libraries","development","GPL3;LGPL","https://www.gnu.org/software/libtasn1/","libtasn1=4.21.0","","","","","58.56 KiB","207.27 KiB","Sun Jan 11 07:57:44 2026"
"msys","libtirpc","1.3.6-1","False","","x86_64","msys-package","A port of Sun's Transport-Independent RPC library","libraries","BSD","https://git.linux-nfs.org/?p=steved/libtirpc.git;a=summary","gcc-libs","","","","","131.37 KiB","214.25 KiB","Tue May 20 04:17:13 2025"
"msys","libtirpc-devel","1.3.6-1","False","","x86_64","msys-package","Libtirpc headers and libraries","development","BSD","https://git.linux-nfs.org/?p=steved/libtirpc.git;a=summary","libtirpc=1.3.6","","","","","125.15 KiB","659.22 KiB","Tue May 20 04:17:13 2025"
"msys","libtool","2.5.4-5","False","","x86_64","msys-package","A generic library support script","","spdx:LGPL-2.0-or-later;WITH;Libtool-exception","https://www.gnu.org/software/libtool","bash;libltdl=2.5.4","","","","","405.73 KiB","2287.07 KiB","Fri Jun 12 08:54:50 2026"
"msys","libtre","0.9.0-1","False","","x86_64","msys-package","The free and portable approximate regex matching library (libraries)","libraries","BSD","https://laurikari.net/tre/","gettext;libiconv;libintl","","libtre-git=0.9.0","libtre-git","libtre-git","45.76 KiB","94.42 KiB","Thu Oct  3 13:52:39 2024"
"msys","libtre-devel","0.9.0-1","False","","x86_64","msys-package","Libtre headers and libraries (development)","development","BSD","https://laurikari.net/tre/","libtre=0.9.0;gettext-devel;libiconv-devel","","libtre-devel-git=0.9.0","libtre-devel-git","libtre-devel-git","8.77 KiB","45.10 KiB","Thu Oct  3 13:52:39 2024"
"msys","libunistring","1.4.2-1","True","1.4.2-1","x86_64","msys-package","Library for manipulating Unicode strings and C strings.","libraries","spdx:LGPL-3.0-or-later;OR;GPL-2.0-or-later","https://www.gnu.org/software/libunistring/","libiconv","","","","","754.53 KiB","2734.20 KiB","Tue Apr 21 12:31:38 2026"
"msys","libunistring-devel","1.4.2-1","False","","x86_64","msys-package","libunistring headers and libraries","development","spdx:LGPL-3.0-or-later;OR;GPL-2.0-or-later","https://www.gnu.org/software/libunistring/","libunistring=1.4.2;libiconv-devel","","","","","702.89 KiB","3398.62 KiB","Tue Apr 21 12:31:38 2026"
"msys","libunrar","7.2.7-1","False","","x86_64","msys-package","Library file for applications that use libunrar","","spdx:LicenseRef-unRAR","https://www.rarlab.com/rar_add.htm","gcc-libs","","","","","157.52 KiB","344.66 KiB","Wed Jul  1 01:04:33 2026"
"msys","libunrar-devel","7.2.7-1","False","","x86_64","msys-package","Import library and header file for applications that use libunrar","","spdx:LicenseRef-unRAR","https://www.rarlab.com/rar_add.htm","libunrar","","","","","199.42 KiB","1112.50 KiB","Wed Jul  1 01:04:33 2026"
"msys","libutil-linux","2.40.2-2","True","2.40.2-2","x86_64","msys-package","Block device ID and Universally Unique ID libraries","","spdx:GPL-2.0-or-later","https://www.kernel.org/pub/linux/utils/util-linux/","gcc-libs;libintl","","libblkid;libuuid;libsmartcols","","","301.30 KiB","925.93 KiB","Tue Feb 11 05:56:59 2025"
"msys","libutil-linux-devel","2.40.2-2","False","","x86_64","msys-package","Block device ID and Universally Unique ID headers and libraries.","","spdx:GPL-2.0-or-later","https://www.kernel.org/pub/linux/utils/util-linux/","libutil-linux","","libblkid-devel;libuuid-devel;libsmartcols-devel","","","366.55 KiB","2050.75 KiB","Tue Feb 11 05:56:59 2025"
"msys","libuv","1.52.1-1","False","","x86_64","msys-package","Multi-platform support library with a focus on asynchronous I/O","libraries","custom","https://github.com/libuv/libuv","gcc-libs","","","","","132.56 KiB","392.18 KiB","Thu May 28 05:34:50 2026"
"msys","libuv-devel","1.52.1-1","False","","x86_64","msys-package","libuv headers and libraries","development","custom","https://github.com/libuv/libuv","libuv=1.52.1","","","","","109.37 KiB","654.37 KiB","Thu May 28 05:34:50 2026"
"msys","libwebsockets","4.5.2-1","False","","x86_64","msys-package","C library for websocket clients and servers","","spdx:MIT","https://libwebsockets.org/","openssl;zlib","","","","","613.08 KiB","3209.82 KiB","Sat Feb  7 03:16:03 2026"
"msys","libxcrypt","4.5.2-1","True","4.5.2-1","x86_64","msys-package","Modern library for one-way hashing of passwords","","spdx:LGPL-2.1-or-later","https://github.com/besser82/libxcrypt/","","","","","","85.32 KiB","214.18 KiB","Mon Nov 17 22:52:02 2025"
"msys","libxcrypt-devel","4.5.2-1","False","","x86_64","msys-package","Modern library for one-way hashing of passwords","","spdx:LGPL-2.1-or-later","https://github.com/besser82/libxcrypt/","libxcrypt=4.5.2","","libcrypt-devel","libcrypt-devel","libcrypt-devel","112.64 KiB","363.37 KiB","Mon Nov 17 22:52:02 2025"
"msys","libxml2","2.15.3-1","False","","x86_64","msys-package","XML parsing library, version 2","libraries","spdx:MIT","https://gitlab.gnome.org/GNOME/libxml2/-/wikis/","coreutils;libreadline;zlib","","","","","502.69 KiB","1230.24 KiB","Fri Apr 17 18:34:53 2026"
"msys","libxml2-devel","2.15.3-1","False","","x86_64","msys-package","Libxml2 headers and libraries","development","spdx:MIT","https://gitlab.gnome.org/GNOME/libxml2/-/wikis/","libxml2=2.15.3;libreadline-devel;zlib-devel;libiconv-devel","","","","","1046.59 KiB","9295.62 KiB","Fri Apr 17 18:34:53 2026"
"msys","libxslt","1.1.45-1","False","","x86_64","msys-package","XML stylesheet transformation library","libraries","custom","https://gitlab.gnome.org/GNOME/libxslt/-/wikis/","libxml2;libgcrypt","","","","","136.17 KiB","338.51 KiB","Sun Nov 30 08:53:04 2025"
"msys","libxslt-devel","1.1.45-1","False","","x86_64","msys-package","Libxslt headers and libraries","development","custom","https://gitlab.gnome.org/GNOME/libxslt/-/wikis/","libxslt=1.1.45;libxml2-devel;libgcrypt-devel","","","","","187.70 KiB","810.39 KiB","Sun Nov 30 08:53:04 2025"
"msys","libxxhash","0.8.3-1","False","","x86_64","msys-package","Extremely fast non-cryptographic hash algorithm","libraries","BSD","https://github.com/Cyan4973/xxHash","","","","","","19.65 KiB","49.03 KiB","Thu Jan  9 02:37:14 2025"
"msys","libxxhash-devel","0.8.3-1","False","","x86_64","msys-package","Development headers and library for xxhash","development","BSD","https://github.com/Cyan4973/xxHash","libxxhash=0.8.3","","","","","61.29 KiB","309.88 KiB","Thu Jan  9 02:37:14 2025"
"msys","libyaml","0.2.5-2","False","","x86_64","msys-package","YAML 1.1 library","libraries","spdx:MIT","https://pyyaml.org/wiki/LibYAML","","","","","","47.92 KiB","120.56 KiB","Sat Dec  9 13:10:11 2023"
"msys","libyaml-devel","0.2.5-2","False","","x86_64","msys-package","YAML 1.1 library","development","spdx:MIT","https://pyyaml.org/wiki/LibYAML","libyaml=0.2.5","","","","","60.62 KiB","236.83 KiB","Sat Dec  9 13:10:11 2023"
"msys","libzstd","1.5.7-1","True","1.5.7-1","x86_64","msys-package","Zstandard - Fast real-time compression algorithm","","BSD","https://facebook.github.io/zstd/","gcc-libs","","","","","390.31 KiB","1109.94 KiB","Thu Feb 20 01:47:43 2025"
"msys","libzstd-devel","1.5.7-1","False","","x86_64","msys-package","zstd headers and libraries","development","BSD","https://facebook.github.io/zstd/","libzstd=1.5.7","","","","","471.23 KiB","1863.88 KiB","Thu Feb 20 01:47:43 2025"
"msys","lld","21.1.8-2","False","","x86_64","msys-package","Linker tools for LLVM","","spdx:Apache-2.0;WITH;LLVM-exception","https://lld.llvm.org/","gcc-libs;llvm-libs=21.1.8","","","","","2.62 MiB","39.09 MiB","Thu Jul 16 21:51:41 2026"
"msys","llvm","21.1.8-2","False","","x86_64","msys-package","Low Level Virtual Machine","","spdx:Apache-2.0;WITH;LLVM-exception","https://llvm.org/","llvm-libs=21.1.8","","","","","50.26 MiB","348.65 MiB","Thu Jul 16 21:51:41 2026"
"msys","llvm-libs","21.1.8-2","False","","x86_64","msys-package","Low Level Virtual Machine Runtime Libraries","","spdx:Apache-2.0;WITH;LLVM-exception","https://llvm.org/","gcc-libs;libzstd;zlib;libxml2;libedit","","","llvm<21.1.0","","19.02 MiB","74.57 MiB","Thu Jul 16 21:51:41 2026"
"msys","lndir","1.0.5-1","False","","x86_64","msys-package","Create a shadow directory of symbolic links to another directory tree","","custom","https://xorg.freedesktop.org/","","","","","","10.22 KiB","17.16 KiB","Sun Apr  7 12:51:36 2024"
"msys","localepurge","0.7.3.10-1","False","","any","msys-package","Script to remove disk space wasted for unneeded localizations.","","GPL","http://packages.debian.org/source/sid/localepurge","","","","","","9.28 KiB","16.72 KiB","Fri Sep 10 15:11:19 2021"
"msys","lua","5.4.8-1","False","","x86_64","msys-package","Powerful lightweight programming language designed for extending applications","","spdx:MIT","https://www.lua.org/","","","","","","138.12 KiB","532.42 KiB","Thu Jun 19 00:59:34 2025"
"msys","luit","20250912-1","False","","x86_64","msys-package","Luit is a filter that can be run between an arbitrary application and a UTF-8 terminal emulator","","spdx:MIT","https://invisible-island.net/luit/luit.html","gcc-libs;libiconv;zlib","","","","","40.77 KiB","87.37 KiB","Thu Oct  2 22:16:46 2025"
"msys","lynx","2.9.3-1","False","","x86_64","msys-package","A text browser for the World Wide Web","","GPL","https://lynx.invisible-island.net/","openssl;libidn;ncurses;libintl","","","","","1281.96 KiB","5245.27 KiB","Thu May 28 05:35:33 2026"
"msys","lz4","1.10.0-1","False","","x86_64","msys-package","Very fast lossless compression algorithm","libraries","LGPL","https://lz4.github.io/lz4/","gcc-libs;lz4=1.10.0","","","","","107.94 KiB","965.92 KiB","Mon Jul 22 17:23:33 2024"
"msys","lzip","1.26-1","False","","x86_64","msys-package","A lossless file compressor based on the LZMA algorithm","","spdx:GPL-2.0-or-later","https://www.nongnu.org/lzip/lzip.html","gcc-libs","","","","","80.41 KiB","147.15 KiB","Sun Mar 22 10:18:02 2026"
"msys","lzop","1.04-2","False","","x86_64","msys-package","A file compressor which is very similar to gzip (compression)","compression","GPL","https://www.lzop.org/","liblzo2","","","","","67.49 KiB","196.21 KiB","Wed Dec 13 12:07:23 2023"
"msys","m4","1.4.21-1","False","","x86_64","msys-package","The GNU macro processor","","GPL3","https://www.gnu.org/software/m4","bash;gcc-libs;libiconv","","","","","252.57 KiB","432.02 KiB","Mon Apr 20 13:28:09 2026"
"msys","make","4.4.1-3","False","","x86_64","msys-package","GNU make utility to maintain groups of programs","","GPL3","https://www.gnu.org/software/make","libintl;sh","","","","","502.62 KiB","1655.29 KiB","Fri May 29 03:35:59 2026"
"msys","man-db","2.13.1-2","False","","x86_64","msys-package","A utility for reading man pages","","GPL;LGPL","https://man-db.gitlab.io/man-db/","bash;gdbm;zlib;groff;libpipeline;less","gzip","man","man","man","616.54 KiB","4580.36 KiB","Mon Apr 20 16:22:22 2026"
"msys","man-pages-posix","2017_a-1","False","","any","msys-package","POSIX Manual Pages","","custom:posix","https://www.kernel.org/doc/man-pages","man","","","","","2.58 MiB","2.58 MiB","Tue Nov 23 00:25:13 2021"
"msys","man2html","3.0.1-2","False","","any","msys-package","A Unix manpage-to-HTML converter","","GPL","https://www.nongnu.org/man2html/","man-db;perl","","","","","17.56 KiB","36.08 KiB","Sat Dec  9 14:55:32 2023"
"msys","markdown","1.0.1-2","False","","x86_64","msys-package","A text-to-HTML conversion tool","","BSD","https://daringfireball.net/projects/markdown/","perl","","","","","16.49 KiB","38.66 KiB","Wed Dec 13 12:02:44 2023"
"msys","maturin","1.12.6-1","False","","x86_64","msys-package","Build and publish crates with pyo3, rust-cpython and cffi bindings","","spdx:MIT;OR;Apache-2.0","https://www.maturin.rs/","python;libopenssl","","","","","10.48 MiB","43.64 MiB","Sat Mar  7 04:12:42 2026"
"msys","mc","4.8.33-2","False","","x86_64","msys-package","Midnight Commander is a text based filemanager/shell that emulates Norton Commander","","GPL","https://www.midnight-commander.org/","glib2;libssh2","gawk","","","","1798.71 KiB","9964.99 KiB","Tue Feb 11 06:04:00 2025"
"msys","mercurial","7.2.2-1","False","","x86_64","msys-package","A scalable distributed SCM tool","VCS","spdx:GPL-2.0-or-later","https://www.mercurial-scm.org/","python","","","","","6.08 MiB","34.89 MiB","Fri May  8 16:27:34 2026"
"msys","meson","1.11.0-1","False","","any","msys-package","High-productivity build system","","spdx:Apache-2.0","https://mesonbuild.com/","python;ninja;pkgconf","","","","","2.17 MiB","13.67 MiB","Mon Apr 13 15:05:42 2026"
"msys","mingw-w64-cross-binutils","2.47-1","False","","x86_64","mingw-package","A set of programs to assemble and manipulate binary and object files (meta package, for backward compatibility)","mingw-w64-cross-toolchain;mingw-w64-cross","spdx:GPL-3.0-or-later","https://www.gnu.org/software/binutils/","mingw-w64-cross-ucrt64-binutils;mingw-w64-cross-mingw32-binutils;mingw-w64-cross-mingw64-binutils","","","","","2.12 KiB","0.00 KiB","Sun Jul 26 17:07:30 2026"
"msys","mingw-w64-cross-clang","21.1.1-1","False","","x86_64","mingw-package","Cross Clang for the MinGW-w64","mingw-w64-cross-clang-toolchain","spdx:Apache-2.0;WITH;LLVM-exception","https://llvm.org","llvm;mingw-w64-cross-clang-crt;mingw-w64-cross-compiler-rt","","","","","4.25 MiB","75.71 MiB","Thu Sep 11 19:31:31 2025"
"msys","mingw-w64-cross-clang-crt","13.0.0.r1.gb45abfec4-1","False","","x86_64","mingw-package","MinGW-w64 CRT for cross-compiler","mingw-w64-cross-clang-toolchain","spdx:ZPL-2.1;AND;LGPL-2.1-or-later","https://mingw-w64.sourceforge.io/","mingw-w64-cross-clang-headers","","","mingw-w64-cross-crt","","9.08 MiB","153.48 MiB","Sun Jun  8 22:48:00 2025"
"msys","mingw-w64-cross-clang-headers","13.0.0.r1.gb45abfec4-1","False","","x86_64","mingw-package","MinGW-w64 headers for cross-compiler","mingw-w64-cross-clang-toolchain","spdx:ZPL-2.1;AND;LGPL-2.1-or-later","https://mingw-w64.sourceforge.io/","","","","mingw-w64-cross-headers","","23.12 MiB","304.55 MiB","Sun Jun  8 22:43:58 2025"
"msys","mingw-w64-cross-common-binutils","2.47-1","False","","x86_64","mingw-package","A set of programs to assemble and manipulate binary and object files (common files for all targets)","mingw-w64-cross-toolchain;mingw-w64-cross","spdx:GPL-3.0-or-later","https://www.gnu.org/software/binutils/","libiconv;zlib;libzstd;libintl","","","mingw-w64-cross-binutils<=2.43-1","","2.89 MiB","19.72 MiB","Sun Jul 26 17:07:30 2026"
"msys","mingw-w64-cross-compiler-rt","21.1.1-1","False","","x86_64","mingw-package","Compiler runtime libraries for cross clang","","custom:Apache;2.0;with;LLVM;Exception","https://llvm.org","clang","","","","","110.41 KiB","756.41 KiB","Thu Sep 11 19:26:43 2025"
"msys","mingw-w64-cross-crt","14.0.0.r147.g31bd54ab7-1","False","","x86_64","mingw-package","MinGW-w64 CRT for cross-compiler (meta package, for backward compatibility)","mingw-w64-cross-toolchain;mingw-w64-cross","custom","https://www.mingw-w64.org","mingw-w64-cross-ucrt64-crt;mingw-w64-cross-mingw32-crt;mingw-w64-cross-mingw64-crt","","mingw-w64-cross-crt-git","mingw-w64-cross-crt-git","mingw-w64-cross-crt-git","2.55 KiB","0.00 KiB","Fri Jun 26 03:16:42 2026"
"msys","mingw-w64-cross-gcc","16.1.0-2","False","","x86_64","mingw-package","Cross GCC for the MinGW-w64 (meta package, for backward compatibility)","mingw-w64-cross-toolchain;mingw-w64-cross","GPL;LGPL;FDL;custom","https://gcc.gnu.org","mingw-w64-cross-ucrt64-gcc;mingw-w64-cross-mingw32-gcc;mingw-w64-cross-mingw64-gcc","","","","","2.23 KiB","0.00 KiB","Wed May 13 16:42:23 2026"
"msys","mingw-w64-cross-headers","14.0.0.r147.g31bd54ab7-1","False","","x86_64","mingw-package","MinGW-w64 headers for cross-compiler (meta package, for backward compatibility)","mingw-w64-cross-toolchain;mingw-w64-cross","custom","https://www.mingw-w64.org/","mingw-w64-cross-ucrt64-headers;mingw-w64-cross-mingw32-headers;mingw-w64-cross-mingw64-headers","","mingw-w64-cross-headers-git","mingw-w64-cross-headers-git","mingw-w64-cross-headers-git","2.39 KiB","0.00 KiB","Fri Jun 26 02:28:09 2026"
"msys","mingw-w64-cross-mingw32-binutils","2.47-1","False","","x86_64","mingw-package","A set of programs to assemble and manipulate binary and object files","mingw-w64-cross-toolchain;mingw-w64-cross","spdx:GPL-3.0-or-later","https://www.gnu.org/software/binutils/","libiconv;zlib;libzstd;libintl;mingw-w64-cross-common-binutils","","","mingw-w64-cross-binutils<=2.43-1","","2.26 MiB","19.56 MiB","Sun Jul 26 17:07:30 2026"
"msys","mingw-w64-cross-mingw32-crt","14.0.0.r147.g31bd54ab7-1","False","","x86_64","mingw-package","MinGW-w64 CRT for cross-compiler","mingw-w64-cross-toolchain;mingw-w64-cross","custom","https://www.mingw-w64.org","mingw-w64-cross-mingw32-headers","","","mingw-w64-cross-crt<=12.0.0.r0.g819a6ec2e-1","","4.01 MiB","128.79 MiB","Fri Jun 26 03:16:42 2026"
"msys","mingw-w64-cross-mingw32-gcc","16.1.0-2","False","","x86_64","mingw-package","Cross GCC for the MinGW-w64","mingw-w64-cross-toolchain;mingw-w64-cross","GPL;LGPL;FDL;custom","https://gcc.gnu.org","zlib;mpc;isl;libzstd;mingw-w64-cross-mingw32-crt;mingw-w64-cross-mingw32-headers;mingw-w64-cross-mingw32-winpthreads;mingw-w64-cross-mingw32-windows-default-manifest;mingw-w64-cross-mingw32-binutils","","","mingw-w64-cross-gcc<=14.2.0-1","","65.00 MiB","270.34 MiB","Wed May 13 16:42:23 2026"
"msys","mingw-w64-cross-mingw32-headers","14.0.0.r147.g31bd54ab7-1","False","","x86_64","mingw-package","MinGW-w64 headers for cross-compiler","mingw-w64-cross-toolchain;mingw-w64-cross","custom","https://www.mingw-w64.org/","","","","mingw-w64-cross-headers<=12.0.0.r0.g819a6ec2e-1","","5.99 MiB","80.48 MiB","Fri Jun 26 02:28:09 2026"
"msys","mingw-w64-cross-mingw32-tools","14.0.0.r147.g31bd54ab7-1","False","","x86_64","mingw-package","MinGW-w64 headers for cross-compiler","mingw-w64-cross-toolchain;mingw-w64-cross","custom","https://www.mingw-w64.org/","","","","mingw-w64-cross-tools<=12.0.0.r0.g819a6ec2e-1","","273.58 KiB","1167.87 KiB","Fri Jun 26 03:50:41 2026"
"msys","mingw-w64-cross-mingw32-windows-default-manifest","6.4-5","False","","x86_64","mingw-package","Default Windows application manifest","mingw-w64-cross-toolchain;mingw-w64-cross","BSD","https://sourceware.org/git/cygwin-apps/windows-default-manifest.git","","","","mingw-w64-cross-windows-default-manifest<=6.4-4","","3.09 KiB","1.32 KiB","Tue Aug 13 02:47:19 2024"
"msys","mingw-w64-cross-mingw32-winpthreads","14.0.0.r147.g31bd54ab7-1","False","","x86_64","mingw-package","MinGW-w64 winpthreads library for cross-compiler","mingw-w64-cross-toolchain;mingw-w64-cross","custom","https://www.mingw-w64.org/","mingw-w64-cross-mingw32-crt","","","mingw-w64-cross-winpthreads<=12.0.0.r0.g819a6ec2e-1","","179.62 KiB","1214.79 KiB","Fri Jun 26 03:45:24 2026"
"msys","mingw-w64-cross-mingw32-winstorecompat","14.0.0.r147.g31bd54ab7-1","False","","x86_64","mingw-package","MinGW-w64 winRT compat library","mingw-w64-cross-toolchain;mingw-w64-cross","custom","https://www.mingw-w64.org","mingw-w64-cross-mingw32-crt","","","mingw-w64-cross-winstorecompat<=12.0.0.r0.g819a6ec2e-1","","61.92 KiB","432.33 KiB","Fri Jun 26 03:54:34 2026"
"msys","mingw-w64-cross-mingw32-zlib","1.3.2-2","False","","x86_64","mingw-package","Compression library implementing the deflate compression method found in gzip and PKZIP","mingw-w64-cross-toolchain;mingw-w64-cross","spdx:Zlib","https://www.zlib.net/","","","","mingw-w64-cross-zlib<=1.3.1-1","","182.51 KiB","662.54 KiB","Tue May 12 15:06:24 2026"
"msys","mingw-w64-cross-mingw64-binutils","2.47-1","False","","x86_64","mingw-package","A set of programs to assemble and manipulate binary and object files","mingw-w64-cross-toolchain;mingw-w64-cross","spdx:GPL-3.0-or-later","https://www.gnu.org/software/binutils/","libiconv;zlib;libzstd;libintl;mingw-w64-cross-common-binutils","","","mingw-w64-cross-binutils<=2.43-1","","2.45 MiB","22.63 MiB","Sun Jul 26 17:07:30 2026"
"msys","mingw-w64-cross-mingw64-crt","14.0.0.r147.g31bd54ab7-1","False","","x86_64","mingw-package","MinGW-w64 CRT for cross-compiler","mingw-w64-cross-toolchain;mingw-w64-cross","custom","https://www.mingw-w64.org","mingw-w64-cross-mingw64-headers","","","mingw-w64-cross-crt<=12.0.0.r0.g819a6ec2e-1","","4.58 MiB","138.49 MiB","Fri Jun 26 03:16:42 2026"
"msys","mingw-w64-cross-mingw64-gcc","16.1.0-2","False","","x86_64","mingw-package","Cross GCC for the MinGW-w64","mingw-w64-cross-toolchain;mingw-w64-cross","GPL;LGPL;FDL;custom","https://gcc.gnu.org","zlib;mpc;isl;libzstd;mingw-w64-cross-mingw64-crt;mingw-w64-cross-mingw64-headers;mingw-w64-cross-mingw64-winpthreads;mingw-w64-cross-mingw64-windows-default-manifest;mingw-w64-cross-mingw64-binutils","","","mingw-w64-cross-gcc<=14.2.0-1","","66.40 MiB","282.01 MiB","Wed May 13 16:42:23 2026"
"msys","mingw-w64-cross-mingw64-headers","14.0.0.r147.g31bd54ab7-1","False","","x86_64","mingw-package","MinGW-w64 headers for cross-compiler","mingw-w64-cross-toolchain;mingw-w64-cross","custom","https://www.mingw-w64.org/","","","","mingw-w64-cross-headers<=12.0.0.r0.g819a6ec2e-1","","5.99 MiB","80.48 MiB","Fri Jun 26 02:28:09 2026"
"msys","mingw-w64-cross-mingw64-tools","14.0.0.r147.g31bd54ab7-1","False","","x86_64","mingw-package","MinGW-w64 headers for cross-compiler","mingw-w64-cross-toolchain;mingw-w64-cross","custom","https://www.mingw-w64.org/","","","","mingw-w64-cross-tools<=12.0.0.r0.g819a6ec2e-1","","280.36 KiB","1225.87 KiB","Fri Jun 26 03:50:41 2026"
"msys","mingw-w64-cross-mingw64-windows-default-manifest","6.4-5","False","","x86_64","mingw-package","Default Windows application manifest","mingw-w64-cross-toolchain;mingw-w64-cross","BSD","https://sourceware.org/git/cygwin-apps/windows-default-manifest.git","","","","mingw-w64-cross-windows-default-manifest<=6.4-4","","3.10 KiB","1.32 KiB","Tue Aug 13 02:47:19 2024"
"msys","mingw-w64-cross-mingw64-winpthreads","14.0.0.r147.g31bd54ab7-1","False","","x86_64","mingw-package","MinGW-w64 winpthreads library for cross-compiler","mingw-w64-cross-toolchain;mingw-w64-cross","custom","https://www.mingw-w64.org/","mingw-w64-cross-mingw64-crt","","","mingw-w64-cross-winpthreads<=12.0.0.r0.g819a6ec2e-1","","170.25 KiB","1234.96 KiB","Fri Jun 26 03:45:24 2026"
"msys","mingw-w64-cross-mingw64-winstorecompat","14.0.0.r147.g31bd54ab7-1","False","","x86_64","mingw-package","MinGW-w64 winRT compat library","mingw-w64-cross-toolchain;mingw-w64-cross","custom","https://www.mingw-w64.org","mingw-w64-cross-mingw64-crt","","","mingw-w64-cross-winstorecompat<=12.0.0.r0.g819a6ec2e-1","","66.45 KiB","480.65 KiB","Fri Jun 26 03:54:34 2026"
"msys","mingw-w64-cross-mingw64-zlib","1.3.2-2","False","","x86_64","mingw-package","Compression library implementing the deflate compression method found in gzip and PKZIP","mingw-w64-cross-toolchain;mingw-w64-cross","spdx:Zlib","https://www.zlib.net/","","","","mingw-w64-cross-zlib<=1.3.1-1","","186.62 KiB","673.99 KiB","Tue May 12 15:06:24 2026"
"msys","mingw-w64-cross-mingwarm64-binutils","2.44dev-1","False","","x86_64","mingw-package","A set of programs to assemble and manipulate binary and object files","mingw-w64-cross-toolchain;mingw-w64-cross","GPL","https://www.gnu.org/software/binutils/","libiconv;zlib;libzstd;libintl;mingw-w64-cross-common-binutils","","","mingw-w64-cross-binutils<=2.43-1","","5.83 MiB","36.71 MiB","Sun Feb  2 10:34:40 2025"
"msys","mingw-w64-cross-mingwarm64-crt","13.0.0dev-1","False","","x86_64","mingw-package","MinGW-w64 CRT for cross-compiler","mingw-w64-cross-toolchain;mingw-w64-cross","custom","https://www.mingw-w64.org","mingw-w64-cross-mingwarm64-headers","","","mingw-w64-cross-crt<=12.0.0.r0.g819a6ec2e-1","","3.00 MiB","82.23 MiB","Fri Jun 27 00:59:21 2025"
"msys","mingw-w64-cross-mingwarm64-gcc","15.0.1dev-1","False","","x86_64","mingw-package","Cross GCC for the MinGW-w64","mingw-w64-cross-toolchain;mingw-w64-cross","GPL;LGPL;FDL;custom","https://gcc.gnu.org","zlib;mpc;isl;libzstd;mingw-w64-cross-mingwarm64-crt;mingw-w64-cross-mingwarm64-headers;mingw-w64-cross-mingwarm64-winpthreads;mingw-w64-cross-mingwarm64-windows-default-manifest;mingw-w64-cross-mingwarm64-binutils","","","mingw-w64-cross-gcc<=14.2.0-1","","63.79 MiB","284.10 MiB","Thu May  1 06:37:28 2025"
"msys","mingw-w64-cross-mingwarm64-headers","13.0.0dev-1","False","","x86_64","mingw-package","MinGW-w64 headers for cross-compiler","mingw-w64-cross-toolchain;mingw-w64-cross","custom","https://www.mingw-w64.org/","","","","mingw-w64-cross-headers<=12.0.0.r0.g819a6ec2e-1","","5.81 MiB","76.14 MiB","Fri Jun 27 00:36:27 2025"
"msys","mingw-w64-cross-mingwarm64-tools","13.0.0dev-1","False","","x86_64","mingw-package","MinGW-w64 headers for cross-compiler","mingw-w64-cross-toolchain;mingw-w64-cross","custom","https://www.mingw-w64.org/","","","","mingw-w64-cross-tools<=12.0.0.r0.g819a6ec2e-1","","235.90 KiB","978.23 KiB","Fri Jun 27 01:05:45 2025"
"msys","mingw-w64-cross-mingwarm64-windows-default-manifest","6.4-6","False","","x86_64","mingw-package","Default Windows application manifest","mingw-w64-cross-toolchain;mingw-w64-cross","BSD","https://sourceware.org/git/cygwin-apps/windows-default-manifest.git","","","","mingw-w64-cross-windows-default-manifest<=6.4-4","","3.08 KiB","1.32 KiB","Sun Sep  8 11:47:11 2024"
"msys","mingw-w64-cross-mingwarm64-winpthreads","13.0.0dev-1","False","","x86_64","mingw-package","MinGW-w64 winpthreads library for cross-compiler","mingw-w64-cross-toolchain;mingw-w64-cross","custom","https://www.mingw-w64.org/","mingw-w64-cross-mingwarm64-crt","","","mingw-w64-cross-winpthreads<=12.0.0.r0.g819a6ec2e-1","","191.91 KiB","1540.03 KiB","Fri Jun 27 01:03:48 2025"
"msys","mingw-w64-cross-mingwarm64-winstorecompat","13.0.0dev-1","False","","x86_64","mingw-package","MinGW-w64 winRT compat library","mingw-w64-cross-toolchain;mingw-w64-cross","custom","https://www.mingw-w64.org","mingw-w64-cross-mingwarm64-crt","","","mingw-w64-cross-winstorecompat<=12.0.0.r0.g819a6ec2e-1","","63.91 KiB","456.17 KiB","Fri Jun 27 01:07:30 2025"
"msys","mingw-w64-cross-mingwarm64-zlib","1.3.2-2","False","","x86_64","mingw-package","Compression library implementing the deflate compression method found in gzip and PKZIP","mingw-w64-cross-toolchain;mingw-w64-cross","spdx:Zlib","https://www.zlib.net/","","","","mingw-w64-cross-zlib<=1.3.1-1","","117.24 KiB","509.86 KiB","Tue May 12 15:06:24 2026"
"msys","mingw-w64-cross-tools","14.0.0.r147.g31bd54ab7-1","False","","x86_64","mingw-package","MinGW-w64 headers for cross-compiler (meta package, for backward compatibility)","mingw-w64-cross-toolchain;mingw-w64-cross","custom","https://www.mingw-w64.org/","mingw-w64-cross-ucrt64-tools;mingw-w64-cross-mingw32-tools;mingw-w64-cross-mingw64-tools","","mingw-w64-cross-tools-git","mingw-w64-cross-tools-git","mingw-w64-cross-tools-git","2.53 KiB","0.00 KiB","Fri Jun 26 03:50:41 2026"
"msys","mingw-w64-cross-ucrt64-binutils","2.47-1","False","","x86_64","mingw-package","A set of programs to assemble and manipulate binary and object files","mingw-w64-cross-toolchain;mingw-w64-cross","spdx:GPL-3.0-or-later","https://www.gnu.org/software/binutils/","libiconv;zlib;libzstd;libintl;mingw-w64-cross-common-binutils","","","mingw-w64-cross-binutils<=2.43-1","","2.46 MiB","22.63 MiB","Sun Jul 26 17:07:30 2026"
"msys","mingw-w64-cross-ucrt64-crt","14.0.0.r147.g31bd54ab7-1","False","","x86_64","mingw-package","MinGW-w64 CRT for cross-compiler","mingw-w64-cross-toolchain;mingw-w64-cross","custom","https://www.mingw-w64.org","mingw-w64-cross-ucrt64-headers","","","mingw-w64-cross-crt<=12.0.0.r0.g819a6ec2e-1","","4.65 MiB","138.48 MiB","Fri Jun 26 03:16:42 2026"
"msys","mingw-w64-cross-ucrt64-gcc","16.1.0-2","False","","x86_64","mingw-package","Cross GCC for the MinGW-w64","mingw-w64-cross-toolchain;mingw-w64-cross","GPL;LGPL;FDL;custom","https://gcc.gnu.org","zlib;mpc;isl;libzstd;mingw-w64-cross-ucrt64-crt;mingw-w64-cross-ucrt64-headers;mingw-w64-cross-ucrt64-winpthreads;mingw-w64-cross-ucrt64-windows-default-manifest;mingw-w64-cross-ucrt64-binutils","","","mingw-w64-cross-gcc<=14.2.0-1","","66.41 MiB","282.11 MiB","Wed May 13 16:42:23 2026"
"msys","mingw-w64-cross-ucrt64-headers","14.0.0.r147.g31bd54ab7-1","False","","x86_64","mingw-package","MinGW-w64 headers for cross-compiler","mingw-w64-cross-toolchain;mingw-w64-cross","custom","https://www.mingw-w64.org/","","","","mingw-w64-cross-headers<=12.0.0.r0.g819a6ec2e-1","","6.00 MiB","80.48 MiB","Fri Jun 26 02:28:09 2026"
"msys","mingw-w64-cross-ucrt64-tools","14.0.0.r147.g31bd54ab7-1","False","","x86_64","mingw-package","MinGW-w64 headers for cross-compiler","mingw-w64-cross-toolchain;mingw-w64-cross","custom","https://www.mingw-w64.org/","","","","mingw-w64-cross-tools<=12.0.0.r0.g819a6ec2e-1","","207.70 KiB","809.67 KiB","Fri Jun 26 03:50:41 2026"
"msys","mingw-w64-cross-ucrt64-windows-default-manifest","6.4-5","False","","x86_64","mingw-package","Default Windows application manifest","mingw-w64-cross-toolchain;mingw-w64-cross","BSD","https://sourceware.org/git/cygwin-apps/windows-default-manifest.git","","","","mingw-w64-cross-windows-default-manifest<=6.4-4","","3.10 KiB","1.32 KiB","Tue Aug 13 02:47:19 2024"
"msys","mingw-w64-cross-ucrt64-winpthreads","14.0.0.r147.g31bd54ab7-1","False","","x86_64","mingw-package","MinGW-w64 winpthreads library for cross-compiler","mingw-w64-cross-toolchain;mingw-w64-cross","custom","https://www.mingw-w64.org/","mingw-w64-cross-ucrt64-crt","","","mingw-w64-cross-winpthreads<=12.0.0.r0.g819a6ec2e-1","","164.78 KiB","1222.66 KiB","Fri Jun 26 03:45:24 2026"
"msys","mingw-w64-cross-ucrt64-winstorecompat","14.0.0.r147.g31bd54ab7-1","False","","x86_64","mingw-package","MinGW-w64 winRT compat library","mingw-w64-cross-toolchain;mingw-w64-cross","custom","https://www.mingw-w64.org","mingw-w64-cross-ucrt64-crt","","","mingw-w64-cross-winstorecompat<=12.0.0.r0.g819a6ec2e-1","","66.43 KiB","481.36 KiB","Fri Jun 26 03:54:34 2026"
"msys","mingw-w64-cross-ucrt64-zlib","1.3.2-2","False","","x86_64","mingw-package","Compression library implementing the deflate compression method found in gzip and PKZIP","mingw-w64-cross-toolchain;mingw-w64-cross","spdx:Zlib","https://www.zlib.net/","","","","mingw-w64-cross-zlib<=1.3.1-1","","129.50 KiB","545.01 KiB","Tue May 12 15:06:24 2026"
"msys","mingw-w64-cross-windows-default-manifest","6.4-5","False","","x86_64","mingw-package","Default Windows application manifest (meta package, for backward compatibility)","mingw-w64-cross-toolchain;mingw-w64-cross","BSD","https://sourceware.org/git/cygwin-apps/windows-default-manifest.git","mingw-w64-cross-ucrt64-windows-default-manifest;mingw-w64-cross-mingw32-windows-default-manifest;mingw-w64-cross-mingw64-windows-default-manifest","","","","","2.44 KiB","0.00 KiB","Tue Aug 13 02:47:19 2024"
"msys","mingw-w64-cross-winpthreads","14.0.0.r147.g31bd54ab7-1","False","","x86_64","mingw-package","MinGW-w64 winpthreads library for cross-compiler (meta package, for backward compatibility)","mingw-w64-cross-toolchain;mingw-w64-cross","custom","https://www.mingw-w64.org/","mingw-w64-cross-ucrt64-winpthreads;mingw-w64-cross-mingw32-winpthreads;mingw-w64-cross-mingw64-winpthreads","","mingw-w64-cross-winpthreads-git","mingw-w64-cross-winpthreads-git","mingw-w64-cross-winpthreads-git","2.56 KiB","0.00 KiB","Fri Jun 26 03:45:24 2026"
"msys","mingw-w64-cross-winstorecompat","14.0.0.r147.g31bd54ab7-1","False","","x86_64","mingw-package","MinGW-w64 winRT compat library (meta package, for backward compatibility)","mingw-w64-cross-toolchain;mingw-w64-cross","custom","https://www.mingw-w64.org","mingw-w64-cross-ucrt64-winstorecompat;mingw-w64-cross-mingw32-winstorecompat;mingw-w64-cross-mingw64-winstorecompat","","mingw-w64-cross-winstorecompat-git","mingw-w64-cross-winstorecompat-git","mingw-w64-cross-winstorecompat-git","2.55 KiB","0.00 KiB","Fri Jun 26 03:54:34 2026"
"msys","mingw-w64-cross-zlib","1.3.2-2","False","","x86_64","mingw-package","Compression library implementing the deflate compression method found in gzip and PKZIP (meta package, for backward compatibility)","mingw-w64-cross-toolchain;mingw-w64-cross","spdx:Zlib","https://www.zlib.net/","mingw-w64-cross-ucrt64-zlib;mingw-w64-cross-mingw32-zlib;mingw-w64-cross-mingw64-zlib;mingw-w64-cross-mingwarm64-zlib","","","","","2.19 KiB","0.00 KiB","Tue May 12 15:06:24 2026"
"msys","mintty","1~3.8.3-1","True","1~3.8.3-1","x86_64","msys-package","Terminal emulator with native Windows look and feel","","spdx:GPL-3.0-or-later","https://mintty.github.io","sh","","","","","1329.73 KiB","4226.07 KiB","Tue Jun  9 14:56:22 2026"
"msys","mksh","59.c-2","False","","x86_64","msys-package","The MirBSD Korn Shell","","ISC","http://www.mirbsd.org/mksh.htm","gcc-libs","","ksh","ksh","","212.42 KiB","660.48 KiB","Sat Jan 31 04:28:09 2026"
"msys","mm-common","1.0.7-1","False","","x86_64","msys-package","Common build files of the C++ bindings","","GPL2","https://gitlab.gnome.org/GNOME/mm-common","","","","","","254.59 KiB","3697.13 KiB","Tue Jun 24 00:26:44 2025"
"msys","moreutils","0.70-1","False","","x86_64","msys-package","A growing collection of the unix tools that nobody thought to write thirty years ago","","GPL2","https://joeyh.name/code/moreutils/","","","","","","48.45 KiB","146.59 KiB","Wed Dec 11 18:29:22 2024"
"msys","mosh","1.4.0-6","False","","x86_64","msys-package","Mobile shell, surviving disconnects with local echo and line editing","net-utils","spdx:GPL-3.0-or-later","https://mosh.org/","protobuf;ncurses;zlib;libopenssl;openssh;perl","","","","","190.75 KiB","689.63 KiB","Fri Sep 15 13:37:04 2023"
"msys","mosquitto","2.1.0-1","False","","x86_64","msys-package","An Open Source MQTT Broker","","spdx:EPL-2.0;OR;EDL-1.0","https://mosquitto.org","cjson;libcares;libmicrohttpd;libopenssl;libwebsockets","","","","","404.56 KiB","1741.58 KiB","Sat Feb  7 03:18:54 2026"
"msys","mpc","1.4.1-1","False","","x86_64","msys-package","Multiple precision complex arithmetic library","libraries","spdx:LGPL-3.0-or-later","https://www.multiprecision.org/","gmp>=5.0;mpfr","","","","","85.88 KiB","158.88 KiB","Fri Apr 17 18:27:46 2026"
"msys","mpc-devel","1.4.1-1","False","","x86_64","msys-package","MPC headers and libraries","development","spdx:LGPL-3.0-or-later","https://www.multiprecision.org/","mpc=1.4.1;gmp-devel;mpfr-devel","","","","","10.51 KiB","117.31 KiB","Fri Apr 17 18:27:46 2026"
"msys","mpdecimal","4.0.1-1","False","","x86_64","msys-package","Package for correctly-rounded arbitrary precision decimal floating point arithmetic","","spdx:BSD-2-Clause","https://www.bytereef.org/mpdecimal/index.html","gcc-libs","","","","","73.57 KiB","184.60 KiB","Thu May  8 17:47:50 2025"
"msys","mpdecimal-devel","4.0.1-1","False","","x86_64","msys-package","mpdecimal headers and libraries","","spdx:BSD-2-Clause","https://www.bytereef.org/mpdecimal/index.html","mpdecimal=4.0.1","","","","","108.37 KiB","698.34 KiB","Thu May  8 17:47:50 2025"
"msys","mpfr","4.2.2-1","True","4.2.2-1","x86_64","msys-package","Multiple-precision floating-point library","libraries","spdx:LGPL-3.0-or-later","https://www.mpfr.org/","gmp>=5.0","","","","","386.56 KiB","852.05 KiB","Mon Mar 24 02:02:30 2025"
"msys","mpfr-devel","4.2.2-1","False","","x86_64","msys-package","MPFR headers and libraries","development","spdx:LGPL-3.0-or-later","https://www.mpfr.org/","mpfr=4.2.2;gmp-devel","","","","","27.03 KiB","338.20 KiB","Mon Mar 24 02:02:30 2025"
"msys","msgpack-c","6.1.0-2","False","","x86_64","msys-package","MessagePack implementation for C (runtime)","libraries","Boost","https://msgpack.org","zlib","","","","","13.30 KiB","27.41 KiB","Mon Mar 31 12:29:23 2025"
"msys","msgpack-c-devel","6.1.0-2","False","","x86_64","msys-package","MessagePack implementation for C (headers & libraries)","development","Boost","https://msgpack.org","zlib-devel","","","","","20.93 KiB","131.73 KiB","Mon Mar 31 12:29:23 2025"
"msys","msys2-keyring","1~20260214-1","True","1~20260214-1","any","msys-package","MSYS2 PGP keyring","","GPL","https://github.com/msys2/MSYS2-keyring","","","","","","41.17 KiB","53.97 KiB","Sat Feb 14 12:14:12 2026"
"msys","msys2-launcher","1.5-3","True","1.5-3","x86_64","msys-package","Helper for launching MSYS2 shells","","spdx:MIT","None","mintty>=1~2.2.1","","","msys2-launcher-git","msys2-launcher-git","96.38 KiB","489.72 KiB","Thu Dec 19 00:46:26 2024"
"msys","msys2-runtime","3.6.10-2","True","3.6.9-2","x86_64","system-package","Posix emulation engine for Windows","","spdx:GPL-3.0-or-later","https://www.cygwin.com/","","","","catgets;libcatgets;msys2-runtime-3.6","catgets;libcatgets;msys2-runtime-3.6","1949.67 KiB","6642.22 KiB","Fri Jul 31 02:26:53 2026"
"msys","msys2-runtime-3.3","3.3.6-16","False","","x86_64","system-package","Posix emulation engine for Windows","","GPL","https://www.cygwin.com/","","","msys2-runtime=3.3.6","catgets;libcatgets;msys2-runtime;msys2-runtime-3.5","catgets;libcatgets","2.62 MiB","10.18 MiB","Wed Jun 18 02:37:07 2025"
"msys","msys2-runtime-3.3-devel","3.3.6-16","False","","x86_64","system-package","MSYS2 headers and libraries","","GPL","https://www.cygwin.com/","msys2-runtime-3.3=3.3.6","","msys2-runtime-devel=3.3.6","libcatgets-devel;msys2-runtime-devel;msys2-runtime-3.5-devel","libcatgets-devel","5.48 MiB","24.31 MiB","Wed Jun 18 02:37:07 2025"
"msys","msys2-runtime-3.4","3.4.10-5","False","","x86_64","system-package","Posix emulation engine for Windows","","GPL","https://www.cygwin.com/","","","msys2-runtime=3.4.10","catgets;libcatgets;msys2-runtime","catgets;libcatgets","1843.72 KiB","6101.55 KiB","Wed Jun 18 02:48:38 2025"
"msys","msys2-runtime-3.4-devel","3.4.10-5","False","","x86_64","system-package","MSYS2 headers and libraries","","GPL","https://www.cygwin.com/","msys2-runtime-3.4=3.4.10","","msys2-runtime-devel=3.4.10","libcatgets-devel;msys2-runtime-devel","libcatgets-devel","5.47 MiB","24.19 MiB","Wed Jun 18 02:48:38 2025"
"msys","msys2-runtime-3.5","3.5.7-7","False","","x86_64","system-package","Posix emulation engine for Windows","","GPL","https://www.cygwin.com/","","","msys2-runtime=3.5.7","catgets;libcatgets;msys2-runtime","catgets;libcatgets","1877.96 KiB","6298.77 KiB","Wed Jun 18 03:00:01 2025"
"msys","msys2-runtime-3.5-devel","3.5.7-7","False","","x86_64","system-package","MSYS2 headers and libraries","","GPL","https://www.cygwin.com/","msys2-runtime-3.5=3.5.7","","msys2-runtime-devel=3.5.7","libcatgets-devel;msys2-runtime-devel","libcatgets-devel","5.52 MiB","24.47 MiB","Wed Jun 18 03:00:01 2025"
"msys","msys2-runtime-devel","3.6.10-2","False","","x86_64","system-package","MSYS2 headers and libraries","","spdx:GPL-3.0-or-later","https://www.cygwin.com/","msys2-runtime=3.6.10","","","libcatgets-devel;msys2-runtime-3.6-devel","libcatgets-devel;msys2-runtime-3.6-devel","5.63 MiB","26.37 MiB","Fri Jul 31 02:26:53 2026"
"msys","msys2-w32api-headers","14.0.0.r0.g9b3dd0125-1","False","","x86_64","msys-package","Win32 API headers for MSYS2 32bit toolchain","","custom","https://mingw-w64.sourceforge.io/","","","","","","5.92 MiB","79.89 MiB","Fri Mar 27 15:07:39 2026"
"msys","msys2-w32api-runtime","14.0.0.r0.g9b3dd0125-1","False","","x86_64","msys-package","Win32 API import libs for MSYS2 toolchain","","custom","https://mingw-w64.sourceforge.io/","msys2-w32api-headers","","","","","2.90 MiB","97.26 MiB","Fri Mar 27 15:10:21 2026"
"msys","mutt","2.4.1-1","False","","x86_64","msys-package","Small but very powerful text-based mail client (net-utils)","net-utils","spdx:GPL-2.0-or-later","http://www.mutt.org/","libgpgme;libsasl;libgdbm;ncurses;libgnutls;libidn2;libsqlite;zlib","","","","","1962.68 KiB","9007.45 KiB","Sun Aug  2 18:34:26 2026"
"msys","namcap","3.3.1-6","False","","any","msys-package","A Pacman package analyzer","","GPL","https://gitlab.archlinux.org/pacman/namcap","python;python-pyalpm;binutils","","","","","126.78 KiB","816.30 KiB","Fri Aug 16 07:47:02 2024"
"msys","nano","9.2-1","True","9.0-1","x86_64","msys-package","Pico editor clone with enhancements","editors","spdx:GPL-3.0-or-later","https://www.nano-editor.org","file;libintl;ncurses;sh","","","","","671.98 KiB","3349.90 KiB","Sat Aug  1 08:38:47 2026"
"msys","nano-syntax-highlighting","2026.05.01-1","False","","any","msys-package","Nano editor syntax highlighting enhancements","","custom","https://github.com/galenguyer/nano-syntax-highlighting","nano","","","nano-syntax-highlighting-git","nano-syntax-highlighting-git","67.28 KiB","204.42 KiB","Thu May 28 05:35:11 2026"
"msys","nasm","2.16.03-1","False","","x86_64","msys-package","An 80x86 assembler designed for portability and modularity","","spdx:BSD-2-Clause","https://www.nasm.us/","","","","","","335.87 KiB","2645.56 KiB","Mon Jun  3 01:03:44 2024"
"msys","nawk","20260426-1","False","","x86_64","msys-package","The one, true implementation of AWK","","MIT","https://github.com/onetrueawk/awk","","","","","","64.20 KiB","141.83 KiB","Thu May 21 03:09:02 2026"
"msys","ncdu","1.22-1","False","","x86_64","msys-package","Disk usage analyzer with an ncurses interface.","","custom:MIT","https://dev.yorhel.nl/ncdu","ncurses","","","","","44.34 KiB","86.57 KiB","Mon Mar 24 02:18:51 2025"
"msys","ncurses","6.6-2","True","6.6-2","x86_64","msys-package","System V Release 4.0 curses emulation library","","spdx:MIT","https://www.gnu.org/software/ncurses/","gcc-libs","","","","","1256.14 KiB","11008.90 KiB","Tue May 26 13:33:22 2026"
"msys","ncurses-devel","6.6-2","False","","x86_64","msys-package","NCURSES headers and libraries","development","spdx:MIT","https://www.gnu.org/software/ncurses/","ncurses=6.6","","","","","374.46 KiB","5769.52 KiB","Tue May 26 13:33:22 2026"
"msys","neofetch","7.1.0-2","False","","any","msys-package","neofetch - A command-line system information tool written in bash 3.2+","","MIT","https://github.com/dylanaraps/neofetch","bash","","","","","82.52 KiB","339.13 KiB","Wed Dec 29 06:06:40 2021"
"msys","neomutt","20260616-1","False","","x86_64","msys-package","a version of mutt with added features","","GPL","https://neomutt.org/","libidn2;libgpgme;libsasl;libgdbm;ncurses;libiconv;libopenssl;libintl;heimdal-libs","","","","","1683.50 KiB","8587.93 KiB","Tue Jun 16 21:48:42 2026"
"msys","nettle","4.0-1","True","3.10.2-1","x86_64","msys-package","A low-level cryptographic library","net-utils","spdx:GPL-2.0-or-later;OR;LGPL-3.0-or-later","https://www.lysator.liu.se/~nisse/nettle/","libnettle","","","","","96.51 KiB","170.78 KiB","Tue Jun 16 14:20:05 2026"
"msys","nghttp2","1.70.0-1","False","","x86_64","msys-package","Framing layer of HTTP/2 is implemented as a reusable C library","","spdx:MIT","https://nghttp2.org/","gcc-libs;jansson;libnghttp2=1.70.0","","","","","92.75 KiB","373.53 KiB","Sat Aug  1 09:49:38 2026"
"msys","ninja","1.13.2-1","False","","x86_64","msys-package","Ninja is a small build system with a focus on speed","","Apache","https://ninja-build.org","","ninja-vim","","","","180.26 KiB","843.32 KiB","Fri Nov 21 09:29:21 2025"
"msys","ninja-vim","1.13.2-1","False","","x86_64","msys-package","Ninja is a small build system with a focus on speed (vim mode)","","Apache","https://ninja-build.org","ninja=1.13.2;vim","","","","","3.22 KiB","2.82 KiB","Fri Nov 21 09:29:21 2025"
"msys","nnn","5.2-1","False","","x86_64","msys-package","The fastest terminal file manager ever written.","","spdx:BSD-2-Clause","https://github.com/jarun/nnn","bash;ncurses;libreadline","atool","","","","73.72 KiB","135.23 KiB","Thu Mar  5 14:36:52 2026"
"msys","nsinstall","4.39-1","False","","x86_64","msys-package","Netscape portable install command","","spdx:MPL-2.0","https://developer.mozilla.org/en-US/docs/Mozilla/Projects/NSPR","","","","","","7.96 KiB","17.08 KiB","Thu May  7 07:32:24 2026"
"msys","nyacc","3.01.1-1","False","","x86_64","msys-package","NYACC (Not Yet Another Compiler Compiler)","","spdx:LGPL-3.0-or-later","https://www.nongnu.org/nyacc/","guile","","","","","1782.89 KiB","8129.20 KiB","Tue Jan 13 04:34:20 2026"
"msys","oniguruma","6.9.10-1","False","","x86_64","msys-package","A regular expressions library","","BSD","https://github.com/kkos/oniguruma","","","","","","213.42 KiB","1594.21 KiB","Mon Jul 28 14:57:14 2025"
"msys","openbsd-netcat","1.234_2-1","False","","x86_64","msys-package","TCP/IP swiss army knife. OpenBSD variant.","","BSD","https://packages.debian.org/sid/netcat-openbsd","libbsd","","netcat","gnu-netcat","","24.43 KiB","79.67 KiB","Fri Apr 10 22:59:49 2026"
"msys","opensp","1.5.2-4","False","","x86_64","msys-package","A library and a set of tools for validating, parsing and manipulating SGML and XML documents","","spdx:MIT","https://openjade.sourceforge.net/","sgml-common;perl","","","","","1372.45 KiB","12293.96 KiB","Fri Sep 15 11:46:06 2023"
"msys","openssh","10.4p1-1","False","","x86_64","msys-package","Free version of the SSH connectivity tools","net-utils","spdx:LicenseRef-OpenSSH","https://www.openssh.com/portable.html","heimdal;libedit;libxcrypt;libfido2;openssl","","","","","1182.23 KiB","7588.28 KiB","Tue Jul  7 02:04:40 2026"
"msys","openssl","3.6.3-1","True","3.6.3-1","x86_64","msys-package","The Open Source toolkit for Secure Sockets Layer and Transport Layer Security","","spdx:Apache-2.0","https://openssl-library.org","libopenssl","ca-certificates;perl","","","","669.12 KiB","1458.14 KiB","Tue Jun  9 16:39:43 2026"
"msys","openssl-devel","3.6.3-1","False","","x86_64","msys-package","Openssl headers and libraries","development","spdx:Apache-2.0","https://openssl-library.org","libopenssl=3.6.3","","","","","2.90 MiB","19.60 MiB","Tue Jun  9 16:39:43 2026"
"msys","openssl-docs","3.6.3-1","False","","x86_64","msys-package","The Open Source toolkit for Secure Sockets Layer and Transport Layer Security","","spdx:Apache-2.0","https://openssl-library.org","","","","","","3.63 MiB","33.89 MiB","Tue Jun  9 16:39:43 2026"
"msys","p11-kit","0.26.4-1","True","0.26.2-1","x86_64","msys-package","Library to work with PKCS#11 modules","","spdx:BSD-3-Clause","https://p11-glue.freedesktop.org/p11-kit.html","libp11-kit","","","","","502.67 KiB","3136.20 KiB","Sat Jul 11 18:06:37 2026"
"msys","p7zip","17.06-1","False","","x86_64","msys-package","Command-line version of the 7zip compressed file archiver","compression","LGPL;custom:unRAR","https://github.com/p7zip-project/p7zip","gcc-libs;bash","","","","","2.26 MiB","10.82 MiB","Sat Jul 12 02:44:04 2025"
"msys","pacman","6.1.0-25","True","6.1.0-25","x86_64","system-package","A library-based package manager with dependency support (MSYS2 port)","","spdx:GPL-2.0-or-later","https://www.archlinux.org/pacman/","bash>=4.2.045;gettext;gnupg;curl;pacman-mirrors;msys2-keyring;which;bzip2;xz;zstd","","","","","5.47 MiB","35.40 MiB","Wed Jun 10 07:32:23 2026"
"msys","pacman-contrib","1.10.6-1","True","1.10.6-1","x86_64","msys-package","Contributed scripts and tools for pacman systems (MSYS2 port)","","spdx:GPL-2.0-or-later","https://gitlab.archlinux.org/pacman/pacman-contrib","perl;pacman;bash","vim","","","","4.67 MiB","11.86 MiB","Tue May 14 03:24:39 2024"
"msys","pacman-mirrors","20260129-1","True","20260129-1","any","msys-package","MSYS2 mirror list for use by pacman","","GPL","https://www.msys2.org/dev/mirrors/","","","","","","2.50 KiB","3.50 KiB","Thu Jan 29 02:16:53 2026"
"msys","pactoys","r65.b5fcc0f-1","False","","x86_64","msys-package","A set of pacman packaging utilities","","BSD","https://github.com/msys2/pactoys","pacman;wget","","pactoys-git;repman-git;updpkgver-git","pactoys-git;repman-git;updpkgver-git","pactoys-git;repman-git;updpkgver-git","24.83 KiB","89.08 KiB","Fri May 10 12:14:52 2024"
"msys","pacutils","0.14.0-2","False","","x86_64","msys-package","Utility library for libalpm front-ends (MSYS2 port)","","MIT","https://github.com/andrewgregory/pacutils","gcc-libs;libarchive;libcurl;libgpgme;libiconv;libopenssl;pacman","","","","","200.28 KiB","685.24 KiB","Tue Dec 30 03:47:40 2025"
"msys","pacutils-devel","0.14.0-2","False","","x86_64","msys-package","Utility library for libalpm front-ends (MSYS2 port)","","MIT","https://github.com/andrewgregory/pacutils","gcc-libs;libarchive;libcurl;libgpgme;libiconv;libopenssl;pacman","","","","","21.61 KiB","321.08 KiB","Tue Dec 30 03:47:40 2025"
"msys","parallel","20260422-2","False","","any","msys-package","A shell tool for executing jobs in parallel","","GPL3","https://www.gnu.org/software/parallel/","perl","","","","","2.02 MiB","5.00 MiB","Sun May 24 05:56:55 2026"
"msys","pass","1.7.4-1","False","","any","msys-package","Stores, retrieves, generates, and synchronizes passwords securely","","GPL2","https://www.passwordstore.org","bash;gnupg;tree","git","","","","18.34 KiB","38.71 KiB","Fri Jun 18 16:01:34 2021"
"msys","patch","2.7.6-3","False","","x86_64","msys-package","A utility to apply patch files to original sources","","GPL","https://www.gnu.org/software/patch/patch.html","","ed","","","","96.09 KiB","186.38 KiB","Wed Jan 29 12:39:13 2025"
"msys","patchutils","0.4.3-1","False","","x86_64","msys-package","Utilities to work with patches","","spdx:GPL-2.0-or-later","http://cyberelk.net/tim/software/patchutils/","pcre2","","","bash-completion<2.17.0-2","","86.14 KiB","662.88 KiB","Thu Nov  6 03:11:28 2025"
"msys","pax","20201030-2","False","","x86_64","msys-package","Portable Archive Interchange - the POSIX standard archive tool for cpio and tar formats","","BSD","https://www.mirbsd.org/pax.htm","","","pax-git","pax-git","pax-git","81.09 KiB","378.13 KiB","Fri Dec 30 04:25:22 2022"
"msys","pcre","8.45-5","False","","x86_64","msys-package","A library that implements Perl 5-style regular expressions","","BSD","https://www.pcre.org/","libreadline;libbz2;zlib;libpcre;libpcre16;libpcre32;libpcrecpp;libpcreposix","","","","","590.11 KiB","2106.78 KiB","Wed Jan 29 11:28:27 2025"
"msys","pcre-devel","8.45-5","False","","x86_64","msys-package","PCRE headers and libraries","development","BSD","https://www.pcre.org/","libpcre=8.45;libpcre16=8.45;libpcre32=8.45;libpcreposix=8.45;libpcrecpp=8.45","","","","","277.68 KiB","1284.86 KiB","Wed Jan 29 11:28:27 2025"
"msys","pcre2","10.47-1","False","","x86_64","msys-package","A library that implements Perl 5-style regular expressions","","BSD","https://www.pcre.org/","libreadline;libbz2;zlib;libpcre2_8=10.47;libpcre2_16=10.47;libpcre2_32=10.47;libpcre2posix=10.47","","","","","779.87 KiB","2655.13 KiB","Wed Oct 22 03:34:32 2025"
"msys","pcre2-devel","10.47-1","False","","x86_64","msys-package","PCRE headers and libraries","development","BSD","https://www.pcre.org/","libpcre2_8=10.47;libpcre2_16=10.47;libpcre2_32=10.47;libpcre2posix=10.47","","","","","367.52 KiB","1838.09 KiB","Wed Oct 22 03:34:32 2025"
"msys","perl","5.42.2-1","True","5.42.2-1","x86_64","msys-package","A highly capable, feature-rich programming language","","GPL","https://www.perl.org/","db;gdbm;libxcrypt;coreutils;sh","","perl-Archive-Tar=3.04;perl-Attribute-Handlers=1.03;perl-AutoLoader=5.74;perl-CPAN-Meta-Requirements=2.143;perl-CPAN-Meta-YAML=0.020;perl-CPAN-Meta=2.150010;perl-CPAN=2.38;perl-Carp=1.54;perl-Compress-Raw-Bzip2=2.213;perl-Compress-Raw-Zlib=2.213;perl-Config-Perl-V=0.38;perl-DB_File=1.859;perl-Data-Dumper=2.192;perl-Devel-PPPort=3.73;perl-Devel-SelfStubber=1.06;perl-Digest-MD5=2.59;perl-Digest-SHA=6.04;perl-Digest=1.20;perl-Dumpvalue=1.21;perl-Encode=3.21;perl-Env=1.06;perl-Exporter=5.79;perl-ExtUtils-CBuilder=0.280242;perl-ExtUtils-Constant=0.25;perl-ExtUtils-Install=2.22;perl-ExtUtils-MakeMaker=7.76;perl-ExtUtils-Manifest=1.75;perl-ExtUtils-PL2Bat=0.005;perl-ExtUtils-ParseXS=3.57;perl-File-Fetch=1.04;perl-File-Path=2.18;perl-File-Temp=0.2311;perl-Filter-Simple=0.96;perl-Filter-Util-Call=1.64;perl-FindBin=1.54;perl-Getopt-Long=2.58;perl-HTTP-Tiny=0.090;perl-I18N-Collate=1.02;perl-I18N-LangTags=0.45;perl-IO-Compress=2.213;perl-IO-Socket-IP=0.43;perl-IO-Zlib=1.15;perl-IO=1.55;perl-IPC-Cmd=1.04;perl-IPC-SysV=2.09;perl-JSON-PP=4.16;perl-Locale-Maketext-Simple=0.21_01;perl-Locale-Maketext=1.33;perl-MIME-Base64=3.16_01;perl-Math-BigInt-FastCalc=0.5020;perl-Math-BigInt=2.005002;perl-Math-Complex=1.63;perl-Memoize=1.17;perl-Module-CoreList=5.20260308;perl-Module-Load-Conditional=0.74;perl-Module-Load=0.36;perl-Module-Loaded=0.08;perl-Module-Metadata=1.000038;perl-NEXT=0.69;perl-Net-Ping=2.76;perl-Params-Check=0.38;perl-PathTools=3.94;perl-Perl-OSType=1.010;perl-PerlIO-via-QuotedPrint=0.10;perl-Pod-Checker=1.77;perl-Pod-Escapes=1.07;perl-Pod-Perldoc=3.2801;perl-Pod-Simple=3.45;perl-Pod-Usage=2.05;perl-Safe=2.47;perl-Scalar-List-Utils=1.68_01;perl-Search-Dict=1.08;perl-SelfLoader=1.28;perl-Socket=2.038;perl-Storable=3.37;perl-Sys-Syslog=0.36;perl-Term-ANSIColor=5.01;perl-Term-Cap=1.18;perl-Term-Complete=1.403;perl-Term-ReadLine=1.17;perl-Term-Table=0.024;perl-Test-Harness=3.50;perl-Test-Simple=1.302210;perl-Test=1.31;perl-Text-Abbrev=1.02;perl-Text-Balanced=2.06;perl-Text-ParseWords=3.31;perl-Text-Tabs=2024.001;perl-Thread-Queue=3.14;perl-Thread-Semaphore=2.13;perl-Tie-File=1.10;perl-Tie-RefHash=1.41;perl-Time-HiRes=1.9778;perl-Time-Local=1.35;perl-Time-Piece=1.36;perl-Unicode-Collate=1.31;perl-Unicode-Normalize=1.32;perl-Win32=0.59_01;perl-Win32API-File=0.1203_01;perl-XSLoader=0.32;perl-autodie=2.37;perl-autouse=1.11;perl-base=2.27;perl-bignum=0.67;perl-constant=1.33;perl-encoding-warnings=0.14;perl-experimental=0.035;perl-if=0.0610;perl-lib=0.65;perl-libnet=3.15;perl-parent=0.244;perl-perlfaq=5.20250619;perl-podlators=6.0.2;perl-threads-shared=1.70;perl-threads=2.43;perl-version=0.9933","","perl-Scalar-List-Utils","7.18 MiB","43.28 MiB","Thu Apr  2 14:54:17 2026"
"msys","perl-Algorithm-Diff","1~1.201-4","False","","any","msys-package","Compute 'intelligent' differences between two files / lists","perl-modules","GPL;PerlArtistic","https://metacpan.org/dist/Algorithm-Diff","perl","","","","","31.49 KiB","70.88 KiB","Sun Mar 12 05:59:52 2023"
"msys","perl-Alien-Build","2.84-2","False","","any","msys-package","Build external dependencies for use in CPAN","perl-modules","spdx:Artistic-1.0-Perl;spdx:GPL-1.0-or-later","https://metacpan.org/dist/Alien-Build","perl-Capture-Tiny;perl-FFI-CheckLib;perl-File-chdir;perl-File-Which;perl-Path-Tiny","","","","","351.85 KiB","753.61 KiB","Mon Feb  3 15:17:13 2025"
"msys","perl-alien-build-plugin-download-gitlab","0.01-1","False","","any","msys-package","Alien::Build plugin to download from GitLab","","PerlArtistic","https://metacpan.org/release/Alien-Build-Plugin-Download-GitLab","perl-Alien-Build;perl-Path-Tiny;perl-URI","","","","","6.54 KiB","7.60 KiB","Sun Jun 16 09:41:50 2024"
"msys","perl-Alien-Libxml2","0.20-1","False","","any","msys-package","Install the C libxml2 library on your system","perl-modules","PerlArtistic","https://metacpan.org/dist/Alien-Libxml2","libxml2;perl-Alien-Build>=2.37","","","","","8.90 KiB","11.88 KiB","Sun May  4 23:57:00 2025"
"msys","perl-Archive-Zip","1.68-2","False","","any","msys-package","Provide a perl interface to ZIP archive files","perl-modules","GPL;PerlArtistic","https://metacpan.org/release/Archive-Zip","perl","","","","","74.79 KiB","227.06 KiB","Sat Dec  9 13:05:48 2023"
"msys","perl-Authen-SASL","2.2000-1","False","","any","msys-package","Perl/CPAN Module Authen::SASL : SASL authentication framework","perl-modules","GPL;PerlArtistic","https://metacpan.org/dist/Authen-SASL","perl","","","","","40.74 KiB","87.16 KiB","Sat Jan 31 02:35:21 2026"
"msys","perl-Benchmark-Timer","0.7112-1","False","","any","msys-package","Provide commonly requested regular expressions","perl-modules","GPL;PerlArtistic","https://metacpan.org/dist/Benchmark-Timer","perl","","","","","14.18 KiB","25.36 KiB","Sat Feb 11 10:54:40 2023"
"msys","perl-Capture-Tiny","0.50-1","False","","any","msys-package","Capture STDOUT and STDERR from Perl, XS or external programs","perl-modules","PerlArtistic;GPL","https://metacpan.org/dist/Capture-Tiny","perl","","","","","17.34 KiB","34.94 KiB","Wed Jan 29 00:12:42 2025"
"msys","perl-Carp-Clan","6.08-2","False","","any","msys-package","Carp::Clan - Report errors from perspective of caller of a ""clan"" of modules","perl-modules","GPL;PerlArtistic","https://metacpan.org/dist/Carp-Clan","perl","","","","","9.99 KiB","15.70 KiB","Sat Feb 11 10:55:44 2023"
"msys","perl-Class-Inspector","1.36-1","False","","x86_64","msys-package","Get information about a class and its structure","perl-modules","spdx:GPL-1.0-only;spdx:Artistic-1.0-Perl","https://metacpan.org/dist/Class-Inspector","perl","","","","","14.05 KiB","25.98 KiB","Sun Mar 22 10:11:41 2026"
"msys","perl-Class-Method-Modifiers","2.15-1","False","","any","msys-package","provides Moose-like method modifiers","perl-modules","GPL;PerlArtistic","https://metacpan.org/dist/Class-Method-Modifiers","perl","","","","","13.42 KiB","21.56 KiB","Mon Feb 26 06:04:55 2024"
"msys","perl-Clone","0.50-2","False","","x86_64","msys-package","Recursive copy of nested objects.","perl-modules","spdx:GPL-1.0-or-later;spdx:Artistic-1.0-Perl","https://github.com/garu/Clone","perl","","","","","15.44 KiB","28.78 KiB","Thu Apr  2 15:11:42 2026"
"msys","perl-common-sense","3.75-2","False","","any","msys-package","Implements some sane defaults for Perl programs","perl-modules","PerlArtistic;GPL","https://metacpan.org/release/common-sense","perl","","","","","2.68 KiB","0.58 KiB","Sat Dec  9 13:06:39 2023"
"msys","perl-Compress-Bzip2","2.28-7","False","","x86_64","msys-package","Interface to Bzip2 compression library","perl-modules","GPL2","https://metacpan.org/release/Compress-Bzip2","perl;libbz2","","","","","44.15 KiB","103.88 KiB","Thu Apr  2 15:12:30 2026"
"msys","perl-Convert-BinHex","1.125-2","False","","any","msys-package","Perl module to extract data from Macintosh BinHex files","","PerlArtistic","https://metacpan.org/dist/Convert-BinHex","perl","","","","","29.79 KiB","63.50 KiB","Sat Feb 11 10:54:44 2023"
"msys","perl-Data-Munge","0.111-1","False","","any","msys-package","Various utility functions","perl-modules","PerlArtistic","https://metacpan.org/dist/Data-Munge","perl","","","","","11.74 KiB","16.00 KiB","Thu Sep  5 00:37:09 2024"
"msys","perl-Data-OptList","0.114-1","False","","any","msys-package","Parse and validate simple name/value option pairs","","PerlArtistic;GPL","https://metacpan.org/dist/Data-OptList","perl-Params-Util;perl-Scalar-List-Utils;perl-Sub-Install","","","","","8.81 KiB","14.77 KiB","Mon Feb 26 06:05:03 2024"
"msys","perl-Date-Calc","6.4-2","False","","any","msys-package","Date::Calc - Gregorian calendar date calculations","perl-modules","GPL;PerlArtistic","https://metacpan.org/dist/Date-Calc","perl","","","","","121.68 KiB","379.12 KiB","Sat Feb 11 10:55:13 2023"
"msys","perl-DBI","1.651-1","False","","x86_64","msys-package","Database independent interface for Perl","perl-modules","spdx:Artistic-1.0-Perl;OR;GPL-1.0-or-later","https://metacpan.org/dist/DBI","perl","","","","","791.02 KiB","2278.61 KiB","Sat Jul 18 16:55:50 2026"
"msys","perl-devel","5.42.2-1","False","","x86_64","msys-package","Perl headers and dev dependencies","","GPL","https://www.perl.org/","perl=5.42.2;libxcrypt-devel","","","","","1898.00 B","0.00 B","Thu Apr  2 14:54:17 2026"
"msys","perl-Devel-GlobalDestruction","0.14-3","False","","any","msys-package","Expose the flag which marks global","","PerlArtistic;GPL","https://metacpan.org/release/Sub-Exporter","perl;perl-Sub-Exporter;perl-Sub-Exporter-Progressive","","","","","5.58 KiB","4.44 KiB","Mon Feb  3 15:17:10 2025"
"msys","perl-Digest-HMAC","1.05-1","False","","any","msys-package","Perl Module: Keyed-Hashing for Message Authentication.","perl-modules","PerlArtistic","https://metacpan.org/dist/Digest-HMAC","perl>=5.10.0","","Digest-HMAC","","Digest-HMAC","7.81 KiB","9.17 KiB","Tue Dec 17 01:49:06 2024"
"msys","perl-doc","5.42.2-1","False","","x86_64","msys-package","Perl documentation","","GPL","https://www.perl.org/","perl=5.42.2","","","","","8.13 MiB","15.47 MiB","Thu Apr  2 14:54:17 2026"
"msys","perl-Encode-compat","0.07-2","False","","any","msys-package","Encode::compat - Encode.pm emulation layer","perl-modules","GPL;PerlArtistic","https://metacpan.org/dist/Encode-compat","perl","","","","","12.54 KiB","19.06 KiB","Sat Feb 11 10:56:47 2023"
"msys","perl-Encode-Locale","1.05-2","False","","any","msys-package","Determine the locale encoding","perl-modules","PerlArtistic;GPL","https://metacpan.org/dist/Encode-Locale","perl>=5.008","","","perl-libwww<6","","10.72 KiB","16.16 KiB","Mon Mar  6 14:11:31 2023"
"msys","perl-Error","0.17030-1","False","","any","msys-package","Perl/CPAN Error module - Error/exception handling in an OO-ish way","perl-modules","PerlArtistic;GPL","https://metacpan.org/release/Error","perl","","","","","20.74 KiB","41.78 KiB","Tue Mar 11 03:50:42 2025"
"msys","perl-Exporter-Lite","0.09-1","False","","any","msys-package","lightweight exporting of functions and variables","perl-modules","GPL;PerlArtistic","https://metacpan.org/author/NEILBExporter-Lite-0.09","perl","","","","","8.82 KiB","10.96 KiB","Fri Mar  3 07:24:00 2023"
"msys","perl-Exporter-Tiny","1.006003-1","False","","any","msys-package","List::MoreUtils provides some trivial but commonly needed functionality on lists which is not going to go into List::Util","perl-modules","GPL;PerlArtistic","https://metacpan.org/dist/Exporter-Tiny","perl","","","","","25.17 KiB","34.18 KiB","Sat Jan 10 13:24:46 2026"
"msys","perl-ExtUtils-Config","0.010-1","False","","any","msys-package","ExtUtils::Config - A wrapper for perl's configuration","perl-modules","PerlArtistic;GPL","https://metacpan.org/dist/ExtUtils-Config","perl","","","","","7.52 KiB","9.21 KiB","Thu Sep  5 00:37:26 2024"
"msys","perl-ExtUtils-Depends","0.8002-1","False","","any","msys-package","The Perl depends module","perl-modules","PerlArtistic","https://metacpan.org/dist/ExtUtils-Depends","perl","","","","","13.38 KiB","21.19 KiB","Tue Jun 24 00:27:39 2025"
"msys","perl-ExtUtils-Helpers","0.028-2","False","","any","msys-package","ExtUtils::Helpers - Various portability utilities for module builders","perl-modules","PerlArtistic;GPL","https://metacpan.org/dist/ExtUtils-Helpers","perl","","","","","10.32 KiB","14.38 KiB","Mon Feb  3 15:16:40 2025"
"msys","perl-ExtUtils-InstallPaths","0.015-1","False","","any","msys-package","ExtUtils::InstallPaths - Build.PL install path logic made easy","perl-modules","PerlArtistic;GPL","https://metacpan.org/dist/ExtUtils-InstallPaths","perl;perl-ExtUtils-Config","","","","","12.23 KiB","23.54 KiB","Mon Nov  3 01:22:54 2025"
"msys","perl-ExtUtils-MakeMaker","7.68-3","False","","any","msys-package","ExtUtils::MakeMaker - Create a module Makefile","perl-modules","GPL;PerlArtistic","https://metacpan.org/release/ExtUtils-MakeMaker","perl","","","","","235.18 KiB","617.80 KiB","Mon Feb  3 15:14:53 2025"
"msys","perl-ExtUtils-PkgConfig","1.16-2","False","","any","msys-package","The Perl Pkgconfig module","perl-modules","LGPL","https://gtk2-perl.sourceforge.io/","perl>=5.10.0","","","","","8.01 KiB","11.13 KiB","Sat Dec  9 14:55:00 2023"
"msys","perl-FFI-CheckLib","0.31-1","False","","any","msys-package","Check that a library is available for FFI","perl-modules","PerlArtistic","https://metacpan.org/release/FFI-CheckLib","perl","","","","","15.65 KiB","26.29 KiB","Fri Mar  3 07:39:15 2023"
"msys","perl-File-chdir","0.1011-2","False","","any","msys-package","a more sensible way to change directories","perl-modules","GPL;PerlArtistic","https://metacpan.org/dist/File-chdir","perl","","","","","10.45 KiB","14.80 KiB","Mon Mar  6 14:11:12 2023"
"msys","perl-File-Copy-Recursive","0.45-2","False","","any","msys-package","extension for recursively copying files and directories","perl-modules","PerlArtistic;GPL","https://metacpan.org/dist/File-Copy-Recursive","perl","","","","","16.12 KiB","32.64 KiB","Mon Mar  6 14:13:21 2023"
"msys","perl-File-Listing","6.16-1","False","","any","msys-package","parse directory listing","perl-modules","spdx:Artistic-1.0-Perl;spdx:GPL-1.0-or-later","https://metacpan.org/dist/File-Listing","perl>=5.8.8;perl-HTTP-Date>=6","","","perl-libwww<6","","10.34 KiB","16.69 KiB","Sun Jul 30 04:24:11 2023"
"msys","perl-File-Next","1.18-2","False","","any","msys-package","File-finding iterator","perl-modules","PerlArtistic;GPL","https://metacpan.org/dist/File-Next","perl","","","","","12.48 KiB","21.24 KiB","Mon Mar  6 14:11:50 2023"
"msys","perl-File-ShareDir","1.118-1","False","","x86_64","msys-package","Locate per-dist and per-module shared files","perl-modules","spdx:GPL-1.0-only;spdx:Artistic-1.0-Perl","https://metacpan.org/dist/File-ShareDir","perl;perl-Class-Inspector","","","","","13.04 KiB","22.60 KiB","Sun Mar 22 10:12:07 2026"
"msys","perl-File-ShareDir-Install","0.14-1","False","","x86_64","msys-package","File::ShareDir::Install - Install read-only data files from a distribution","perl-modules","spdx:GPL-1.0-only;spdx:Artistic-1.0-Perl","https://metacpan.org/dist/File-ShareDir-Install","perl","","","","","8.92 KiB","13.83 KiB","Sun Mar 22 10:11:16 2026"
"msys","perl-File-Which","1.27-1","False","","any","msys-package","Portable implementation of which","perl-modules","GPL;PerlArtistic","https://metacpan.org/release/File-Which","perl;perl-Test-Script>=1.05","","","","","12.74 KiB","16.79 KiB","Mon May 17 03:32:20 2021"
"msys","perl-Font-TTF","1.06-2","False","","any","msys-package","Font::TTF - Perl module for TrueType font hacking","perl-modules","Artistic2.0","https://metacpan.org/dist/Font-TTF","perl-IO-String","","","","","315.83 KiB","899.81 KiB","Mon Mar  6 14:12:28 2023"
"msys","perl-Getopt-ArgvFile","1.11-3","False","","any","msys-package","Take options from files","","GPL;PerlArtistic","https://metacpan.org/dist/Getopt-ArgvFile","perl","","","","","20.94 KiB","42.05 KiB","Sat Jan  3 08:24:53 2026"
"msys","perl-Getopt-Tabular","0.3-2","False","","any","msys-package","table-driven argument parsing for Perl 5","perl-modules","GPL;PerlArtistic","https://metacpan.org/dist/Getopt-Tabular","perl","","","","","25.54 KiB","41.46 KiB","Mon Mar  6 14:12:57 2023"
"msys","perl-HTML-Parser","3.85-1","False","","x86_64","msys-package","Perl HTML parser class","perl-modules","spdx:Artistic-1.0-Perl;spdx:GPL-1.0-or-later","https://metacpan.org/dist/HTML-Parser","perl-HTML-Tagset;perl-HTTP-Message;perl-URI;perl","","","","","78.35 KiB","163.71 KiB","Thu May 21 03:07:57 2026"
"msys","perl-HTML-Tagset","3.24-1","False","","any","msys-package","Data tables useful in parsing HTML","perl-modules","PerlArtistic","https://metacpan.org/dist/HTML-Tagset","perl>=5.10.0","","HTML-Tagset","","HTML-Tagset","10.49 KiB","15.89 KiB","Fri Jul  5 04:38:07 2024"
"msys","perl-http-cookiejar","0.014-1","False","","any","msys-package","A minimalist HTTP user agent cookie jar","","spdx:Apache-2.0","http://search.cpan.org/dist/HTTP-CookieJar","perl-HTTP-Date","","","","","13.94 KiB","26.66 KiB","Tue Dec  5 05:31:40 2023"
"msys","perl-HTTP-Cookies","6.12-1","False","","any","msys-package","HTTP cookie jars","perl-modules","spdx:Artistic-1.0-Perl;OR;GPL-1.0-or-later","https://metacpan.org/release/HTTP-Cookies","perl>=5.8.8;perl-HTTP-Date>=6;perl-HTTP-Message","","","perl-libwww<6","","21.74 KiB","49.47 KiB","Wed Jul 29 16:22:53 2026"
"msys","perl-HTTP-Daemon","6.17-1","False","","any","msys-package","A simple http server class","perl-modules","spdx:Artistic-1.0-Perl;spdx:GPL-1.0-or-later","https://metacpan.org/dist/HTTP-Daemon","perl;perl-HTTP-Date;perl-HTTP-Message;perl-IO-Socket-IP;perl-LWP-MediaTypes","","","","","19.69 KiB","39.00 KiB","Thu May 21 03:07:29 2026"
"msys","perl-HTTP-Date","6.08-1","False","","any","msys-package","Date conversion routines","perl-modules","spdx:Artistic-1.0-Perl;OR;GPL-1.0-or-later","https://metacpan.org/release/HTTP-Date","perl>=5.8.8","","","perl-libwww<6","","10.00 KiB","16.24 KiB","Sat Jul 11 18:10:37 2026"
"msys","perl-HTTP-Message","7.04-1","False","","any","msys-package","HTTP style messages","perl-modules","spdx:Artistic-1.0-Perl;OR;GPL-1.0-or-later","https://metacpan.org/release/HTTP-Message","perl>=5.8.8;perl-Clone;perl-Encode-Locale>=1;perl-IO-HTML;perl-HTTP-Date>=6;perl-LWP-MediaTypes>=6;perl-URI>=1.10","","","perl-libwww<6","","73.83 KiB","170.82 KiB","Wed Jul 29 15:28:12 2026"
"msys","perl-HTTP-Negotiate","6.01-3","False","","any","msys-package","choose a variant to serve","perl-modules","PerlArtistic;GPL","https://metacpan.org/dist/HTTP-Negotiate","perl>=5.8.8;perl-HTTP-Message","","","perl-libwww<6","","12.12 KiB","19.83 KiB","Sat Mar  4 10:11:26 2023"
"msys","perl-Import-Into","1.002005-2","False","","any","msys-package","Import packages into other packages","","PerlArtistic;GPL","https://metacpan.org/dist/Import-Into","perl-Module-Runtime>=0;perl>=5.006","","","","","9.87 KiB","12.06 KiB","Sat Mar  4 10:14:55 2023"
"msys","perl-Importer","0.026-2","False","","any","msys-package","Alternative but compatible interface to modules that export symbols","perl-modules","PerlArtistic","https://metacpan.org/release/Importer","perl","","","","","23.07 KiB","50.27 KiB","Thu Dec 29 10:05:21 2022"
"msys","perl-inc-latest","0.500-2","False","","any","msys-package","Build, test, and install Perl modules","perl-modules","Apache","https://github.com/dagolden/inc-latest","perl>=5.8.8","","","","","11.40 KiB","16.97 KiB","Sat Dec  9 14:56:06 2023"
"msys","perl-IO-HTML","1.004-2","False","","any","msys-package","Open an HTML file with automatic charset detection","perl-modules","PerlArtistic;GPL","https://metacpan.org/release/IO-HTML","perl","","","","","14.43 KiB","24.78 KiB","Thu Dec 29 10:03:31 2022"
"msys","perl-IO-Socket-INET6","2.73-1","False","","any","msys-package","Object interface for AF_INET|AF_INET6 domain sockets","perl-modules","PerlArtistic;GPL","https://metacpan.org/release/IO-Socket-INET6","perl-Socket6>=0.12","","","","","12.86 KiB","23.06 KiB","Fri Dec 24 10:19:19 2021"
"msys","perl-IO-Socket-SSL","2.099-1","False","","any","msys-package","Nearly transparent SSL encapsulation for IO::Socket::INET","perl-modules","spdx:Artistic-1.0-Perl;OR;GPL-1.0-or-later","https://metacpan.org/dist/IO-Socket-SSL","perl-Net-SSLeay;perl;perl-URI","","","","","166.03 KiB","527.26 KiB","Sun Jun 28 20:05:48 2026"
"msys","perl-IO-String","1.08-10","False","","x86_64","msys-package","IO::String - interface for in-core strings","perl-modules","GPL;PerlArtistic","https://metacpan.org/dist/IO-String","perl>=5.10.0","","","","","9.02 KiB","14.02 KiB","Sat Mar  4 10:12:10 2023"
"msys","perl-IO-Stringy","2.113-3","False","","any","msys-package","I/O on in-core objects like strings and arrays","perl-modules","GPL;PerlArtistic","https://metacpan.org/dist/IO-Stringy","perl","","perl-IO-stringy","perl-IO-stringy","perl-IO-stringy","43.17 KiB","93.70 KiB","Sat Jan  3 08:25:41 2026"
"msys","perl-IPC-Run3","0.049-2","False","","any","msys-package","run a subprocess with input/ouput redirection","perl-modules","PerlArtistic;GPL","https://metacpan.org/dist/IPC-Run3","perl","","","","","26.87 KiB","52.95 KiB","Mon Feb  3 15:14:19 2025"
"msys","perl-JSON","4.11-1","False","","any","msys-package","JSON (JavaScript Object Notation) encoder/decoder","perl-modules","spdx:GPL-1.0-or-later;spdx:Artistic-1.0-Perl","https://metacpan.org/release/JSON","perl>=5.10.0","","","","","75.33 KiB","208.07 KiB","Sat Apr  4 17:00:12 2026"
"msys","perl-libwww","6.83-2","False","","any","msys-package","The World-Wide Web library for Perl","perl-modules","spdx:Artistic-1.0-Perl;spdx:GPL-1.0-or-later","https://metacpan.org/dist/libwww-perl","perl;perl-Encode-Locale;perl-File-Listing;perl-HTML-Parser;perl-HTTP-Cookies;perl-HTTP-Daemon;perl-http-cookiejar;perl-HTTP-Date;perl-HTTP-Negotiate;perl-LWP-MediaTypes;perl-Net-HTTP;perl-URI;perl-WWW-RobotRules;perl-HTTP-Message;perl-Try-Tiny","perl-LWP-Protocol-https","","","","127.17 KiB","292.32 KiB","Sun May 24 05:57:47 2026"
"msys","perl-List-MoreUtils","0.430-2","False","","any","msys-package","List::MoreUtils provides some trivial but commonly needed functionality on lists which is not going to go into List::Util","perl-modules","GPL;PerlArtistic","https://metacpan.org/release/List-MoreUtils","perl;perl-Exporter-Tiny;perl-List-MoreUtils-XS","","","","","36.33 KiB","76.15 KiB","Thu Dec 29 10:05:22 2022"
"msys","perl-List-MoreUtils-XS","0.430-5","False","","x86_64","msys-package","Provide the stuff missing in List::Util","perl-modules","GPL;PerlArtistic","https://metacpan.org/release/List-MoreUtils","perl","","","","","39.57 KiB","116.60 KiB","Thu Apr  2 15:15:11 2026"
"msys","perl-Locale-Gettext","1.07-13","False","","x86_64","msys-package","Permits access from Perl to the gettext() family of functions","perl-modules","GPL;PerlArtistic","https://search.cpan.org/dist/Locale-gettext/","gettext;perl","","","","","11.41 KiB","24.45 KiB","Thu Apr  2 15:04:17 2026"
"msys","perl-LWP-MediaTypes","6.04-2","False","","any","msys-package","Guess the media type of a file or a URL","perl-modules","PerlArtistic;GPL","https://metacpan.org/release/LWP-MediaTypes","perl","","","","","19.12 KiB","57.57 KiB","Sat Dec  9 13:06:34 2023"
"msys","perl-LWP-Protocol-https","6.17-1","False","","any","msys-package","Provide https support for LWP::UserAgent","perl-modules","spdx:Artistic-1.0-Perl;spdx:GPL-1.0-or-later","https://metacpan.org/dist/LWP-Protocol-https","perl;perl-IO-Socket-SSL;perl-Mozilla-CA;perl-Net-HTTP;perl-libwww","","","","","6.66 KiB","7.49 KiB","Wed Jul 29 16:23:21 2026"
"msys","perl-MailTools","2.22-1","False","","any","msys-package","Various e-mail related modules","","PerlArtistic;GPL","https://metacpan.org/release/MailTools","perl-TimeDate","","","","","57.92 KiB","103.75 KiB","Tue Dec 17 01:49:29 2024"
"msys","perl-Math-Int64","0.57-3","False","","x86_64","msys-package","Math::Int64 - Manipulate 64 bits integers in Perl","perl-modules","GPL;PerlArtistic","https://metacpan.org/dist/Math-Int64","perl","","","","","34.03 KiB","86.83 KiB","Thu Apr  2 15:16:04 2026"
"msys","perl-MIME-Charset","1.013.1-1","False","","any","msys-package","MIME::Charset - Charset Information for MIME","perl-modules","GPL;PerlArtistic","https://metacpan.org/MIME-Charset/","perl","","","","","26.46 KiB","53.68 KiB","Fri Mar  3 07:39:34 2023"
"msys","perl-MIME-tools","5.517-1","False","","any","msys-package","Parses streams to create MIME entities","","spdx:GPL-1.0-or-later;spdx:Artistic-1.0-Perl","https://metacpan.org/dist/MIME-tools","perl-MailTools;perl-IO-Stringy;perl-Convert-BinHex","","perl-MIME-Body=5.428.0;perl-MIME-Decoder;perl-MIME-Decoder-Base64;perl-MIME-Decoder-Binary;perl-MIME-Decoder-Binhex;perl-MIME-Decoder-gzip64;perl-MIME-Decoder-nbit;perl-MIME-Decoder-Quotedprint;perl-MIME-decoder-uu;perl-MIME-Entity;perl-MIME-Field-Contdisp=5.428.0;perl-MIME-Field-Contraenc=5.428.0;perl-MIME-Field-Conttype=5.428.0;perl-MIME-Field-Paramval=5.428.0;perl-MIME-Head=5.428.0;perl-MIME-Parser;perl-MIME-Parser-Filer;perl-MIME-Parser-Reader;perl-MIME-Parser-Results;perl-MIME-WordDecoder;perl-MIME-Words=5.428.0","","","177.13 KiB","403.65 KiB","Tue Mar  3 14:34:52 2026"
"msys","perl-Module-Build","0.4234-2","False","","any","msys-package","Build, test, and install Perl modules","","PerlArtistic;GPL","https://metacpan.org/release/Module-Build","perl>=5.8.0;perl-CPAN-Meta>=2.142060;perl-inc-latest","","","","","155.04 KiB","363.80 KiB","Mon Feb  3 15:13:39 2025"
"msys","perl-Module-Build-Tiny","0.053-1","False","","any","msys-package","A tiny replacement for Module::Build","perl-modules","spdx:GPL-1.0-or-later;spdx:Artistic-1.0-Perl","https://metacpan.org/dist/Module-Build-Tiny","perl;perl-ExtUtils-Config;perl-ExtUtils-Helpers;perl-ExtUtils-InstallPaths","","","","","8.96 KiB","13.77 KiB","Thu Mar  5 14:37:42 2026"
"msys","perl-Module-Pluggable","6.4-1","False","","any","msys-package","automatically give your module the ability to have plugins","perl-modules","spdx:Artistic-1.0-Perl;OR;GPL-1.0-or-later","https://metacpan.org/dist/Module-Pluggable","perl","","","","","28.18 KiB","56.60 KiB","Sat Aug  1 09:01:15 2026"
"msys","perl-Module-Runtime","0.018-1","False","","any","msys-package","runtime module handling","","PerlArtistic;GPL","https://metacpan.org/dist/Module-Runtime","perl>=5.8.0;perl-Module-Build","","","","","14.30 KiB","23.80 KiB","Sat Apr 26 00:05:01 2025"
"msys","perl-Moo","2.005005-1","False","","any","msys-package","Minimalist Object Orientation (with Moose compatiblity)","perl-modules","PerlArtistic;GPL","https://metacpan.org/release/Moo","perl-Class-Method-Modifiers>=1.1;perl-Devel-GlobalDestruction>=0.11;perl-Import-Into>=1.002;perl-Module-Runtime>=0.014;perl-Role-Tiny>=2;perl-Sub-Quote","","","","","45.50 KiB","112.50 KiB","Fri Mar  3 07:39:49 2023"
"msys","perl-Mozilla-CA","20250602-1","False","","any","msys-package","Mozilla's CA cert bundle in PEM format","perl-modules","GPL2;LGPL2.1","https://metacpan.org/dist/Mozilla-CA","perl>=5.006","","","","","123.69 KiB","220.61 KiB","Tue Jun 24 00:28:23 2025"
"msys","perl-Net-DNS","1.56-1","False","","x86_64","msys-package","Perl Module: Interface to the DNS resolver.","perl-modules","spdx:MIT","https://metacpan.org/dist/Net-DNS","perl-Digest-HMAC;perl-Net-IP;perl","","","","","316.50 KiB","820.77 KiB","Sat Jul 18 16:55:16 2026"
"msys","perl-Net-HTTP","6.24-1","False","","any","msys-package","Low-level HTTP connection (client)","perl-modules","spdx:Artistic-1.0-Perl,;spdx:GPL-1.0-or-later","https://metacpan.org/release/Net-HTTP","perl>=5.6.2","","","perl-libwww<6","","21.54 KiB","41.75 KiB","Sun Sep 28 13:10:24 2025"
"msys","perl-Net-IP","1.26-3","False","","any","msys-package","Perl Module: Easy manipulation of IPv4 and IPv6 addresses","perl-modules","PerlArtistic","https://metacpan.org/dist/Net-IP","perl>=5.10.0","","","","","26.17 KiB","83.80 KiB","Sat Mar  4 10:14:26 2023"
"msys","perl-Net-SMTP-SSL","1.04-2","False","","any","msys-package","SSL support for Net::SMTP","perl-modules","GPL;PerlArtistic","https://metacpan.org/dist/Net-SMTP-SSL","perl-IO-Socket-SSL","","","","","4.91 KiB","3.27 KiB","Sat Mar  4 10:13:48 2023"
"msys","perl-Net-SSLeay","1.96-1","False","","x86_64","msys-package","Perl extension for using OpenSSL","perl-modules","custom:BSD","https://metacpan.org/dist/Net-SSLeay/","openssl","","net-ssleay","","net-ssleay","220.63 KiB","727.97 KiB","Sat Apr  4 17:00:34 2026"
"msys","perl-PadWalker","2.5-2","False","","x86_64","msys-package","PadWalker - play with other peoples' lexical variables","perl-modules","GPL","https://metacpan.org/release/PadWalker","perl;libxcrypt","","","","","14.28 KiB","26.74 KiB","Thu Apr  2 15:17:56 2026"
"msys","perl-Parallel-ForkManager","2.04-1","False","","any","msys-package","A simple parallel processing fork manager","perl-modules","spdx:Artistic-1.0-Perl,;spdx:GPL-1.0-or-later","https://metacpan.org/dist/Parallel-ForkManager","perl;perl-Moo","","","","","23.74 KiB","42.29 KiB","Sun Sep 28 13:10:44 2025"
"msys","perl-Params-Util","1.102-6","False","","x86_64","msys-package","Simple, compact and correct param-checking functions","perl-modules","GPL;PerlArtistic","https://metacpan.org/release/Params-Util","perl","","","","","19.81 KiB","44.99 KiB","Thu Apr  2 15:18:43 2026"
"msys","perl-Path-Class","0.37-2","False","","any","msys-package","Cross-platform path specification manipulation for Perl","perl-modules","PerlArtistic;GPL","https://metacpan.org/dist/Path-Class","perl","","","","","32.97 KiB","63.61 KiB","Sat Mar  4 10:12:07 2023"
"msys","perl-Path-Tiny","0.150-1","False","","any","msys-package","File path utility","perl-modules","GPL;PerlArtistic","https://metacpan.org/dist/Path-Tiny","perl>=5.8.1","","","","","46.09 KiB","143.59 KiB","Fri Jul 25 01:16:55 2025"
"msys","perl-PerlIO-gzip","0.20-7","False","","x86_64","msys-package","Perl extension to provide a PerlIO layer to gzip/gunzip","perl-modules","PerlArtistic","https://metacpan.org/release/PerlIO-gzip","perl;zlib","","","","","13.36 KiB","24.86 KiB","Thu Apr  2 15:19:32 2026"
"msys","perl-Pod-Parser","1.67-1","False","","any","msys-package","Modules for parsing/translating POD format documents","perl-modules","spdx:Artistic-1.0-Perl;spdx:GPL-1.0-or-later","https://metacpan.org/dist/Pod-Parser","perl","","","","","76.71 KiB","210.03 KiB","Sun Feb 25 04:05:48 2024"
"msys","perl-Probe-Perl","0.03-4","False","","any","msys-package","Information about the currently running perl","perl-modules","PerlArtistic;GPL","https://metacpan.org/dist/Probe-Perl/","perl","","","","","7.71 KiB","9.40 KiB","Mon Feb  3 15:15:24 2025"
"msys","perl-Regexp-Common","2024080801-1","False","","any","msys-package","Provide commonly requested regular expressions","perl-modules","GPL;PerlArtistic","https://metacpan.org/dist/Regexp-Common","perl","","","","","156.18 KiB","456.27 KiB","Thu Sep  5 03:00:37 2024"
"msys","perl-Return-MultiLevel","0.08-1","False","","any","msys-package","Return across multiple call levels","perl-modules","spdx:Artistic-1.0-Perl;spdx:GPL-1.0-or-later","https://metacpan.org/dist/Return-MultiLevel","perl-Data-Munge","","","","","7.40 KiB","7.24 KiB","Thu Jun  2 00:35:30 2022"
"msys","perl-Role-Tiny","2.002005-1","False","","any","msys-package","Roles. Like a nouvelle cuisine portion size slice of Moose.","","PerlArtistic;GPL","https://metacpan.org/dist/Role-Tiny","perl","","","","","14.40 KiB","26.18 KiB","Thu May 21 03:07:08 2026"
"msys","perl-Scope-Guard","0.21-2","False","","any","msys-package","Lexically-scoped resource management","perl-modules","PerlArtistic","https://metacpan.org/release/Scope-Guard","perl","","","","","5.83 KiB","5.71 KiB","Sat Dec  9 13:08:28 2023"
"msys","perl-sgmls","1.03ii-2","False","","any","msys-package","A Post-Processor for SGMLS and NSGMLS","","GPL;PerlArtistic","https://search.cpan.org/dist/SGMLSpm","perl","","","","","29.37 KiB","126.82 KiB","Sat Dec  9 14:55:33 2023"
"msys","perl-Socket6","0.29-9","False","","x86_64","msys-package","A getaddrinfo/getnameinfo support module","","PerlArtistic;GPL","https://metacpan.org/release/Socket6","perl","","","","","16.00 KiB","33.58 KiB","Thu Apr  2 15:20:21 2026"
"msys","perl-Sort-Versions","1.62-2","False","","any","msys-package","Sort::Versions - a perl 5 module for sorting of revision-like numbers","perl-modules","GPL;PerlArtistic","https://metacpan.org/dist/Sort-Versions","perl","","","","","7.03 KiB","7.00 KiB","Sat Mar  4 09:27:05 2023"
"msys","perl-Spiffy","0.46-3","False","","any","msys-package","Spiffy Perl Interface Framework For You","perl-modules","PerlArtistic","https://metacpan.org/dist/Spiffy","perl","","","","","14.46 KiB","23.00 KiB","Sat Jan  3 08:26:29 2026"
"msys","perl-Sub-Exporter","0.991-1","False","","any","msys-package","A sophisticated exporter for custom-built routines","","PerlArtistic;GPL","https://metacpan.org/dist/Sub-Exporter","perl;perl-Data-OptList;perl-Params-Util;perl-Sub-Install","","","","","40.33 KiB","95.95 KiB","Sun Feb 25 02:48:45 2024"
"msys","perl-Sub-Exporter-Progressive","0.001013-2","False","","any","msys-package","Only use Sub::Exporter if you need it","perl-modules","GPL;PerlArtistic","https://metacpan.org/dist/Sub-Exporter-Progressive","perl","","","","","6.31 KiB","6.67 KiB","Sat Mar  4 09:27:58 2023"
"msys","perl-Sub-Info","0.002-3","False","","any","msys-package","Tool for inspecting subroutines","perl-modules","PerlArtistic","https://metacpan.org/dist/Sub-Info","perl-Importer","","","","","6.25 KiB","6.35 KiB","Sat Mar  4 09:28:26 2023"
"msys","perl-Sub-Install","0.929-1","False","","any","msys-package","Install subroutines into packages easily","perl-modules","GPL;PerlArtistic","https://metacpan.org/release/Sub-Install","perl","","","","","9.38 KiB","16.08 KiB","Fri Mar  3 07:36:56 2023"
"msys","perl-Sub-Quote","2.006009-2","False","","any","msys-package","efficient generation of subroutines via string eval","","PerlArtistic;GPL","https://metacpan.org/dist/Sub-Quote","perl","","","","","19.06 KiB","35.76 KiB","Thu Sep  4 15:30:45 2025"
"msys","perl-TAP-Harness-Archive","0.18-2","False","","any","msys-package","Create an archive of TAP test results","perl-modules","GPL;PerlArtistic","https://metacpan.org/dist/TAP-Harness-Archive","perl-YAML-Tiny;perl","","","","","10.47 KiB","16.92 KiB","Sat Mar  4 09:26:29 2023"
"msys","perl-Term-Table","0.028-1","False","","any","msys-package","Format a header and rows into a table","perl-modules","spdx:Artistic-1.0-Perl;spdx:GPL-1.0-or-later","https://metacpan.org/dist/Term-Table","","","","","","25.94 KiB","50.43 KiB","Tue Mar  3 14:33:41 2026"
"msys","perl-TermReadKey","2.38-8","False","","x86_64","msys-package","Provides simple control over terminal driver modes","perl-modules","custom","https://metacpan.org/dist/TermReadKey","perl","","","","","20.06 KiB","41.07 KiB","Thu Apr  2 15:21:17 2026"
"msys","perl-Test-Base","0.89-2","False","","any","msys-package","A Data Driven Testing Framework","perl-modules","GPL;PerlArtistic","https://metacpan.org/release/Test-Base","perl;perl-Spiffy;perl-Text-Diff","","","","","21.15 KiB","37.12 KiB","Sat Mar  4 09:28:59 2023"
"msys","perl-Test-Deep","1.205-1","False","","any","msys-package","Extremely flexible deep comparison","perl-modules","GPL;PerlArtistic","https://metacpan.org/dist/Test-Deep","perl;perl-Test-Simple;perl-Test-NoWarnings","","","","","73.25 KiB","226.18 KiB","Thu Apr 17 00:26:32 2025"
"msys","perl-Test-Exit","0.11-2","False","","any","msys-package","Test whether code exits without terminating testing","perl-modules","PerlArtistic","https://metacpan.org/release/Test-Exit","perl-Return-MultiLevel","","","","","5.54 KiB","5.07 KiB","Sat Dec  9 13:07:57 2023"
"msys","perl-Test-Fatal","0.018-1","False","","any","msys-package","Incredibly simple helpers for testing code with exceptions","perl-modules","GPL;PerlArtistic","https://metacpan.org/release/Test-Fatal","perl;perl-Try-Tiny","","","","","10.20 KiB","19.21 KiB","Fri Nov  7 21:23:33 2025"
"msys","perl-Test-Needs","0.002010-1","False","","any","msys-package","Skip tests when modules not available","perl-modules","PerlArtistic","https://metacpan.org/release/Test-Needs","perl","","","","","8.15 KiB","10.77 KiB","Fri Mar  3 07:34:19 2023"
"msys","perl-Test-NoWarnings","1.06-1","False","","any","msys-package","Make sure you didn't emit any warnings while testing","perl-modules","GPL;PerlArtistic","https://metacpan.org/release/Test-NoWarnings","perl;perl-Test-Simple","","","","","10.44 KiB","13.14 KiB","Fri Sep  3 02:52:54 2021"
"msys","perl-Test-Pod","1.52-2","False","","any","msys-package","Check for POD errors in files","perl-modules","GPL;PerlArtistic","https://metacpan.org/dist/Test-Pod","perl;perl-Module-Build","","","","","8.42 KiB","10.21 KiB","Sat Mar  4 09:27:53 2023"
"msys","perl-Test-Requires","0.11-2","False","","any","msys-package","Checks to see if the module can be loaded","perl-modules","GPL;PerlArtistic","https://metacpan.org/dist/Test-Requires","perl","","","","","5.67 KiB","5.41 KiB","Sat Mar  4 09:28:25 2023"
"msys","perl-Test-RequiresInternet","0.05-3","False","","any","msys-package","Easily test network connectivity","perl-modules","GPL;PerlArtistic","https://metacpan.org/release/Test-RequiresInternet","perl","","perl-Test-Requiresinternet","perl-Test-Requiresinternet","perl-Test-Requiresinternet","5.47 KiB","4.51 KiB","Sat May 23 16:24:53 2026"
"msys","perl-Test-Script","1.31-1","False","","any","msys-package","Basic cross-platform tests for scripts","perl-modules","spdx:Artistic-1.0-Perl,;spdx:GPL-1.0-or-later","https://metacpan.org/release/Test-Script","perl;perl-IPC-Run3;perl-Probe-Perl;perl-Test-Simple","","","","","11.67 KiB","24.34 KiB","Sun Sep 28 13:11:09 2025"
"msys","perl-Test-Warnings","0.038-1","False","","any","msys-package","Test for warnings and the lack of them","perl-modules","GPL;PerlArtistic","https://metacpan.org/dist/Test-Warnings","perl","","","","","16.64 KiB","27.67 KiB","Tue Mar 11 03:52:25 2025"
"msys","perl-Test-YAML","1.07-2","False","","any","msys-package","Testing Module for YAML Implementations","perl-modules","GPL;PerlArtistic","https://metacpan.org/dist/Test-YAML","perl;perl-Test-Base","","","","","5.86 KiB","7.65 KiB","Sat Mar  4 09:29:32 2023"
"msys","perl-Test2-Suite","0.000163-1","False","","any","msys-package","Distribution with a rich set of tools built upon the Test2 framework","perl-modules","spdx:Artistic-1.0-Perl;spdx:GPL-1.0-or-later","https://metacpan.org/dist/Test2-Suite","perl-Module-Pluggable;perl-Importer;perl-Scope-Guard;perl-Sub-Info;perl-Term-Table;perl-Test-Simple>=1.302176","","","","","373.55 KiB","816.63 KiB","Fri Jun  7 06:48:05 2024"
"msys","perl-Text-CharWidth","0.04-13","False","","x86_64","msys-package","Text::CharWidth - Get number of occupied columns of a string on terminal","perl-modules","GPL;PerlArtistic","https://metacpan.org/dist/Text-CharWidth/","perl;libxcrypt","","","","","8.28 KiB","14.59 KiB","Thu Apr  2 15:22:06 2026"
"msys","perl-Text-Diff","1.45-2","False","","any","msys-package","Text::CharWidth - Perform diffs on files and record sets","perl-modules","GPLv2+;PerlArtistic","https://metacpan.org/dist/Text-Diff/","perl;perl-Algorithm-Diff;perl-Exporter","","","","","24.03 KiB","49.27 KiB","Sat Mar  4 09:25:54 2023"
"msys","perl-Text-WrapI18N","0.06-2","False","","any","msys-package","Text::WrapI18N - Line wrapping module with support for multibyte, fullwidth, and combining characters and languages without whitespaces between words","perl-modules","GPL;PerlArtistic","https://metacpan.org/dist/Text-WrapI18N/","perl;perl-Text-CharWidth","","","","","6.62 KiB","8.02 KiB","Sat Mar  4 09:27:28 2023"
"msys","perl-TimeDate","2.35-1","False","","any","msys-package","Date formating subroutines","","spdx:Artistic-1.0-Perl","https://metacpan.org/dist/TimeDate","perl","","","","","60.74 KiB","152.73 KiB","Sun Mar 22 10:13:54 2026"
"msys","perl-Try-Tiny","0.32-1","False","","any","msys-package","Minimal try/catch with proper localization of $@","perl-modules","MIT","https://metacpan.org/dist/Try-Tiny","perl","","","","","18.62 KiB","29.18 KiB","Thu Sep  5 03:00:17 2024"
"msys","perl-Unicode-LineBreak","2019.001-8","False","","x86_64","msys-package","UAX #14 Unicode Line Breaking Algorithm","perl-modules","GPL;PerlArtistic","https://metacpan.org/release/Unicode-LineBreak","perl;perl-MIME-Charset","","","perl-Unicode-GCString","perl-Unicode-GCString","86.55 KiB","203.68 KiB","Thu Apr  2 15:19:00 2026"
"msys","perl-URI","5.35-1","False","","any","msys-package","Uniform Resource Identifiers (absolute and relative)","perl-modules","spdx:GPL-1.0-or-later;spdx:Artistic-1.0-Perl","https://metacpan.org/dist/URI","perl>=5.10.0","","perl-URI-Escape=3.30","","","97.98 KiB","214.09 KiB","Tue Jun 16 18:37:56 2026"
"msys","perl-WWW-RobotRules","6.03-1","False","","any","msys-package","Database of robots.txt-derived permissions","perl-modules","spdx:Artistic-1.0-Perl;spdx:GPL-1.0-or-later","https://metacpan.org/dist/WWW-RobotRules","perl;perl-URI","","","","","14.13 KiB","25.07 KiB","Wed May 27 13:28:42 2026"
"msys","perl-XML-LibXML","2.0213-1","False","","x86_64","msys-package","Interface to the libxml library","perl-modules","spdx:GPL-1.0-or-later;spdx:Artistic-1.0-Perl","https://metacpan.org/dist/XML-LibXML","perl;perl-Alien-Libxml2;perl-XML-SAX;perl-XML-NamespaceSupport","","","","","237.99 KiB","591.25 KiB","Sun May 31 16:27:51 2026"
"msys","perl-XML-NamespaceSupport","1.12-2","False","","any","msys-package","Generic namespace helpers (ported from SAX2)","perl-modules","GPL","https://metacpan.org/dist/XML-NamespaceSupport","perl","","","","","11.53 KiB","23.59 KiB","Sun Feb 12 12:09:53 2023"
"msys","perl-XML-Parser","2.59-1","False","","x86_64","msys-package","Expat-based XML parser module for perl","perl-modules","spdx:GPL-1.0-only;spdx:Artistic-1.0-Perl","https://metacpan.org/dist/XML-Parser","perl;libexpat;perl-File-ShareDir","","perlxml=2.59","","perlxml","159.17 KiB","439.37 KiB","Thu May 21 03:01:20 2026"
"msys","perl-XML-SAX","1.02-2","False","","any","msys-package","Simple API for XML","perl-modules","GPL;PerlArtistic","https://metacpan.org/release/XML-SAX","perl;perl-XML-SAX-Base;perl-XML-NamespaceSupport","","","","","39.30 KiB","100.21 KiB","Sat Dec  9 13:07:16 2023"
"msys","perl-XML-SAX-Base","1.09-2","False","","any","msys-package","Base class SAX Drivers and Filters","perl-modules","GPL;PerlArtistic","https://metacpan.org/dist/XML-SAX-Base","perl","","","","","23.34 KiB","162.03 KiB","Sun Feb 12 12:11:59 2023"
"msys","perl-XML-Simple","2.25-2","False","","any","msys-package","Simple XML parser for perl","perl-modules","PerlArtistic","https://metacpan.org/dist/XML-Simple","perl-XML-Parser;perl","","","","","56.64 KiB","126.06 KiB","Sun Feb 12 12:14:15 2023"
"msys","perl-YAML-Syck","1.47-1","False","","x86_64","msys-package","Fast, lightweight YAML loader and dumper","perl-modules","spdx:MIT","https://metacpan.org/release/YAML-Syck","perl","","","","","69.73 KiB","153.63 KiB","Sat Jul 18 16:54:38 2026"
"msys","perl-YAML-Tiny","1.76-1","False","","any","msys-package","Read/Write YAML files with as little code as possible","perl-modules","GPL;PerlArtistic","https://metacpan.org/dist/YAML-Tiny","perl","","","","","21.78 KiB","48.70 KiB","Wed Jan 29 00:10:05 2025"
"msys","pinentry","1.3.3-1","True","1.3.2-1","x86_64","msys-package","A collection of simple PIN or passphrase entry dialogs which utilize the Assuan protocol","","spdx:GPL-2.0-or-later","https://gnupg.org/related_software/pinentry/","ncurses;libassuan;libgpg-error","","","","","49.08 KiB","168.17 KiB","Tue Jul  7 21:56:21 2026"
"msys","pkgconf","3.0.5-1","False","","x86_64","msys-package","pkg-config compatible utility which does not depend on glib","","spdx:ISC","https://github.com/pkgconf/pkgconf","","","pkg-config","pkg-config","pkg-config","117.32 KiB","534.97 KiB","Sun Aug  2 02:17:48 2026"
"msys","pkgfile","21-2","False","","x86_64","msys-package","A pacman .files metadata explorer","","MIT","https://github.com/falconindy/pkgfile","libarchive;curl;pcre;pacman","","","","","25.59 KiB","50.23 KiB","Sun Dec 12 13:54:56 2021"
"msys","po4a","0.74-1","False","","any","msys-package","Tools for helping translation of documentation","","GPL","https://po4a.org/","perl;gettext;perl-YAML-Tiny;perl-Text-WrapI18N;perl-Locale-Gettext;perl-TermReadKey;perl-sgmls;perl-Unicode-LineBreak;perl-Pod-Parser","","","","","2.49 MiB","4.16 MiB","Wed Nov 26 15:12:28 2025"
"msys","popt","1.19-1","False","","x86_64","msys-package","A command-line option parser library","","custom","http://rpm.org/","libiconv;libintl","","","","","44.00 KiB","119.09 KiB","Tue Mar 14 04:15:22 2023"
"msys","popt-devel","1.19-1","False","","x86_64","msys-package","popt headers and libraries","","custom","http://rpm.org/","popt=1.19-1","","","","","40.08 KiB","113.96 KiB","Tue Mar 14 04:15:22 2023"
"msys","procps-ng","4.0.5-1","False","","x86_64","msys-package","Utilities for monitoring your system and its processes","sys-utils","GPL;LGPL","https://gitlab.com/procps-ng/procps","ncurses;libintl","","procps","procps","procps","886.43 KiB","2553.30 KiB","Thu Dec 26 10:29:30 2024"
"msys","protobuf","21.12-3","False","","x86_64","msys-package","Protocol Buffers - Google's data interchange format","libraries","spdx:BSD-3-Clause","https://developers.google.com/protocol-buffers/","gcc-libs;zlib","","","","","1539.08 KiB","6022.17 KiB","Fri Sep 15 13:19:06 2023"
"msys","protobuf-devel","21.12-3","False","","x86_64","msys-package","Protobuf headers and libraries","development","spdx:BSD-3-Clause","https://developers.google.com/protocol-buffers/","protobuf=21.12","","","","","2.41 MiB","25.50 MiB","Fri Sep 15 13:19:06 2023"
"msys","psmisc","23.7-1","False","","x86_64","msys-package","Miscellaneous procfs tools","sys-utils","GPL","https://gitlab.com/psmisc/psmisc","gcc-libs;ncurses;libiconv;libintl","","","","","133.64 KiB","658.77 KiB","Sun Jun  9 13:44:15 2024"
"msys","publicsuffix-list","20240306.1440.9094af5-1","False","","any","msys-package","Cross-vendor public domain suffix database","","spdx:MPL-2.0","https://github.com/publicsuffix/list","","","","","","82.22 KiB","623.18 KiB","Sun Mar 10 01:30:32 2024"
"msys","pv","1.11.0-1","False","","x86_64","msys-package","Pipe viewer","","spdx:GPL-3.0-or-later","https://www.ivarch.com/programs/pv.shtml","libintl","","","","","120.22 KiB","321.23 KiB","Sat Jul  4 17:03:15 2026"
"msys","pwgen","2.08-2","False","","x86_64","msys-package","Password generator for creating easily memorable passwords","","GPL","https://sourceforge.net/projects/pwgen/","","","","","","16.56 KiB","30.61 KiB","Wed Dec 13 12:04:02 2023"
"msys","python","3.12.13-1","False","","x86_64","msys-package","Next generation of the python high-level scripting language","","custom","https://www.python.org/","libbz2;libexpat;libffi;liblzma;ncurses;libopenssl;libreadline;mpdecimal;libsqlite;zlib;libxcrypt;binutils","","python3","","python3","22.87 MiB","184.72 MiB","Thu Mar  5 03:00:26 2026"
"msys","python-appdirs","1.4.4-7","False","","any","msys-package","A small Python module for determining appropriate platform-specific dirs, e.g. a ""user data dir"".","","spdx:MIT","https://github.com/ActiveState/appdirs","python","","python3-appdirs","python3-appdirs","python3-appdirs","16.36 KiB","90.17 KiB","Fri Aug 16 07:34:38 2024"
"msys","python-attrs","25.4.0-1","False","","any","msys-package","Attributes without boilerplate.","","spdx:MIT","https://www.attrs.org/","python","","","","","110.50 KiB","630.51 KiB","Wed Oct  8 01:11:05 2025"
"msys","python-babel","2.18.0-1","False","","any","msys-package","Internationalization utilities","","spdx:BSD-3-Clause","https://babel.pocoo.org/","python","","","","","6.52 MiB","30.49 MiB","Sat May  2 17:35:12 2026"
"msys","python-beaker","1.13.0-3","False","","any","msys-package","Caching and sessions WSGI middleware for use with web applications and stand-alone Python scripts and applications","","PSF","https://beaker.readthedocs.org","python","","python3-beaker","python3-beaker","python3-beaker","110.55 KiB","632.68 KiB","Fri Aug 16 07:34:00 2024"
"msys","python-brotli","1.2.0-1","False","","x86_64","msys-package","Brotli compression library - python library","","MIT","https://github.com/google/brotli","python","","","","","341.37 KiB","880.29 KiB","Wed Nov  5 21:30:49 2025"
"msys","python-build","1.5.0-1","False","","any","msys-package","A simple, correct Python build frontend","","spdx:MIT","https://github.com/pypa/build","python-packaging;python-pyproject-hooks","","","","","54.77 KiB","241.25 KiB","Tue Jul  7 02:10:01 2026"
"msys","python-calver","2025.10.20-1","False","","any","msys-package","Setuptools extension for CalVer package versions","","spdx:Apache-2.0","https://github.com/di/calver","python","","","","","10.56 KiB","34.55 KiB","Mon Oct 20 19:31:37 2025"
"msys","python-certifi","2026.7.22-1","False","","any","msys-package","Python package for providing Mozilla's CA Bundle","","spdx:MPL-2.0","https://pypi.python.org/pypi/certifi","python","","","","","130.47 KiB","252.39 KiB","Sun Jul 26 17:07:40 2026"
"msys","python-cffi","2.1.0-1","False","","x86_64","msys-package","Foreign Function Interface for Python calling C code","","spdx:MIT","https://cffi.readthedocs.org/","python-pycparser;libffi","","","","","286.56 KiB","1378.23 KiB","Tue Jul  7 02:10:53 2026"
"msys","python-charset-normalizer","3.4.9-1","False","","any","msys-package","A library that helps you read text from an unknown charset encoding","","spdx:MIT","https://charset-normalizer.readthedocs.io/","python","","","","","109.22 KiB","539.28 KiB","Tue Jul  7 21:59:26 2026"
"msys","python-colorama","0.4.6-1","False","","any","msys-package","Python API for cross-platform colored terminal text","","spdx:BSD-3-Clause","https://github.com/tartley/colorama","python","","","","","48.44 KiB","253.66 KiB","Sun Dec 28 16:17:16 2025"
"msys","python-configobj","5.0.9-2","False","","any","msys-package","Simple but powerful config file reader and writer for Python","","spdx:BSD-3-Clause","https://github.com/DiffSK/configobj","python","","","","","67.54 KiB","403.27 KiB","Thu Dec 26 10:33:14 2024"
"msys","python-cryptography","48.0.1-1","False","","x86_64","msys-package","A package designed to expose cryptographic recipes and primitives to Python developers","","spdx:Apache-2.0;OR;BSD-3-Clause","https://github.com/pyca/cryptography","libopenssl;python;python-cffi","","","","","1684.85 KiB","7074.16 KiB","Sun Jun 14 14:30:12 2026"
"msys","python-devel","3.12.13-1","False","","x86_64","msys-package","Python headers and dev dependencies","","custom","https://www.python.org/","python=3.12.13","","","","","2.07 KiB","0.00 KiB","Thu Mar  5 03:00:26 2026"
"msys","python-docutils","0.22.4-1","False","","any","msys-package","Set of tools for processing plaintext docs into formats such as HTML, XML, or LaTeX","","custom","http://docutils.sourceforge.net","python","","","","","967.68 KiB","6131.44 KiB","Thu Jan 22 02:35:04 2026"
"msys","python-dulwich","1.2.12-1","False","","any","msys-package","Pure-Python implementation of the Git file formats and protocols","","spdx:Apache-2.0;OR;GPL-2.0-or-later","https://www.dulwich.io","python;python-urllib3","","","","","2.04 MiB","12.62 MiB","Mon Jul 20 17:03:10 2026"
"msys","python-editables","0.6-1","False","","any","msys-package","A Python library for creating editable wheels","","spdx:MIT","https://github.com/pfmoore/editables","python","","","","","11.27 KiB","31.93 KiB","Wed Apr 15 18:57:35 2026"
"msys","python-fastbencode","0.3.10-1","False","","x86_64","msys-package","Implementation of bencode with optional fast C extensions","","spdx:GPL-2.0-or-later","https://github.com/breezy-team/fastbencode","python","","","","","449.59 KiB","1232.64 KiB","Fri Apr 10 22:56:24 2026"
"msys","python-fastimport","0.9.16-1","False","","any","msys-package","VCS fastimport/fastexport parser","","spdx:GPL-2.0-or-later","https://pypi.python.org/pypi/fastimport/","python","","","","","75.44 KiB","379.28 KiB","Thu Jan 22 02:39:16 2026"
"msys","python-flit-core","4.0.0-1","False","","any","msys-package","Simplified packaging of Python modules (core backend)","","spdx:BSD-3-Clause","https://github.com/pypa/flit","python","","","","","95.33 KiB","449.61 KiB","Tue Jul  7 02:07:45 2026"
"msys","python-hatch-fancy-pypi-readme","25.1.0-1","False","","any","msys-package","Fancy PyPI READMEs with Hatch","","spdx:MIT","https://github.com/hynek/hatch-fancy-pypi-readme","python;python-hatchling","","","","","17.80 KiB","58.08 KiB","Sun May  4 02:28:41 2025"
"msys","python-hatch-vcs","0.5.0-1","False","","any","msys-package","Hatch plugin for versioning with your preferred VCS","","spdx:MIT","https://github.com/ofek/hatch-vcs","python-hatchling;python-setuptools-scm","","","","","12.90 KiB","37.27 KiB","Thu Jun 19 00:57:30 2025"
"msys","python-hatchling","1.30.1-1","False","","any","msys-package","A modern project, package, and virtual env manager (backend)","","spdx:MIT","https://github.com/pypa/hatch","python;python-packaging;python-pathspec;python-pluggy;python-editables;python-trove-classifiers","","","","","156.99 KiB","983.25 KiB","Tue Jul  7 02:12:05 2026"
"msys","python-idna","3.18-1","False","","any","msys-package","Internationalized Domain Names in Applications","","spdx:BSD-3-Clause","https://github.com/kjd/idna","python","","","","","83.62 KiB","640.73 KiB","Tue Jun  2 20:13:52 2026"
"msys","python-imagesize","2.0.0-1","False","","any","msys-package","Analyzes JPEG/JPEG 2000/PNG/GIF/TIFF/SVG image headers and returns image size or DPI","","spdx:MIT","https://github.com/shibukawa/imagesize_py","python","","","","","26.14 KiB","111.10 KiB","Sat Mar  7 04:13:24 2026"
"msys","python-iniconfig","2.3.0-1","False","","any","msys-package","brain-dead simple config-ini parsing","","spdx:MIT","https://github.com/pytest-dev/iniconfig","python","","","","","16.04 KiB","54.65 KiB","Sun Oct 19 19:33:35 2025"
"msys","python-installer","1.0.1-1","False","","any","msys-package","A low-level library for installing from a Python wheel distribution","","spdx:MIT","https://github.com/pypa/installer","python","","","","","42.98 KiB","186.05 KiB","Tue Jul  7 02:09:21 2026"
"msys","python-jinja","3.1.6-1","False","","x86_64","msys-package","A simple pythonic template language written in Python","","spdx:BSD-3-Clause","http://jinja.pocoo.org/","python-markupsafe","","","","","296.38 KiB","1800.54 KiB","Tue Mar 11 03:54:07 2025"
"msys","python-lxml","6.1.1-1","False","","x86_64","msys-package","Python binding for the libxml2 and libxslt libraries","","spdx:BSD-3-Clause","https://lxml.de/","python;libxslt;libxml2","","","","","1463.02 KiB","5596.35 KiB","Thu May 21 03:03:37 2026"
"msys","python-mako","1.3.12-1","False","","any","msys-package","A super-fast templating language that borrows the best ideas from the existing templating languages","","spdx:MIT","https://www.makotemplates.org/","python-markupsafe;python-beaker","","","","","167.00 KiB","975.60 KiB","Wed Apr 29 04:48:58 2026"
"msys","python-mallard-ducktype","1.0.2-6","False","","any","msys-package","Parser for the lightweight Ducktype syntax for Mallard","","spdx:MIT","http://projectmallard.org/","python","","","","","100.12 KiB","622.57 KiB","Fri Aug 16 07:23:57 2024"
"msys","python-markdown","3.10.3-1","False","","any","msys-package","Python implementation of John Gruber's Markdown","","spdx:BSD-3-Clause","https://python-markdown.github.io/","python","python-yaml","","","","182.74 KiB","1079.89 KiB","Sat Aug  1 10:30:20 2026"
"msys","python-markupsafe","3.0.3-1","False","","x86_64","msys-package","Implements a XML/HTML/XHTML Markup safe string for Python","","spdx:BSD-3-Clause","https://pypi.python.org/pypi/MarkupSafe","python","","python3-markupsafe","python3-markupsafe","python3-markupsafe","20.02 KiB","77.32 KiB","Tue Sep 30 19:31:14 2025"
"msys","python-maturin","1.12.6-1","False","","x86_64","msys-package","Build and publish crates with pyo3, rust-cpython and cffi bindings (Python bindings)","","spdx:MIT;OR;Apache-2.0","https://www.maturin.rs/","python;maturin","","","","","22.03 KiB","79.73 KiB","Sat Mar  7 04:12:42 2026"
"msys","python-merge3","0.0.16-1","False","","any","msys-package","Python implementation of 3-way merge","","spdx:GPL-2.0-or-later","https://github.com/breezy-team/merge3","python","","","","","26.18 KiB","94.38 KiB","Sun Feb  1 07:16:35 2026"
"msys","python-more-itertools","10.8.0-1","False","","any","msys-package","More routines for operating on iterables, beyond itertools","","MIT","https://github.com/more-itertools/more-itertools","python","","","","","114.43 KiB","744.82 KiB","Sat Sep  6 13:19:21 2025"
"msys","python-pacdb","0.1.0-6","False","","any","msys-package","Pure-python module to parse and read pacman sync dbs","","spdx:MIT","https://github.com/jeremyd2019/pacdb","python;python-zstandard","","","","","18.52 KiB","75.57 KiB","Thu Jan  9 02:36:38 2025"
"msys","python-packaging","26.2-1","False","","any","msys-package","Core utilities for Python packages","","spdx:BSD-2-Clause;OR;Apache-2.0","https://github.com/pypa/packaging","python","","python3-packaging","python3-packaging","python3-packaging","190.94 KiB","1130.19 KiB","Sun Apr 26 19:50:45 2026"
"msys","python-pathspec","1.1.1-1","False","","any","msys-package","Utility library for gitignore style pattern matching of file paths","","spdx:;MPL-2.0","https://github.com/cpburnz/python-pathspec","python","","","","","73.84 KiB","444.73 KiB","Mon Apr 27 19:52:54 2026"
"msys","python-patiencediff","0.2.18-1","False","","x86_64","msys-package","Patiencediff Python and C implementations","","spdx:GPL-2.0-or-later","https://github.com/breezy-team/patiencediff","python","","","","","459.76 KiB","1314.43 KiB","Thu May 28 05:33:52 2026"
"msys","python-pip","26.1.2-1","False","","any","msys-package","The PyPA recommended tool for installing Python packages","","spdx:MIT","https://pip.pypa.io/","python","","python3-pip","python3-pip","python3-pip","2.34 MiB","14.13 MiB","Mon Jun  1 17:08:49 2026"
"msys","python-pkgconfig","1.6.0-1","False","","any","msys-package","Python module to interface with the pkg-config command line tool","","spdx:MIT","https://github.com/matze/pkgconfig","python;pkgconf","","","","","12.96 KiB","41.79 KiB","Sat Mar  7 04:12:47 2026"
"msys","python-pluggy","1.6.0-1","False","","any","msys-package","Plugin and hook calling mechanisms for python","","spdx:MIT","https://github.com/pytest-dev/pluggy","python","","python3-pluggy","python3-pluggy","python3-pluggy","43.06 KiB","202.82 KiB","Mon May 19 17:16:58 2025"
"msys","python-poetry-core","2.3.2-1","False","","any","msys-package","Poetry PEP 517 Build Backend","","spdx:MIT","https://github.com/python-poetry/poetry-core","python","","","","","670.64 KiB","3802.38 KiB","Thu May 21 03:06:27 2026"
"msys","python-py3c","1.4-5","False","","x86_64","msys-package","A Python 2/3 compatibility layer for C extensions","","spdx:MIT","https://github.com/encukou/py3c","python","","","","","9.26 KiB","20.71 KiB","Fri Aug 16 07:30:25 2024"
"msys","python-pyalpm","0.10.10-3","False","","x86_64","msys-package","Libalpm bindings for Python","","GPL","https://gitlab.archlinux.org/archlinux/pyalpm","python;libarchive;libgpgme","","python3-pyalpm","python3-pyalpm","python3-pyalpm","141.73 KiB","467.12 KiB","Tue Dec 30 03:48:42 2025"
"msys","python-pycparser","3.0-1","False","","any","msys-package","C parser and AST generator written in Python","","spdx:BSD-3-Clause","https://github.com/eliben/pycparser","python","","","","","103.26 KiB","646.45 KiB","Thu Jan 22 02:41:36 2026"
"msys","python-pygments","2.20.0-1","False","","x86_64","msys-package","A syntax highlighting engine written in Python","","spdx:BSD-2-Clause","https://pygments.org/","python","","python3-pygments","python3-pygments","python3-pygments","1927.54 KiB","11898.43 KiB","Mon Mar 30 19:45:07 2026"
"msys","python-pyparsing","3.3.2-1","False","","any","msys-package","General parsing module for Python","","spdx:MIT","https://github.com/pyparsing/pyparsing/","python","","","","","232.64 KiB","1474.23 KiB","Thu Jan 22 02:36:49 2026"
"msys","python-pyproject-hooks","1.2.0-1","False","","any","msys-package","A low-level library for calling build-backends in pyproject.toml-based project","","spdx:MIT","https://github.com/pypa/pyproject-hooks","python","","","","","21.53 KiB","99.28 KiB","Mon Oct 14 00:38:09 2024"
"msys","python-pytest","8.4.2-1","False","","any","msys-package","Simple powerful testing with Python","","spdx:MIT","https://pytest.org/","python;python-attrs;python-pluggy;python-packaging;python-iniconfig;python-pygments","","python3-pytest","python3-pytest","python3-pytest","729.59 KiB","4261.60 KiB","Mon Sep  8 12:03:12 2025"
"msys","python-requests","2.34.2-1","False","","any","msys-package","Python HTTP library for humans","","spdx:Apache-2.0","https://requests.readthedocs.io/","python;python-certifi;python-charset-normalizer;python-idna;python-urllib3","","","","","136.25 KiB","711.11 KiB","Fri May 15 10:46:19 2026"
"msys","python-resolvelib","1.2.1-1","False","","any","msys-package","Resolve abstract dependencies into concrete ones","","spdx:ISC","https://github.com/sarugaku/resolvelib","python","","","","","35.10 KiB","173.90 KiB","Thu Nov  6 14:06:53 2025"
"msys","python-roman-numerals","4.1.0-1","False","","any","msys-package","Manipulate well-formed Roman numerals","","spdx:0BSD;OR;CC0-1.0","https://github.com/AA-Turner/roman-numerals/tree/master/python","python","","","","","12.49 KiB","48.09 KiB","Sun Dec 28 16:18:27 2025"
"msys","python-semantic-version","2.10.0-1","False","","any","msys-package","A library implementing the 'SemVer' scheme.","","spdx:BSD-2-Clause","https://github.com/rbarrois/python-semanticversion","python","","","","","36.12 KiB","196.79 KiB","Fri Aug 22 03:54:36 2025"
"msys","python-setuptools","83.0.0-1","False","","any","msys-package","Easily download, build, install, upgrade, and uninstall Python packages","","spdx:MIT","https://pypi.python.org/pypi/setuptools","python","","","","","1551.05 KiB","6787.62 KiB","Tue Jul  7 02:08:12 2026"
"msys","python-setuptools-gettext","0.1.18-1","False","","any","msys-package","Setuptools plugin for building .mo files","","spdx:GPL-2.0-or-later","https://github.com/breezy-team/setuptools-gettext","python;python-setuptools","","","","","27.50 KiB","102.04 KiB","Thu May 21 03:07:07 2026"
"msys","python-setuptools-rust","1.13.0-1","False","","any","msys-package","Compile and distribute Python extensions written in rust as easily as if they were written in C.","","spdx:MIT","https://github.com/PyO3/setuptools-rust","rust;python-setuptools;python-semantic-version","","","","","60.19 KiB","271.39 KiB","Tue Jul  7 02:13:48 2026"
"msys","python-setuptools-scm","9.2.2-1","False","","any","msys-package","Handles managing your python package versions in scm metadata","","spdx:MIT","https://github.com/pypa/setuptools_scm","python;python-setuptools;python-packaging;python-typing_extensions","","","","","117.27 KiB","551.31 KiB","Thu Jan 22 02:42:10 2026"
"msys","python-six","1.17.0-1","False","","any","msys-package","Python compatibility utilities","","spdx:MIT","https://pypi.python.org/pypi/six/","python","","python3-six","python3-six","python3-six","27.18 KiB","118.82 KiB","Thu Dec 26 10:37:41 2024"
"msys","python-smartypants","2.0.2-1","False","","any","msys-package","Python with the SmartyPants","","spdx:BSD-2-Clause","https://github.com/leohemsted/smartypants.py","python","","","","","15.59 KiB","63.99 KiB","Thu Jun 19 00:55:01 2025"
"msys","python-snowballstemmer","3.1.1-1","False","","any","msys-package","Snowball stemming library collection for Python","","spdx:BSD-3-Clause","https://github.com/snowballstem/snowball","python","","","","","239.15 KiB","2800.35 KiB","Wed Jun  3 12:26:00 2026"
"msys","python-sphinx","9.1.0-1","False","","any","msys-package","Python documentation generator","","spdx:BSD-2-Clause","https://www.sphinx-doc.org/","python-babel;python-colorama;python-docutils;python-imagesize;python-jinja;python-packaging;python-pygments;python-requests;python-roman-numerals;python-snowballstemmer;python-sphinx-alabaster-theme;python-sphinxcontrib-applehelp;python-sphinxcontrib-devhelp;python-sphinxcontrib-htmlhelp;python-sphinxcontrib-jsmath;python-sphinxcontrib-qthelp;python-sphinxcontrib-serializinghtml","","","","","2.44 MiB","21.65 MiB","Sat Jan 10 13:26:18 2026"
"msys","python-sphinx-alabaster-theme","1.0.0-1","False","","any","msys-package","Light, configurable Sphinx theme","","spdx:BSD-3-Clause","https://alabaster.readthedocs.io/","python","","python-alabaster","","","16.25 KiB","49.27 KiB","Sun Dec 28 16:17:08 2025"
"msys","python-sphinxcontrib-applehelp","2.0.0-1","False","","any","msys-package","Sphinx extension which outputs Apple help books","","spdx:BSD-2-Clause","https://github.com/sphinx-doc/sphinxcontrib-applehelp","python","","","","","31.45 KiB","268.08 KiB","Sun Dec 28 16:17:44 2025"
"msys","python-sphinxcontrib-devhelp","2.0.0-1","False","","any","msys-package","Sphinx extension which outputs Devhelp documents","","spdx:BSD-2-Clause","https://github.com/sphinx-doc/sphinxcontrib-devhelp","python","","","","","23.88 KiB","131.14 KiB","Sun Dec 28 16:18:52 2025"
"msys","python-sphinxcontrib-htmlhelp","2.1.0-1","False","","any","msys-package","Sphinx extension which renders HTML help files","","spdx:BSD-2-Clause","https://github.com/sphinx-doc/sphinxcontrib-htmlhelp","python","","","","","36.38 KiB","176.95 KiB","Sun Dec 28 16:18:42 2025"
"msys","python-sphinxcontrib-jsmath","1.0.1-1","False","","any","msys-package","Sphinx extension which renders display math in HTML via JavaScript","","spdx:BSD-2-Clause","https://github.com/sphinx-doc/sphinxcontrib-jsmath","python","","","","","8.82 KiB","21.19 KiB","Sun Dec 28 16:17:08 2025"
"msys","python-sphinxcontrib-qthelp","2.0.0-1","False","","any","msys-package","Sphinx extension which outputs QtHelp documents","","spdx:BSD-2-Clause","https://github.com/sphinx-doc/sphinxcontrib-wthelp","python","","","","","29.36 KiB","171.14 KiB","Sun Dec 28 16:16:36 2025"
"msys","python-sphinxcontrib-serializinghtml","2.0.0-1","False","","any","msys-package","Sphinx extension which outputs ""serialized"" HTML files (JSON and pickle)","","spdx:BSD-2-Clause","https://github.com/sphinx-doc/sphinxcontrib-serializinghtml","python","","","","","29.49 KiB","143.90 KiB","Sun Dec 28 16:16:31 2025"
"msys","python-trove-classifiers","2026.6.1.19-1","False","","any","msys-package","Canonical source for classifiers on PyPI (pypi.org)","","spdx:Apache-2.0","https://github.com/pypa/trove-classifiers","python","","","","","19.77 KiB","145.70 KiB","Tue Jun  2 20:14:31 2026"
"msys","python-typing_extensions","4.16.0-1","False","","any","msys-package","Backported and Experimental Type Hints for Python 3.8+","","spdx:PSF-2.0","https://github.com/python/typing_extensions","python","","","","","89.78 KiB","503.11 KiB","Tue Jul  7 02:12:35 2026"
"msys","python-typogrify","2.1.0-1","False","","any","msys-package","filters to make caring about typography on the web a bit easier","","spdx:BSD-3-Clause","https://github.com/justinmayer/typogrify","python;python-smartypants","","","","","23.08 KiB","104.21 KiB","Sun Jan 19 12:26:05 2025"
"msys","python-urllib3","2.7.0-1","False","","any","msys-package","HTTP library with thread-safe connection pooling and file post support","","spdx:MIT","https://github.com/urllib3/urllib3","python","","","","","230.05 KiB","1321.49 KiB","Wed May 13 21:43:15 2026"
"msys","python-uv-build","0.11.19-4","False","","x86_64","msys-package","An extremely fast Python package installer and resolver, written in Rust (python build backend)","","spdx:Apache-2.0;OR;MIT","https://github.com/astral-sh/uv","python;liblzma;libzstd","","","","","1514.00 KiB","4651.70 KiB","Sun Jun  7 14:00:32 2026"
"msys","python-wcwidth","0.3.0-1","False","","any","msys-package","Measures number of Terminal column cells of wide-character codes","","spdx:MIT","https://github.com/jquast/wcwidth","python","","","","","85.85 KiB","988.58 KiB","Thu Jan 22 02:42:46 2026"
"msys","python-yaml","6.0.3-1","False","","x86_64","msys-package","Python bindings for YAML, using fast libYAML library","","spdx:MIT","https://pyyaml.org/","python;libyaml","","","","","192.39 KiB","954.33 KiB","Wed Oct  8 01:11:47 2025"
"msys","python-zstandard","0.25.0-1","False","","x86_64","msys-package","Python bindings to the Zstandard (zstd) compression library","","spdx:BSD-3-Clause","https://github.com/indygreg/python-zstandard","python","","","","","416.46 KiB","1498.44 KiB","Sun Oct 12 22:26:32 2025"
"msys","quilt","0.69-2","False","","any","msys-package","Manage large numbers of patches","","GPL2+","https://savannah.nongnu.org/projects/quilt","bash;bzip2;diffstat;diffutils;findutils;gawk;gettext;gzip;patch;perl","","","","","738.44 KiB","1537.69 KiB","Mon Feb  2 12:47:41 2026"
"msys","rcs","5.10.1-2","False","","x86_64","msys-package","Revision Control System: manages multiple revisions of files","","GPL3","https://www.gnu.org/software/rcs/","","","","","","177.66 KiB","500.88 KiB","Mon Apr  4 03:01:07 2022"
"msys","re2c","4.4-1","False","","x86_64","msys-package","A tool for generating C-based recognizers from regular expressions","","public;domain","https://re2c.org/","gcc-libs","","","","","820.75 KiB","12827.76 KiB","Sun Dec 28 08:35:37 2025"
"msys","rebase","4.5.0-5","True","4.5.0-5","x86_64","msys-package","The Cygwin rebase distribution contains four utilities, rebase, rebaseall, peflags, and peflagsall","","custom","https://www.cygwin.com/","dash","","","","","272.67 KiB","978.42 KiB","Thu May 15 02:50:14 2025"
"msys","reflex","20260131-1","False","","x86_64","msys-package","A variant of the flex fast lexical scanner","","BSD","https://invisible-island.net/reflex","","","","","","110.09 KiB","437.54 KiB","Thu Feb  5 01:32:52 2026"
"msys","remake","4.3+dbg1.6-1","False","","x86_64","msys-package","Enhanced GNU Make - tracing, error reporting, debugging, profiling and more","","GPL3","https://github.com/rocky/remake","guile;libreadline","","","remake-git","remake-git","351.20 KiB","1399.04 KiB","Thu Dec 29 11:14:29 2022"
"msys","rhash","1.4.4-1","False","","x86_64","msys-package","Utility for verifying hash sums of files","","custom;MIT","https://sourceforge.net/projects/rhash/","librhash=1.4.4;libiconv;libintl","","","","","61.81 KiB","1180.00 KiB","Tue Sep 10 10:03:32 2024"
"msys","rlwrap","0.46.1-1","False","","x86_64","msys-package","utility that uses the GNU readline library to allow the editing of keyboard input for any command","utilities","GPL","https://github.com/hanslub42/rlwrap","libreadline","","","","","106.54 KiB","274.90 KiB","Fri Dec  2 03:36:16 2022"
"msys","rpcsvc-proto","1.4.4-1","False","","x86_64","msys-package","rpcsvc protocol definitions from glibc.","","BSD","https://github.com/thkukuk/rpcsvc-proto","libintl;libiconv","","","","","61.56 KiB","201.27 KiB","Fri Sep  8 05:10:35 2023"
"msys","rsync","3.4.4-1","False","","x86_64","msys-package","A file transfer program to keep remote files in sync","net-utils","GPL3","https://rsync.samba.org","perl;libiconv;liblz4;libopenssl;libxxhash;libzstd;popt","","","rsync2","rsync2","366.41 KiB","687.01 KiB","Mon Jun  8 03:32:46 2026"
"msys","ruby","3.4.10-1","False","","x86_64","msys-package","An object-oriented language for quick and easy programming","","spdx:Ruby;OR;BSD-2-Clause","https://www.ruby-lang.org/en/","gcc-libs;libopenssl;libffi;libxcrypt;gmp;libyaml;libgdbm;libiconv;libreadline;zlib","ruby-docs","rubygems;rake","rake","","8.75 MiB","35.47 MiB","Sat Jul 18 14:08:45 2026"
"msys","ruby-docs","3.4.10-1","False","","x86_64","msys-package","Documentation files for ruby","","spdx:Ruby;OR;BSD-2-Clause","https://www.ruby-lang.org/en/","","","","","","8.19 MiB","113.86 MiB","Sat Jul 18 14:08:45 2026"
"msys","rust","1.97.0-2","False","","x86_64","msys-package","Systems programming language focused on safety, speed and concurrency","","spdx:Apache-2.0;AND;MIT","https://www.rust-lang.org/","gcc;zlib;libzstd;libsqlite;libssh2;libgit2;libopenssl;libcurl;llvm-libs","gdb","","","","62.04 MiB","243.99 MiB","Fri Jul 10 02:31:22 2026"
"msys","scons","4.10.1-1","False","","any","msys-package","Extensible Python-based build utility","","spdx:MIT","https://scons.org/","python","","","","","2.18 MiB","23.48 MiB","Mon Nov 17 22:53:40 2025"
"msys","screenfetch","3.9.9-1","False","","any","msys-package","Bash screenshot information tool","","GPL","https://github.com/KittyKatt/screenFetch","bash","curl","","","","72.66 KiB","312.14 KiB","Fri Dec 13 13:41:09 2024"
"msys","sed","4.9-1","True","4.9-1","x86_64","msys-package","GNU stream editor","","GPL3","https://www.gnu.org/software/sed","libintl;sh","","","","","244.06 KiB","785.42 KiB","Sat Nov 19 06:44:51 2022"
"msys","setconf","0.7.7-2","False","","any","msys-package","Utility to easily change settings in configuration files","","GPL2","https://setconf.roboticoverlords.org/","python3","","","","","10.00 KiB","31.82 KiB","Sat Dec  9 13:05:43 2023"
"msys","sgml-common","0.6.3-2","False","","any","msys-package","Tools for maintaining centralized SGML catalogs.","","GPL","https://www.docbook.org/xml/","sh","","","","","42.07 KiB","187.02 KiB","Wed Dec 13 13:05:39 2023"
"msys","sharutils","4.15.2-2","False","","x86_64","msys-package","Makes so-called shell archives out of many files","","GPL3+","https://www.gnu.org/software/sharutils","perl;gettext;texinfo","","","","","951.30 KiB","5577.40 KiB","Wed Dec 13 12:07:33 2023"
"msys","shellspec","0.28.1-1","False","","any","msys-package","BDD style unit testing framework for POSIX compliant shell script","","MIT","https://shellspec.info","bash","","","","","72.62 KiB","300.37 KiB","Thu Jun  9 17:18:24 2022"
"msys","shutdown","2.0.0-1","False","","x86_64","msys-package","Shutdown, reboot, hibernate or suspend the machine","","spdx:GPL-3.0-or-later","https://cygwin.com/git/?p=cygwin-apps/shutdown.git","","","","","","12.43 KiB","132.50 KiB","Fri Feb  7 02:39:49 2025"
"msys","socat","1.8.1.3-1","False","","x86_64","msys-package","Multipurpose relay","","spdx:GPL-2.0-only","http://www.dest-unreach.org/socat/","libreadline;libopenssl","","","","","207.73 KiB","1003.16 KiB","Fri Jul  3 07:56:17 2026"
"msys","sqlite","3.53.3-1","False","","x86_64","msys-package","A C library that implements an SQL database engine","","spdx:LicenseRef-Sqlite","https://www.sqlite.org/","libreadline;zlib;tcl","","sqlite3=3.53.3","","sqlite3;sqlite-icu;sqlite-rbu","1424.14 KiB","8110.86 KiB","Mon Jun 29 02:42:02 2026"
"msys","sqlite-doc","3.53.3-1","False","","x86_64","msys-package","Most of the static HTML files that comprise Sqlite 3.53.3 website, including all of the SQL Syntax and the C/C++ interface specs and other miscellaneous documentation","","spdx:LicenseRef-Sqlite","https://www.sqlite.org/","","","sqlite3-doc=3.53.3","","","5.41 MiB","35.60 MiB","Mon Jun 29 02:42:02 2026"
"msys","sqlite-extensions","3.53.3-1","False","","x86_64","msys-package","Various extensions for the SQL database engine 3.53.3","","spdx:LicenseRef-Sqlite","https://www.sqlite.org/","sqlite=3.53.3;libsqlite=3.53.3","","","","sqlite-compress;sqlite-vfslog","313.72 KiB","1727.42 KiB","Mon Jun 29 02:42:02 2026"
"msys","squashfs-tools","4.7.5-1","False","","x86_64","msys-package","Tools for squashfs, a highly compressed read-only filesystem for Linux","","spdx:GPL-2.0-or-later","https://github.com/plougher/squashfs-tools","gcc-libs;liblz4;liblzo2;liblzma;zlib;libzstd","","","","","250.35 KiB","1424.29 KiB","Tue Mar  3 14:32:13 2026"
"msys","ssh-pageant","1.4.r15.gc804ba4-1","False","","x86_64","msys-package","An SSH authentication agent for Cygwin/MSYS to PuTTY's Pageant","","spdx:GPL-3.0-or-later","https://github.com/cuviper/ssh-pageant","","","ssh-pageant-git","ssh-pageant-git","ssh-pageant-git","26.93 KiB","66.39 KiB","Fri May 19 11:12:58 2023"
"msys","sshpass","1.10-1","False","","x86_64","msys-package","Fool ssh into accepting an interactive password non-interactively","net-utils","GPL","https://sourceforge.net/projects/sshpass/","openssh","","","","","11.26 KiB","20.38 KiB","Sun Feb 12 18:24:02 2023"
"msys","stow","2.4.1-1","False","","any","msys-package","GNU Stow is a symlink farm manager which takes distinct packages of software and/or data located in separate directories on the filesystem, and makes them appear to be installed in the same place","","GPL","https://ftp.gnu.org/gnu/stow/","perl","","","","","131.50 KiB","638.50 KiB","Tue Sep 17 01:40:14 2024"
"msys","subversion","1.14.5-3","False","","x86_64","msys-package","A Modern Concurrent Version Control System","VCS","spdx:Apache-2.0","https://subversion.apache.org/","apr;apr-util;file;gcc-libs;libbz2;libexpat;libiconv;libintl;liblz4;liblzma;libopenssl;libsasl;libserf;libsqlite;libutil-linux;libxcrypt;libzstd;zlib","bash-completion","svn","","","3.72 MiB","22.14 MiB","Thu Apr  2 15:19:25 2026"
"msys","swig","4.4.0-1","False","","x86_64","msys-package","Generate scripting interfaces to C/C++ code","","custom","https://www.swig.org/","zlib;libpcre2_8","","","","","1121.58 KiB","4917.16 KiB","Sun Feb  1 06:03:06 2026"
"msys","tar","1.35-3","True","1.35-3","x86_64","msys-package","Utility used to store, backup, and transport files","compression","GPL3","https://www.gnu.org/software/tar/tar.html","libiconv;libintl;sh","","","","","796.12 KiB","2949.49 KiB","Fri Oct 10 16:07:34 2025"
"msys","task","2.6.2-2","False","","x86_64","msys-package","A command-line todo list manager","","MIT","https://taskwarrior.org/","gcc-libs;libgnutls;libutil-linux;libhogweed","bash-completion;python;ruby;perl;perl-JSON;rsync;curl;openssh","","","","1009.91 KiB","3009.09 KiB","Fri Sep 15 11:19:10 2023"
"msys","tcl","8.6.12-3","False","","x86_64","msys-package","The Tcl scripting language","","custom","https://tcl.sourceforge.io/","zlib","","","","","1880.62 KiB","5269.89 KiB","Mon Apr 17 03:06:55 2023"
"msys","tcl-devel","8.6.12-3","False","","x86_64","msys-package","The Tcl scripting language (development files)","development","custom","https://tcl.sourceforge.io/","tcl=8.6.12","","","","","188.55 KiB","2970.68 KiB","Mon Apr 17 03:06:55 2023"
"msys","tcl-doc","8.6.12-3","False","","x86_64","msys-package","The Tcl scripting language (documentation)","","custom","https://tcl.sourceforge.io/","","","","","","498.44 KiB","491.83 KiB","Mon Apr 17 03:06:55 2023"
"msys","tcl-sqlite","3.53.3-1","False","","x86_64","msys-package","Tcl bindings for SQLite","","spdx:LicenseRef-Sqlite","https://www.sqlite.org/","libsqlite=3.53.3;tcl","","","","","772.55 KiB","1609.10 KiB","Mon Jun 29 02:42:02 2026"
"msys","tcsh","6.24.16-1","False","","x86_64","msys-package","C shell with file name completion and command line editing","","BSD","https://www.tcsh.org/","gcc-libs;libxcrypt;libiconv;ncurses","","csh","csh","","335.58 KiB","1203.99 KiB","Tue Jul 15 07:46:00 2025"
"msys","texinfo","7.2-3","False","","x86_64","msys-package","Utilities to work with and produce manuals, ASCII text, and on-line documentation from a single source file","","spdx:GPL-3.0-or-later","https://www.gnu.org/software/texinfo/","info;perl;sh","","","","","1474.93 KiB","10988.32 KiB","Thu Apr  2 15:05:11 2026"
"msys","texinfo-tex","7.2-3","False","","x86_64","msys-package","Utilities to work with and produce manuals, ASCII text, and on-line documentation from a single source file","","spdx:GPL-3.0-or-later","https://www.gnu.org/software/texinfo/","gawk;perl;sh","","","","","24.14 KiB","60.51 KiB","Thu Apr  2 15:05:11 2026"
"msys","tftp-hpa","5.2-5","False","","x86_64","msys-package","Official tftp server","","BSD","https://www.kernel.org/pub/software/network/tftp/tftp-hpa/","libreadline>=6.0.00","","","","","19.03 KiB","37.36 KiB","Thu Jan 30 02:06:28 2025"
"msys","tig","2.6.1-1","False","","x86_64","msys-package","Text-mode interface for Git","","spdx:GPL-2.0-or-later","https://jonas.github.io/tig/","git;libreadline;ncurses","","","","","218.72 KiB","720.60 KiB","Mon Jun 15 14:17:58 2026"
"msys","time","1.10-1","True","1.10-1","x86_64","msys-package","Utility for monitoring a program's use of system resources","","spdx:GPL-3.0-or-later","https://www.gnu.org/directory/time.html","","","","","","25.25 KiB","38.86 KiB","Wed Apr 15 18:55:21 2026"
"msys","tio","3.9-1","False","","x86_64","msys-package","A simple TTY terminal I/O application","","spdx:GPL-2.0-or-later","https://tio.github.io/","libinih;lua;glib2","","","","","66.36 KiB","165.64 KiB","Sat Apr 26 00:08:51 2025"
"msys","tmate","2.4.0-5","False","","x86_64","msys-package","Instant Terminal Sharing http://tmate.io/","","ISC","http://tmate.io/","libevent;ncurses;libopenssl;libssh;zlib;msgpack-c","","","","","186.48 KiB","478.76 KiB","Wed Jan 29 02:12:58 2025"
"msys","tmux","3.7.b-1","False","","x86_64","msys-package","A terminal multiplexer","","spdx:ISC","https://tmux.github.io/","ncurses;libevent","","","","tmux-git","455.88 KiB","1098.21 KiB","Sat Jul 18 12:05:54 2026"
"msys","trash","1.1-1","False","","x86_64","msys-package","Moves files and directories into the Recycle Bin of the current user","","spdx:BSD-2-Clause","https://github.com/lhmouse/msys2-trash","","","","","","7.17 KiB","14.11 KiB","Fri Jul 24 11:48:59 2026"
"msys","tree","2.3.2-1","False","","x86_64","msys-package","A directory listing program displaying a depth indented list of files","","spdx:GPL-2.0-or-later","https://oldmanprogrammer.net/source.php?dir=projects/tree","","","","","","41.50 KiB","83.21 KiB","Sun Mar 29 09:56:47 2026"
"msys","txt2html","2.5201-2","False","","x86_64","msys-package","Convert plain text files to HTML","","GPL;PerlArtistic","https://txt2html.sourceforge.net/","perl>=5.10.0;perl-Getopt-ArgvFile","","","","","64.32 KiB","210.42 KiB","Sat Feb 11 11:51:12 2023"
"msys","txt2tags","3.9-3","False","","any","msys-package","A text formatting and conversion tool.","","spdx:GPL-2.0-or-later","https://www.txt2tags.org/","python","","","","","107.21 KiB","514.69 KiB","Fri Aug 16 07:22:57 2024"
"msys","tzcode","2026c-1","True","2026b-1","x86_64","msys-package","Sources for time zone and daylight saving time data","","spdx:LicenseRef-tz","https://www.iana.org/time-zones","coreutils;gawk;sed","","","","","262.48 KiB","1044.16 KiB","Wed Jul 15 01:36:23 2026"
"msys","u-boot-tools","2025.07-3","False","","x86_64","msys-package","U-Boot Tools","","GPL2","https://github.com/u-boot/u-boot","dtc;openssl","","","","","215.81 KiB","1691.28 KiB","Sun Sep 28 13:09:12 2025"
"msys","ucl","1.03-4","False","","x86_64","msys-package","Portable lossless data compression library written in ANSI C","","GPL","https://www.oberhumer.com/opensource/ucl/","","","","","","26.06 KiB","71.43 KiB","Wed Jan 29 02:16:58 2025"
"msys","ucl-devel","1.03-4","False","","x86_64","msys-package","ucl headers and libraries","development","GPL","https://www.oberhumer.com/opensource/ucl/","ucl=1.03","","","","","25.96 KiB","142.89 KiB","Wed Jan 29 02:16:58 2025"
"msys","unrar","7.2.7-1","False","","x86_64","msys-package","The RAR uncompression program","","spdx:LicenseRef-unRAR","https://www.rarlab.com/rar_add.htm","gcc-libs","","","","","169.90 KiB","365.95 KiB","Wed Jul  1 01:04:33 2026"
"msys","unzip","6.0-3","False","","x86_64","msys-package","Unpacks .zip archives such as those made by PKZIP","compression","custom","http://www.info-zip.org/","libbz2;bash","","","","","96.21 KiB","430.42 KiB","Sat Dec  9 14:53:51 2023"
"msys","upx","5.1.1-1","False","","x86_64","msys-package","Ultimate executable compressor.","","spdx:GPL-2.0-or-later","https://upx.github.io/","ucl;zlib","","","","","699.86 KiB","2722.28 KiB","Sat Mar 14 12:45:12 2026"
"msys","util-linux","2.40.2-2","True","2.40.2-2","x86_64","msys-package","Collection of basic system utilities","","spdx:GPL-2.0-or-later","https://www.kernel.org/pub/linux/utils/util-linux/","coreutils;libutil-linux;libiconv;libreadline;libsqlite","","getopt","getopt","getopt","2.16 MiB","12.06 MiB","Tue Feb 11 05:56:59 2025"
"msys","uutils-coreutils","0.9.0-2","False","","any","msys-package","Cross-platform Rust rewrite of the GNU coreutils","","spdx:MIT","https://github.com/uutils/coreutils","gcc-libs;oniguruma","","coreutils","coreutils","","3.90 MiB","12.49 MiB","Sat Jun 13 02:27:54 2026"
"msys","vifm","0.14.4-1","False","","x86_64","msys-package","Ncurses based file manager with vi like keybindings","","spdx:GPL-2.0-or-later","https://vifm.info/","ncurses","","","","","943.31 KiB","3124.70 KiB","Tue Jun 16 18:38:29 2026"
"msys","vim","9.2.0858-1","False","","x86_64","msys-package","Vi Improved, a highly configurable, improved version of the vi text editor","editors","spdx:Vim","https://www.vim.org","ncurses;libiconv;libintl;libxcrypt;perl","","","","","9.54 MiB","61.91 MiB","Sun Jul 26 17:02:14 2026"
"msys","vimpager","2.06.r382.gce697c4-1","False","","any","msys-package","Use ViM as PAGER","","BSD","https://www.vim.org/scripts/script.php?script_id=1723","vim;sharutils","","","","","63.64 KiB","380.43 KiB","Fri Feb 14 06:11:41 2025"
"msys","w3m","0.5.3+20220429-2","False","","x86_64","msys-package","w3m is a pager with WWW capability (net-utils)","net-utils","BSD","https://w3m.sourceforge.io/","libgc;libiconv;libintl;openssl;zlib;ncurses","","","","","1446.68 KiB","2909.30 KiB","Thu Dec 22 03:24:18 2022"
"msys","wcd","6.0.7-1","False","","x86_64","msys-package","Wherever Change Directory","sys-utils","GPL","https://waterlander.net/wcd/","libintl;libunistring;ncurses","","","","","507.94 KiB","2270.56 KiB","Sat Jun  6 17:25:33 2026"
"msys","wget","1.25.0-2","True","1.25.0-1","x86_64","msys-package","A network utility to retrieve files from the Web","","GPL3","https://www.gnu.org/software/wget/","gcc-libs;libiconv;libidn2;libintl;libpcre2_8;libpsl;libuuid;libgnutls;zlib","ca-certificates","","","","759.86 KiB","3405.71 KiB","Tue Jun 16 14:37:25 2026"
"msys","which","2.25-1","True","2.25-1","x86_64","msys-package","A utility to show the full path of commands","","GPL3","https://savannah.gnu.org/projects/which/","sh","","","","","19.45 KiB","34.19 KiB","Sun May 31 16:26:20 2026"
"msys","whois","5.6.5-1","False","","x86_64","msys-package","The whois client by Marco d'Itri","","spdx:GPL-2.0-or-later","https://www.linux.it/~md/software/","libxcrypt;libidn2;libiconv;libunistring","","","","","34.05 KiB","90.39 KiB","Sun Oct 26 11:16:03 2025"
"msys","windows-default-manifest","6.4-2","False","","x86_64","msys-package","Default Windows application manifest","","BSD","https://cygwin.com/","","","","","","3.00 KiB","1.32 KiB","Sat Dec  9 13:08:59 2023"
"msys","winpty","0.4.3-3","False","","x86_64","msys-package","A Windows software package providing an interface similar to a Unix pty-master for communicating with Windows console programs","","MIT","https://github.com/rprichard/winpty","","","","","winpty-git","252.49 KiB","1090.40 KiB","Mon Sep  9 02:59:09 2024"
"msys","xdelta3","3.1.0-2","False","","x86_64","msys-package","Diff utility which works with binary files","","GPL","http://xdelta.org/","xz;liblzma","","","","","68.95 KiB","147.95 KiB","Wed Dec 13 12:03:50 2023"
"msys","xmlto","0.0.29-2","False","","x86_64","msys-package","Convert xml to many other formats","","spdx:GPL-2.0-or-later","https://pagure.io/xmlto/","libxslt","","","","","27.03 KiB","75.63 KiB","Fri Jul  3 04:23:38 2026"
"msys","xorg-util-macros","1.20.2-1","False","","any","msys-package","X.Org Autotools macros","development","custom","https://xorg.freedesktop.org/","","","util-macros","util-macros","util-macros","23.58 KiB","88.12 KiB","Mon Sep 15 19:29:11 2025"
"msys","xorgproto","2025.1-1","False","","any","msys-package","combined X.Org X11 Protocol headers","development","custom","https://xorg.freedesktop.org/","","","xproto","xproto","xproto","239.88 KiB","1452.37 KiB","Mon Dec 22 01:47:41 2025"
"msys","xorriso","1.5.6-1","False","","x86_64","msys-package","xorriso copies files from POSIX filesystems into Rock Ridge enhanced ISO 9660 filesystems and allows manipulation of such filesystems","","spdx:GPL-3.0-or-later","https://www.gnu.org/software/xorriso/","libbz2;libreadline;zlib;libiconv","","","","","983.06 KiB","6816.77 KiB","Thu Jun 15 02:56:16 2023"
"msys","xxhash","0.8.3-1","False","","x86_64","msys-package","Extremely fast non-cryptographic hash algorithm","","BSD","https://github.com/Cyan4973/xxHash","libxxhash=0.8.3","","","","","20.91 KiB","47.29 KiB","Thu Jan  9 02:37:14 2025"
"msys","xz","5.8.3-1","True","5.8.3-1","x86_64","msys-package","Library and command line tools for XZ and LZMA compressed files","compression","GPL;LGPL;custom","https://tukaani.org/xz/","liblzma;libiconv;libintl","","","","","760.50 KiB","4776.99 KiB","Tue Mar 31 23:08:03 2026"
"msys","yasm","1.3.0-3","False","","x86_64","msys-package","A rewrite of NASM to allow for multiple syntax supported (NASM, TASM, GAS, etc.)","","BSD;GPL2;LGPL2.1;PerlArtistic","https://www.tortall.net/projects/yasm/","","","","","","340.97 KiB","1934.62 KiB","Thu Dec 29 10:02:48 2022"
"msys","yasm-devel","1.3.0-3","False","","x86_64","msys-package","A rewrite of NASM to allow for multiple syntax supported (NASM, TASM, GAS, etc.)","","BSD;GPL2;LGPL2.1;PerlArtistic","https://www.tortall.net/projects/yasm/","","","","","","346.87 KiB","1362.93 KiB","Thu Dec 29 10:02:48 2022"
"msys","yelp-tools","42.1-2","False","","any","msys-package","Tools for creating Yelp documentation","","GPL","https://gitlab.gnome.org/GNOME/yelp-tools","yelp-xsl;python-lxml;itstool;docbook-xsl;python-mallard-ducktype","","","","","31.95 KiB","159.04 KiB","Sun Sep 28 11:05:59 2025"
"msys","yelp-xsl","49.0-1","False","","any","msys-package","Stylesheets for Yelp","","spdx:GPL-2.0-or-later;AND;LGPL-2.1-or-later;AND;MIT","https://gitlab.gnome.org/GNOME/yelp-xsl","","","","","","191.71 KiB","1384.89 KiB","Sun Sep 28 09:18:40 2025"
"msys","yodl","4.03.03-2","False","","x86_64","msys-package","Implements a pre-document language and tools to process it","","GPL3","https://fbb-git.gitlab.io/yodl/","bash","","","","","268.16 KiB","974.32 KiB","Tue May 26 13:42:02 2026"
"msys","zip","3.0-5","False","","x86_64","msys-package","Creates PKZIP-compatible .zip files","compression","BSD","http://www.info-zip.org/Zip.html","libbz2","","","","","150.64 KiB","473.04 KiB","Sat Jun 13 05:07:08 2026"
"msys","zlib","1.3.2-1","True","1.3.2-1","x86_64","msys-package","Compression library implementing the deflate compression method found in gzip and PKZIP","libraries","custom","https://www.zlib.net/","gcc-libs","","","","","51.02 KiB","92.51 KiB","Tue Feb 17 12:25:46 2026"
"msys","zlib-devel","1.3.2-1","False","","x86_64","msys-package","zlib headers and libraries","development","custom","https://www.zlib.net/","zlib=1.3.2","","","","","83.15 KiB","285.55 KiB","Tue Feb 17 12:25:46 2026"
"msys","znc","1.10.1-4","False","","x86_64","msys-package","An IRC bouncer with modules & scripts support","","spdx:Apache-2.0","https://znc.in/","openssl;icu","tcl","","znc-git","znc-git","3.37 MiB","17.64 MiB","Thu Apr  2 15:31:18 2026"
"msys","zsh","5.9-5","False","","x86_64","msys-package","A very advanced and programmable command interpreter (shell) for UNIX","","custom","https://www.zsh.org/","ncurses;libpcre2_8;libiconv;gdbm","","","","","2.13 MiB","6.31 MiB","Sun Feb  1 06:36:20 2026"
"msys","zsh-doc","5.9-5","False","","x86_64","msys-package","Info, HTML and PDF format of the ZSH documentation","","custom","https://www.zsh.org/","","","","","","457.15 KiB","454.95 KiB","Sun Feb  1 06:36:20 2026"
"msys","zstd","1.5.7-1","True","1.5.7-1","x86_64","msys-package","Zstandard - Fast real-time compression algorithm","libraries","BSD","https://facebook.github.io/zstd/","gcc-libs;libzstd","","","","","89.13 KiB","757.05 KiB","Thu Feb 20 01:47:43 2025"
